[?2026h[?25l[1Gpulling manifest ⠋ [K[?25h[?2026l[?2026h[?25l[1Gpulling manifest ⠙ [K[?25h[?2026l[?2026h[?25l[1Gpulling manifest ⠹ [K[?25h[?2026l[?2026h[?25l[1Gpulling manifest ⠸ [K[?25h[?2026l[?2026h[?25l[1Gpulling manifest ⠴ [K[?25h[?2026l[?2026h[?25l[1Gpulling manifest ⠴ [K[?25h[?2026l[?2026h[?25l[1Gpulling manifest ⠦ [K[?25h[?2026l[?2026h[?25l[1Gpulling manifest ⠇ [K[?25h[?2026l[?2026h[?25l[1Gpulling manifest ⠇ [K[?25h[?2026l[?2026h[?25l[1Gpulling manifest ⠏ [K[?25h[?2026l[?2026h[?25l[1Gpulling manifest ⠋ [K[?25h[?2026l[?2026h[?25l[1Gpulling manifest ⠹ [K[?25h[?2026l[?2026h[?25l[1Gpulling manifest ⠹ [K[?25h[?2026l[?2026h[?25l[1Gpulling manifest ⠼ [K[?25h[?2026l[?2026h[?25l[1Gpulling manifest ⠼ [K[?25h[?2026l[?2026h[?25l[1Gpulling manifest ⠴ [K[?25h[?2026l[?2026h[?25l[1Gpulling manifest ⠦ [K[?25h[?2026l[?2026h[?25l[1Gpulling manifest ⠇ [K[?25h[?2026l[?2026h[?25l[1Gpulling manifest ⠇ [K[?25h[?2026l[?2026h[?25l[1Gpulling manifest ⠏ [K[?25h[?2026l[?2026h[?25l[1Gpulling manifest ⠋ [K[?25h[?2026l[?2026h[?25l[1Gpulling manifest ⠙ [K[?25h[?2026l[?2026h[?25l[1Gpulling manifest ⠸ [K[?25h[?2026l[?2026h[?25l[1Gpulling manifest ⠸ [K[?25h[?2026l[?2026h[?25l[1Gpulling manifest ⠼ [K[?25h[?2026l[?2026h[?25l[1Gpulling manifest ⠴ [K[?25h[?2026l[?2026h[?25l[1Gpulling manifest ⠦ [K[?25h[?2026l[?2026h[?25l[1Gpulling manifest ⠧ [K[?25h[?2026l[?2026h[?25l[1Gpulling manifest ⠇ [K[?25h[?2026l[?2026h[?25l[1Gpulling manifest ⠏ [K[?25h[?2026l[?2026h[?25l[1Gpulling manifest [K
pulling 96c415656d37:   0% ▕                  ▏ 322 KB/4.7 GB                  [K[?25h[?2026l[?2026h[?25l[A[1Gpulling manifest [K
pulling 96c415656d37:   0% ▕                  ▏ 494 KB/4.7 GB                  [K[?25h[?2026l[?2026h[?25l[A[1Gpulling manifest [K
pulling 96c415656d37:   0% ▕                  ▏ 715 KB/4.7 GB                  [K[?25h[?2026l[?2026h[?25l[A[1Gpulling manifest [K
pulling 96c415656d37:   0% ▕                  ▏ 1.5 MB/4.7 GB                  [K[?25h[?2026l[?2026h[?25l[A[1Gpulling manifest [K
pulling 96c415656d37:   0% ▕                  ▏ 2.3 MB/4.7 GB                  [K[?25h[?2026l[?2026h[?25l[A[1Gpulling manifest [K
pulling 96c415656d37:   0% ▕                  ▏ 3.0 MB/4.7 GB                  [K[?25h[?2026l[?2026h[?25l[A[1Gpulling manifest [K
pulling 96c415656d37:   0% ▕                  ▏ 3.9 MB/4.7 GB                  [K[?25h[?2026l[?2026h[?25l[A[1Gpulling manifest [K
pulling 96c415656d37:   0% ▕                  ▏ 4.0 MB/4.7 GB                  [K[?25h[?2026l[?2026h[?25l[A[1Gpulling manifest [K
pulling 96c415656d37:   0% ▕                  ▏ 4.1 MB/4.7 GB                  [K[?25h[?2026l[?2026h[?25l[A[1Gpulling manifest [K
pulling 96c415656d37:   0% ▕                  ▏ 5.7 MB/4.7 GB                  [K[?25h[?2026l[?2026h[?25l[A[1Gpulling manifest [K
pulling 96c415656d37:   0% ▕                  ▏ 7.7 MB/4.7 GB  7.4 MB/s  10m30s[K[?25h[?2026l[?2026h[?25l[A[1Gpulling manifest [K
pulling 96c415656d37:   0% ▕                  ▏  10 MB/4.7 GB  7.4 MB/s  10m30s[K[?25h[?2026l[?2026h[?25l[A[1Gpulling manifest [K
pulling 96c415656d37:   0% ▕                  ▏  17 MB/4.7 GB  7.4 MB/s  10m29s[K[?25h[?2026l[?2026h[?25l[A[1Gpulling manifest [K
pulling 96c415656d37:   0% ▕                  ▏  23 MB/4.7 GB  7.4 MB/s  10m28s[K[?25h[?2026l[?2026h[?25l[A[1Gpulling manifest [K
pulling 96c415656d37:   1% ▕                  ▏  26 MB/4.7 GB  7.4 MB/s  10m28s[K[?25h[?2026l[?2026h[?25l[A[1Gpulling manifest [K
pulling 96c415656d37:   1% ▕                  ▏  38 MB/4.7 GB  7.4 MB/s  10m26s[K[?25h[?2026l[?2026h[?25l[A[1Gpulling manifest [K
pulling 96c415656d37:   1% ▕                  ▏  43 MB/4.7 GB  7.4 MB/s  10m25s[K[?25h[?2026l[?2026h[?25l[A[1Gpulling manifest [K
pulling 96c415656d37:   1% ▕                  ▏  43 MB/4.7 GB  7.4 MB/s  10m25s[K[?25h[?2026l[?2026h[?25l[A[1Gpulling manifest [K
pulling 96c415656d37:   1% ▕                  ▏  43 MB/4.7 GB  7.4 MB/s  10m25s[K[?25h[?2026l[?2026h[?25l[A[1Gpulling manifest [K
pulling 96c415656d37:   1% ▕                  ▏  43 MB/4.7 GB  7.4 MB/s  10m25s[K[?25h[?2026l[?2026h[?25l[A[1Gpulling manifest [K
pulling 96c415656d37:   1% ▕                  ▏  45 MB/4.7 GB  7.4 MB/s  10m25s[K[?25h[?2026l[?2026h[?25l[A[1Gpulling manifest [K
pulling 96c415656d37:   1% ▕                  ▏  49 MB/4.7 GB   24 MB/s   3m10s[K[?25h[?2026l[?2026h[?25l[A[1Gpulling manifest [K
pulling 96c415656d37:   1% ▕                  ▏  49 MB/4.7 GB   24 MB/s   3m10s[K[?25h[?2026l[?2026h[?25l[A[1Gpulling manifest [K
pulling 96c415656d37:   1% ▕                  ▏  50 MB/4.7 GB   24 MB/s   3m10s[K[?25h[?2026l[?2026h[?25l[A[1Gpulling manifest [K
pulling 96c415656d37:   1% ▕                  ▏  50 MB/4.7 GB   24 MB/s   3m10s[K[?25h[?2026l[?2026h[?25l[A[1Gpulling manifest [K
pulling 96c415656d37:   1% ▕                  ▏  51 MB/4.7 GB   24 MB/s   3m10s[K[?25h[?2026l[?2026h[?25l[A[1Gpulling manifest [K
pulling 96c415656d37:   1% ▕                  ▏  51 MB/4.7 GB   24 MB/s   3m10s[K[?25h[?2026l[?2026h[?25l[A[1Gpulling manifest [K
pulling 96c415656d37:   1% ▕                  ▏  53 MB/4.7 GB   24 MB/s   3m10s[K[?25h[?2026l[?2026h[?25l[A[1Gpulling manifest [K
pulling 96c415656d37:   1% ▕                  ▏  54 MB/4.7 GB   24 MB/s   3m10s[K[?25h[?2026l[?2026h[?25l[A[1Gpulling manifest [K
pulling 96c415656d37:   1% ▕                  ▏  55 MB/4.7 GB   24 MB/s   3m10s[K[?25h[?2026l[?2026h[?25l[A[1Gpulling manifest [K
pulling 96c415656d37:   1% ▕                  ▏  56 MB/4.7 GB   24 MB/s   3m10s[K[?25h[?2026l[?2026h[?25l[A[1Gpulling manifest [K
pulling 96c415656d37:   1% ▕                  ▏  60 MB/4.7 GB   19 MB/s   3m58s[K[?25h[?2026l[?2026h[?25l[A[1Gpulling manifest [K
pulling 96c415656d37:   1% ▕                  ▏  61 MB/4.7 GB   19 MB/s   3m58s[K[?25h[?2026l[?2026h[?25l[A[1Gpulling manifest [K
pulling 96c415656d37:   1% ▕                  ▏  63 MB/4.7 GB   19 MB/s   3m58s[K[?25h[?2026l[?2026h[?25l[A[1Gpulling manifest [K
pulling 96c415656d37:   1% ▕                  ▏  64 MB/4.7 GB   19 MB/s   3m58s[K[?25h[?2026l[?2026h[?25l[A[1Gpulling manifest [K
pulling 96c415656d37:   1% ▕                  ▏  65 MB/4.7 GB   19 MB/s   3m58s[K[?25h[?2026l[?2026h[?25l[A[1Gpulling manifest [K
pulling 96c415656d37:   1% ▕                  ▏  65 MB/4.7 GB   19 MB/s   3m58s[K[?25h[?2026l[?2026h[?25l[A[1Gpulling manifest [K
pulling 96c415656d37:   1% ▕                  ▏  69 MB/4.7 GB   19 MB/s   3m57s[K[?25h[?2026l[?2026h[?25l[A[1Gpulling manifest [K
pulling 96c415656d37:   2% ▕                  ▏  70 MB/4.7 GB   19 MB/s   3m57s[K[?25h[?2026l[?2026h[?25l[A[1Gpulling manifest [K
pulling 96c415656d37:   2% ▕                  ▏  71 MB/4.7 GB   19 MB/s   3m57s[K[?25h[?2026l[?2026h[?25l[A[1Gpulling manifest [K
pulling 96c415656d37:   2% ▕                  ▏  75 MB/4.7 GB   19 MB/s   3m57s[K[?25h[?2026l[?2026h[?25l[A[1Gpulling manifest [K
pulling 96c415656d37:   2% ▕                  ▏  77 MB/4.7 GB   19 MB/s   3m59s[K[?25h[?2026l[?2026h[?25l[A[1Gpulling manifest [K
pulling 96c415656d37:   2% ▕                  ▏  81 MB/4.7 GB   19 MB/s   3m58s[K[?25h[?2026l[?2026h[?25l[A[1Gpulling manifest [K
pulling 96c415656d37:   2% ▕                  ▏  85 MB/4.7 GB   19 MB/s   3m58s[K[?25h[?2026l[?2026h[?25l[A[1Gpulling manifest [K
pulling 96c415656d37:   2% ▕                  ▏  89 MB/4.7 GB   19 MB/s   3m58s[K[?25h[?2026l[?2026h[?25l[A[1Gpulling manifest [K
pulling 96c415656d37:   2% ▕                  ▏  96 MB/4.7 GB   19 MB/s   3m58s[K[?25h[?2026l[?2026h[?25l[A[1Gpulling manifest [K
pulling 96c415656d37:   2% ▕                  ▏  99 MB/4.7 GB   19 MB/s   3m57s[K[?25h[?2026l[?2026h[?25l[A[1Gpulling manifest [K
pulling 96c415656d37:   2% ▕                  ▏ 101 MB/4.7 GB   19 MB/s   3m57s[K[?25h[?2026l[?2026h[?25l[A[1Gpulling manifest [K
pulling 96c415656d37:   2% ▕                  ▏ 104 MB/4.7 GB   19 MB/s   3m57s[K[?25h[?2026l[?2026h[?25l[A[1Gpulling manifest [K
pulling 96c415656d37:   2% ▕                  ▏ 109 MB/4.7 GB   19 MB/s   3m57s[K[?25h[?2026l[?2026h[?25l[A[1Gpulling manifest [K
pulling 96c415656d37:   2% ▕                  ▏ 111 MB/4.7 GB   19 MB/s   3m57s[K[?25h[?2026l[?2026h[?25l[A[1Gpulling manifest [K
pulling 96c415656d37:   2% ▕                  ▏ 112 MB/4.7 GB   22 MB/s   3m22s[K[?25h[?2026l[?2026h[?25l[A[1Gpulling manifest [K
pulling 96c415656d37:   2% ▕                  ▏ 115 MB/4.7 GB   22 MB/s   3m22s[K[?25h[?2026l[?2026h[?25l[A[1Gpulling manifest [K
pulling 96c415656d37:   2% ▕                  ▏ 116 MB/4.7 GB   22 MB/s   3m22s[K[?25h[?2026l[?2026h[?25l[A[1Gpulling manifest [K
pulling 96c415656d37:   3% ▕                  ▏ 119 MB/4.7 GB   22 MB/s   3m22s[K[?25h[?2026l[?2026h[?25l[A[1Gpulling manifest [K
pulling 96c415656d37:   3% ▕                  ▏ 122 MB/4.7 GB   22 MB/s   3m22s[K[?25h[?2026l[?2026h[?25l[A[1Gpulling manifest [K
pulling 96c415656d37:   3% ▕                  ▏ 123 MB/4.7 GB   22 MB/s   3m22s[K[?25h[?2026l[?2026h[?25l[A[1Gpulling manifest [K
pulling 96c415656d37:   3% ▕                  ▏ 126 MB/4.7 GB   22 MB/s   3m22s[K[?25h[?2026l[?2026h[?25l[A[1Gpulling manifest [K
pulling 96c415656d37:   3% ▕                  ▏ 129 MB/4.7 GB   22 MB/s   3m22s[K[?25h[?2026l[?2026h[?25l[A[1Gpulling manifest [K
pulling 96c415656d37:   3% ▕                  ▏ 131 MB/4.7 GB   22 MB/s   3m22s[K[?25h[?2026l[?2026h[?25l[A[1Gpulling manifest [K
pulling 96c415656d37:   3% ▕                  ▏ 134 MB/4.7 GB   22 MB/s   3m21s[K[?25h[?2026l[?2026h[?25l[A[1Gpulling manifest [K
pulling 96c415656d37:   3% ▕                  ▏ 138 MB/4.7 GB   23 MB/s   3m17s[K[?25h[?2026l[?2026h[?25l[A[1Gpulling manifest [K
pulling 96c415656d37:   3% ▕                  ▏ 139 MB/4.7 GB   23 MB/s   3m17s[K[?25h[?2026l[?2026h[?25l[A[1Gpulling manifest [K
pulling 96c415656d37:   3% ▕                  ▏ 145 MB/4.7 GB   23 MB/s   3m16s[K[?25h[?2026l[?2026h[?25l[A[1Gpulling manifest [K
pulling 96c415656d37:   3% ▕                  ▏ 147 MB/4.7 GB   23 MB/s   3m16s[K[?25h[?2026l[?2026h[?25l[A[1Gpulling manifest [K
pulling 96c415656d37:   3% ▕                  ▏ 150 MB/4.7 GB   23 MB/s   3m16s[K[?25h[?2026l[?2026h[?25l[A[1Gpulling manifest [K
pulling 96c415656d37:   3% ▕                  ▏ 152 MB/4.7 GB   23 MB/s   3m16s[K[?25h[?2026l[?2026h[?25l[A[1Gpulling manifest [K
pulling 96c415656d37:   3% ▕                  ▏ 154 MB/4.7 GB   23 MB/s   3m16s[K[?25h[?2026l[?2026h[?25l[A[1Gpulling manifest [K
pulling 96c415656d37:   3% ▕                  ▏ 155 MB/4.7 GB   23 MB/s   3m16s[K[?25h[?2026l[?2026h[?25l[A[1Gpulling manifest [K
pulling 96c415656d37:   3% ▕                  ▏ 157 MB/4.7 GB   23 MB/s   3m16s[K[?25h[?2026l[?2026h[?25l[A[1Gpulling manifest [K
pulling 96c415656d37:   3% ▕                  ▏ 159 MB/4.7 GB   23 MB/s   3m16s[K[?25h[?2026l[?2026h[?25l[A[1Gpulling manifest [K
pulling 96c415656d37:   3% ▕                  ▏ 160 MB/4.7 GB   23 MB/s   3m16s[K[?25h[?2026l[?2026h[?25l[A[1Gpulling manifest [K
pulling 96c415656d37:   3% ▕                  ▏ 163 MB/4.7 GB   23 MB/s   3m15s[K[?25h[?2026l[?2026h[?25l[A[1Gpulling manifest [K
pulling 96c415656d37:   4% ▕                  ▏ 165 MB/4.7 GB   23 MB/s   3m15s[K[?25h[?2026l[?2026h[?25l[A[1Gpulling manifest [K
pulling 96c415656d37:   4% ▕                  ▏ 166 MB/4.7 GB   23 MB/s   3m15s[K[?25h[?2026l[?2026h[?25l[A[1Gpulling manifest [K
pulling 96c415656d37:   4% ▕                  ▏ 168 MB/4.7 GB   23 MB/s   3m15s[K[?25h[?2026l[?2026h[?25l[A[1Gpulling manifest [K
pulling 96c415656d37:   4% ▕                  ▏ 173 MB/4.7 GB   23 MB/s   3m14s[K[?25h[?2026l[?2026h[?25l[A[1Gpulling manifest [K
pulling 96c415656d37:   4% ▕                  ▏ 175 MB/4.7 GB   23 MB/s   3m14s[K[?25h[?2026l[?2026h[?25l[A[1Gpulling manifest [K
pulling 96c415656d37:   4% ▕                  ▏ 178 MB/4.7 GB   23 MB/s   3m14s[K[?25h[?2026l[?2026h[?25l[A[1Gpulling manifest [K
pulling 96c415656d37:   4% ▕                  ▏ 181 MB/4.7 GB   23 MB/s   3m14s[K[?25h[?2026l[?2026h[?25l[A[1Gpulling manifest [K
pulling 96c415656d37:   4% ▕                  ▏ 181 MB/4.7 GB   23 MB/s   3m14s[K[?25h[?2026l[?2026h[?25l[A[1Gpulling manifest [K
pulling 96c415656d37:   4% ▕                  ▏ 183 MB/4.7 GB   23 MB/s   3m14s[K[?25h[?2026l[?2026h[?25l[A[1Gpulling manifest [K
pulling 96c415656d37:   4% ▕                  ▏ 186 MB/4.7 GB   23 MB/s   3m14s[K[?25h[?2026l[?2026h[?25l[A[1Gpulling manifest [K
pulling 96c415656d37:   4% ▕                  ▏ 188 MB/4.7 GB   23 MB/s   3m14s[K[?25h[?2026l[?2026h[?25l[A[1Gpulling manifest [K
pulling 96c415656d37:   4% ▕                  ▏ 190 MB/4.7 GB   23 MB/s   3m14s[K[?25h[?2026l[?2026h[?25l[A[1Gpulling manifest [K
pulling 96c415656d37:   4% ▕                  ▏ 194 MB/4.7 GB   23 MB/s   3m14s[K[?25h[?2026l[?2026h[?25l[A[1Gpulling manifest [K
pulling 96c415656d37:   4% ▕                  ▏ 194 MB/4.7 GB   23 MB/s   3m13s[K[?25h[?2026l[?2026h[?25l[A[1Gpulling manifest [K
pulling 96c415656d37:   4% ▕                  ▏ 197 MB/4.7 GB   23 MB/s   3m13s[K[?25h[?2026l[?2026h[?25l[A[1Gpulling manifest [K
pulling 96c415656d37:   4% ▕                  ▏ 200 MB/4.7 GB   23 MB/s   3m13s[K[?25h[?2026l[?2026h[?25l[A[1Gpulling manifest [K
pulling 96c415656d37:   4% ▕                  ▏ 201 MB/4.7 GB   23 MB/s   3m13s[K[?25h[?2026l[?2026h[?25l[A[1Gpulling manifest [K
pulling 96c415656d37:   4% ▕                  ▏ 203 MB/4.7 GB   23 MB/s   3m13s[K[?25h[?2026l[?2026h[?25l[A[1Gpulling manifest [K
pulling 96c415656d37:   4% ▕                  ▏ 205 MB/4.7 GB   23 MB/s   3m13s[K[?25h[?2026l[?2026h[?25l[A[1Gpulling manifest [K
pulling 96c415656d37:   4% ▕                  ▏ 205 MB/4.7 GB   22 MB/s   3m16s[K[?25h[?2026l[?2026h[?25l[A[1Gpulling manifest [K
pulling 96c415656d37:   4% ▕                  ▏ 208 MB/4.7 GB   22 MB/s   3m16s[K[?25h[?2026l[?2026h[?25l[A[1Gpulling manifest [K
pulling 96c415656d37:   5% ▕                  ▏ 212 MB/4.7 GB   22 MB/s   3m15s[K[?25h[?2026l[?2026h[?25l[A[1Gpulling manifest [K
pulling 96c415656d37:   5% ▕                  ▏ 212 MB/4.7 GB   22 MB/s   3m15s[K[?25h[?2026l[?2026h[?25l[A[1Gpulling manifest [K
pulling 96c415656d37:   5% ▕                  ▏ 215 MB/4.7 GB   22 MB/s   3m15s[K[?25h[?2026l[?2026h[?25l[A[1Gpulling manifest [K
pulling 96c415656d37:   5% ▕                  ▏ 221 MB/4.7 GB   22 MB/s   3m15s[K[?25h[?2026l[?2026h[?25l[A[1Gpulling manifest [K
pulling 96c415656d37:   5% ▕                  ▏ 222 MB/4.7 GB   22 MB/s   3m15s[K[?25h[?2026l[?2026h[?25l[A[1Gpulling manifest [K
pulling 96c415656d37:   5% ▕                  ▏ 224 MB/4.7 GB   22 MB/s   3m15s[K[?25h[?2026l[?2026h[?25l[A[1Gpulling manifest [K
pulling 96c415656d37:   5% ▕                  ▏ 228 MB/4.7 GB   22 MB/s   3m15s[K[?25h[?2026l[?2026h[?25l[A[1Gpulling manifest [K
pulling 96c415656d37:   5% ▕                  ▏ 229 MB/4.7 GB   22 MB/s   3m15s[K[?25h[?2026l[?2026h[?25l[A[1Gpulling manifest [K
pulling 96c415656d37:   5% ▕                  ▏ 232 MB/4.7 GB   24 MB/s   2m58s[K[?25h[?2026l[?2026h[?25l[A[1Gpulling manifest [K
pulling 96c415656d37:   5% ▕                  ▏ 234 MB/4.7 GB   24 MB/s   2m58s[K[?25h[?2026l[?2026h[?25l[A[1Gpulling manifest [K
pulling 96c415656d37:   5% ▕                  ▏ 235 MB/4.7 GB   24 MB/s   2m58s[K[?25h[?2026l[?2026h[?25l[A[1Gpulling manifest [K
pulling 96c415656d37:   5% ▕                  ▏ 240 MB/4.7 GB   24 MB/s   2m58s[K[?25h[?2026l[?2026h[?25l[A[1Gpulling manifest [K
pulling 96c415656d37:   5% ▕                  ▏ 245 MB/4.7 GB   24 MB/s   2m57s[K[?25h[?2026l[?2026h[?25l[A[1Gpulling manifest [K
pulling 96c415656d37:   5% ▕                  ▏ 246 MB/4.7 GB   24 MB/s   2m57s[K[?25h[?2026l[?2026h[?25l[A[1Gpulling manifest [K
pulling 96c415656d37:   5% ▕                  ▏ 249 MB/4.7 GB   24 MB/s   2m57s[K[?25h[?2026l[?2026h[?25l[A[1Gpulling manifest [K
pulling 96c415656d37:   5% ▕                  ▏ 253 MB/4.7 GB   24 MB/s   2m57s[K[?25h[?2026l[?2026h[?25l[A[1Gpulling manifest [K
pulling 96c415656d37:   5% ▕                  ▏ 254 MB/4.7 GB   24 MB/s   2m57s[K[?25h[?2026l[?2026h[?25l[A[1Gpulling manifest [K
pulling 96c415656d37:   5% ▕                  ▏ 256 MB/4.7 GB   24 MB/s   2m57s[K[?25h[?2026l[?2026h[?25l[A[1Gpulling manifest [K
pulling 96c415656d37:   6% ▕                  ▏ 258 MB/4.7 GB   23 MB/s   3m10s[K[?25h[?2026l[?2026h[?25l[A[1Gpulling manifest [K
pulling 96c415656d37:   6% ▕                  ▏ 258 MB/4.7 GB   23 MB/s   3m10s[K[?25h[?2026l[?2026h[?25l[A[1Gpulling manifest [K
pulling 96c415656d37:   6% ▕█                 ▏ 260 MB/4.7 GB   23 MB/s   3m10s[K[?25h[?2026l[?2026h[?25l[A[1Gpulling manifest [K
pulling 96c415656d37:   6% ▕█                 ▏ 262 MB/4.7 GB   23 MB/s   3m10s[K[?25h[?2026l[?2026h[?25l[A[1Gpulling manifest [K
pulling 96c415656d37:   6% ▕█                 ▏ 263 MB/4.7 GB   23 MB/s   3m10s[K[?25h[?2026l[?2026h[?25l[A[1Gpulling manifest [K
pulling 96c415656d37:   6% ▕█                 ▏ 267 MB/4.7 GB   23 MB/s   3m10s[K[?25h[?2026l[?2026h[?25l[A[1Gpulling manifest [K
pulling 96c415656d37:   6% ▕█                 ▏ 272 MB/4.7 GB   23 MB/s    3m9s[K[?25h[?2026l[?2026h[?25l[A[1Gpulling manifest [K
pulling 96c415656d37:   6% ▕█                 ▏ 275 MB/4.7 GB   23 MB/s    3m9s[K[?25h[?2026l[?2026h[?25l[A[1Gpulling manifest [K
pulling 96c415656d37:   6% ▕█                 ▏ 280 MB/4.7 GB   23 MB/s    3m9s[K[?25h[?2026l[?2026h[?25l[A[1Gpulling manifest [K
pulling 96c415656d37:   6% ▕█                 ▏ 284 MB/4.7 GB   23 MB/s    3m9s[K[?25h[?2026l[?2026h[?25l[A[1Gpulling manifest [K
pulling 96c415656d37:   6% ▕█                 ▏ 285 MB/4.7 GB   23 MB/s    3m9s[K[?25h[?2026l[?2026h[?25l[A[1Gpulling manifest [K
pulling 96c415656d37:   6% ▕█                 ▏ 288 MB/4.7 GB   25 MB/s   2m52s[K[?25h[?2026l[?2026h[?25l[A[1Gpulling manifest [K
pulling 96c415656d37:   6% ▕█                 ▏ 289 MB/4.7 GB   25 MB/s   2m52s[K[?25h[?2026l[?2026h[?25l[A[1Gpulling manifest [K
pulling 96c415656d37:   6% ▕█                 ▏ 289 MB/4.7 GB   25 MB/s   2m52s[K[?25h[?2026l[?2026h[?25l[A[1Gpulling manifest [K
pulling 96c415656d37:   6% ▕█                 ▏ 291 MB/4.7 GB   25 MB/s   2m52s[K[?25h[?2026l[?2026h[?25l[A[1Gpulling manifest [K
pulling 96c415656d37:   6% ▕█                 ▏ 296 MB/4.7 GB   25 MB/s   2m52s[K[?25h[?2026l[?2026h[?25l[A[1Gpulling manifest [K
pulling 96c415656d37:   6% ▕█                 ▏ 297 MB/4.7 GB   25 MB/s   2m51s[K[?25h[?2026l[?2026h[?25l[A[1Gpulling manifest [K
pulling 96c415656d37:   6% ▕█                 ▏ 302 MB/4.7 GB   25 MB/s   2m51s[K[?25h[?2026l[?2026h[?25l[A[1Gpulling manifest [K
pulling 96c415656d37:   7% ▕█                 ▏ 307 MB/4.7 GB   25 MB/s   2m51s[K[?25h[?2026l[?2026h[?25l[A[1Gpulling manifest [K
pulling 96c415656d37:   7% ▕█                 ▏ 311 MB/4.7 GB   25 MB/s   2m51s[K[?25h[?2026l[?2026h[?25l[A[1Gpulling manifest [K
pulling 96c415656d37:   7% ▕█                 ▏ 315 MB/4.7 GB   25 MB/s   2m51s[K[?25h[?2026l[?2026h[?25l[A[1Gpulling manifest [K
pulling 96c415656d37:   7% ▕█                 ▏ 317 MB/4.7 GB   26 MB/s   2m44s[K[?25h[?2026l[?2026h[?25l[A[1Gpulling manifest [K
pulling 96c415656d37:   7% ▕█                 ▏ 318 MB/4.7 GB   26 MB/s   2m44s[K[?25h[?2026l[?2026h[?25l[A[1Gpulling manifest [K
pulling 96c415656d37:   7% ▕█                 ▏ 319 MB/4.7 GB   26 MB/s   2m44s[K[?25h[?2026l[?2026h[?25l[A[1Gpulling manifest [K
pulling 96c415656d37:   7% ▕█                 ▏ 319 MB/4.7 GB   26 MB/s   2m44s[K[?25h[?2026l[?2026h[?25l[A[1Gpulling manifest [K
pulling 96c415656d37:   7% ▕█                 ▏ 319 MB/4.7 GB   26 MB/s   2m44s[K[?25h[?2026l[?2026h[?25l[A[1Gpulling manifest [K
pulling 96c415656d37:   7% ▕█                 ▏ 320 MB/4.7 GB   26 MB/s   2m44s[K[?25h[?2026l[?2026h[?25l[A[1Gpulling manifest [K
pulling 96c415656d37:   7% ▕█                 ▏ 322 MB/4.7 GB   26 MB/s   2m44s[K[?25h[?2026l[?2026h[?25l[A[1Gpulling manifest [K
pulling 96c415656d37:   7% ▕█                 ▏ 323 MB/4.7 GB   26 MB/s   2m44s[K[?25h[?2026l[?2026h[?25l[A[1Gpulling manifest [K
pulling 96c415656d37:   7% ▕█                 ▏ 324 MB/4.7 GB   26 MB/s   2m44s[K[?25h[?2026l[?2026h[?25l[A[1Gpulling manifest [K
pulling 96c415656d37:   7% ▕█                 ▏ 325 MB/4.7 GB   26 MB/s   2m44s[K[?25h[?2026l[?2026h[?25l[A[1Gpulling manifest [K
pulling 96c415656d37:   7% ▕█                 ▏ 326 MB/4.7 GB   23 MB/s    3m3s[K[?25h[?2026l[?2026h[?25l[A[1Gpulling manifest [K
pulling 96c415656d37:   7% ▕█                 ▏ 327 MB/4.7 GB   23 MB/s    3m3s[K[?25h[?2026l[?2026h[?25l[A[1Gpulling manifest [K
pulling 96c415656d37:   7% ▕█                 ▏ 332 MB/4.7 GB   23 MB/s    3m3s[K[?25h[?2026l[?2026h[?25l[A[1Gpulling manifest [K
pulling 96c415656d37:   7% ▕█                 ▏ 332 MB/4.7 GB   23 MB/s    3m3s[K[?25h[?2026l[?2026h[?25l[A[1Gpulling manifest [K
pulling 96c415656d37:   7% ▕█                 ▏ 333 MB/4.7 GB   23 MB/s    3m3s[K[?25h[?2026l[?2026h[?25l[A[1Gpulling manifest [K
pulling 96c415656d37:   7% ▕█                 ▏ 335 MB/4.7 GB   23 MB/s    3m3s[K[?25h[?2026l[?2026h[?25l[A[1Gpulling manifest [K
pulling 96c415656d37:   7% ▕█                 ▏ 338 MB/4.7 GB   23 MB/s    3m3s[K[?25h[?2026l[?2026h[?25l[A[1Gpulling manifest [K
pulling 96c415656d37:   7% ▕█                 ▏ 340 MB/4.7 GB   23 MB/s    3m3s[K[?25h[?2026l[?2026h[?25l[A[1Gpulling manifest [K
pulling 96c415656d37:   7% ▕█                 ▏ 341 MB/4.7 GB   23 MB/s    3m3s[K[?25h[?2026l[?2026h[?25l[A[1Gpulling manifest [K
pulling 96c415656d37:   7% ▕█                 ▏ 342 MB/4.7 GB   23 MB/s    3m2s[K[?25h[?2026l[?2026h[?25l[A[1Gpulling manifest [K
pulling 96c415656d37:   7% ▕█                 ▏ 344 MB/4.7 GB   22 MB/s    3m9s[K[?25h[?2026l[?2026h[?25l[A[1Gpulling manifest [K
pulling 96c415656d37:   7% ▕█                 ▏ 347 MB/4.7 GB   22 MB/s    3m9s[K[?25h[?2026l[?2026h[?25l[A[1Gpulling manifest [K
pulling 96c415656d37:   7% ▕█                 ▏ 348 MB/4.7 GB   22 MB/s    3m9s[K[?25h[?2026l[?2026h[?25l[A[1Gpulling manifest [K
pulling 96c415656d37:   8% ▕█                 ▏ 352 MB/4.7 GB   22 MB/s    3m9s[K[?25h[?2026l[?2026h[?25l[A[1Gpulling manifest [K
pulling 96c415656d37:   8% ▕█                 ▏ 357 MB/4.7 GB   22 MB/s    3m9s[K[?25h[?2026l[?2026h[?25l[A[1Gpulling manifest [K
pulling 96c415656d37:   8% ▕█                 ▏ 360 MB/4.7 GB   22 MB/s    3m9s[K[?25h[?2026l[?2026h[?25l[A[1Gpulling manifest [K
pulling 96c415656d37:   8% ▕█                 ▏ 364 MB/4.7 GB   22 MB/s    3m9s[K[?25h[?2026l[?2026h[?25l[A[1Gpulling manifest [K
pulling 96c415656d37:   8% ▕█                 ▏ 368 MB/4.7 GB   22 MB/s    3m8s[K[?25h[?2026l[?2026h[?25l[A[1Gpulling manifest [K
pulling 96c415656d37:   8% ▕█                 ▏ 370 MB/4.7 GB   22 MB/s    3m8s[K[?25h[?2026l[?2026h[?25l[A[1Gpulling manifest [K
pulling 96c415656d37:   8% ▕█                 ▏ 373 MB/4.7 GB   22 MB/s    3m8s[K[?25h[?2026l[?2026h[?25l[A[1Gpulling manifest [K
pulling 96c415656d37:   8% ▕█                 ▏ 375 MB/4.7 GB   23 MB/s    3m1s[K[?25h[?2026l[?2026h[?25l[A[1Gpulling manifest [K
pulling 96c415656d37:   8% ▕█                 ▏ 376 MB/4.7 GB   23 MB/s    3m1s[K[?25h[?2026l[?2026h[?25l[A[1Gpulling manifest [K
pulling 96c415656d37:   8% ▕█                 ▏ 381 MB/4.7 GB   23 MB/s    3m1s[K[?25h[?2026l[?2026h[?25l[A[1Gpulling manifest [K
pulling 96c415656d37:   8% ▕█                 ▏ 384 MB/4.7 GB   23 MB/s    3m1s[K[?25h[?2026l[?2026h[?25l[A[1Gpulling manifest [K
pulling 96c415656d37:   8% ▕█                 ▏ 385 MB/4.7 GB   23 MB/s    3m1s[K[?25h[?2026l[?2026h[?25l[A[1Gpulling manifest [K
pulling 96c415656d37:   8% ▕█                 ▏ 388 MB/4.7 GB   23 MB/s    3m0s[K[?25h[?2026l[?2026h[?25l[A[1Gpulling manifest [K
pulling 96c415656d37:   8% ▕█                 ▏ 392 MB/4.7 GB   23 MB/s    3m0s[K[?25h[?2026l[?2026h[?25l[A[1Gpulling manifest [K
pulling 96c415656d37:   8% ▕█                 ▏ 393 MB/4.7 GB   23 MB/s    3m0s[K[?25h[?2026l[?2026h[?25l[A[1Gpulling manifest [K
pulling 96c415656d37:   8% ▕█                 ▏ 395 MB/4.7 GB   23 MB/s    3m0s[K[?25h[?2026l[?2026h[?25l[A[1Gpulling manifest [K
pulling 96c415656d37:   8% ▕█                 ▏ 397 MB/4.7 GB   23 MB/s    3m0s[K[?25h[?2026l[?2026h[?25l[A[1Gpulling manifest [K
pulling 96c415656d37:   9% ▕█                 ▏ 399 MB/4.7 GB   23 MB/s    3m0s[K[?25h[?2026l[?2026h[?25l[A[1Gpulling manifest [K
pulling 96c415656d37:   9% ▕█                 ▏ 401 MB/4.7 GB   23 MB/s   2m58s[K[?25h[?2026l[?2026h[?25l[A[1Gpulling manifest [K
pulling 96c415656d37:   9% ▕█                 ▏ 404 MB/4.7 GB   23 MB/s   2m58s[K[?25h[?2026l[?2026h[?25l[A[1Gpulling manifest [K
pulling 96c415656d37:   9% ▕█                 ▏ 405 MB/4.7 GB   23 MB/s   2m58s[K[?25h[?2026l[?2026h[?25l[A[1Gpulling manifest [K
pulling 96c415656d37:   9% ▕█                 ▏ 408 MB/4.7 GB   23 MB/s   2m58s[K[?25h[?2026l[?2026h[?25l[A[1Gpulling manifest [K
pulling 96c415656d37:   9% ▕█                 ▏ 410 MB/4.7 GB   23 MB/s   2m58s[K[?25h[?2026l[?2026h[?25l[A[1Gpulling manifest [K
pulling 96c415656d37:   9% ▕█                 ▏ 412 MB/4.7 GB   23 MB/s   2m58s[K[?25h[?2026l[?2026h[?25l[A[1Gpulling manifest [K
pulling 96c415656d37:   9% ▕█                 ▏ 414 MB/4.7 GB   23 MB/s   2m58s[K[?25h[?2026l[?2026h[?25l[A[1Gpulling manifest [K
pulling 96c415656d37:   9% ▕█                 ▏ 416 MB/4.7 GB   23 MB/s   2m58s[K[?25h[?2026l[?2026h[?25l[A[1Gpulling manifest [K
pulling 96c415656d37:   9% ▕█                 ▏ 417 MB/4.7 GB   23 MB/s   2m58s[K[?25h[?2026l[?2026h[?25l[A[1Gpulling manifest [K
pulling 96c415656d37:   9% ▕█                 ▏ 418 MB/4.7 GB   23 MB/s   2m58s[K[?25h[?2026l[?2026h[?25l[A[1Gpulling manifest [K
pulling 96c415656d37:   9% ▕█                 ▏ 424 MB/4.7 GB   23 MB/s   2m58s[K[?25h[?2026l[?2026h[?25l[A[1Gpulling manifest [K
pulling 96c415656d37:   9% ▕█                 ▏ 424 MB/4.7 GB   23 MB/s   2m58s[K[?25h[?2026l[?2026h[?25l[A[1Gpulling manifest [K
pulling 96c415656d37:   9% ▕█                 ▏ 426 MB/4.7 GB   23 MB/s   2m58s[K[?25h[?2026l[?2026h[?25l[A[1Gpulling manifest [K
pulling 96c415656d37:   9% ▕█                 ▏ 431 MB/4.7 GB   23 MB/s   2m58s[K[?25h[?2026l[?2026h[?25l[A[1Gpulling manifest [K
pulling 96c415656d37:   9% ▕█                 ▏ 433 MB/4.7 GB   23 MB/s   2m58s[K[?25h[?2026l[?2026h[?25l[A[1Gpulling manifest [K
pulling 96c415656d37:   9% ▕█                 ▏ 434 MB/4.7 GB   23 MB/s   2m58s[K[?25h[?2026l[?2026h[?25l[A[1Gpulling manifest [K
pulling 96c415656d37:   9% ▕█                 ▏ 436 MB/4.7 GB   23 MB/s   2m58s[K[?25h[?2026l[?2026h[?25l[A[1Gpulling manifest [K
pulling 96c415656d37:   9% ▕█                 ▏ 439 MB/4.7 GB   23 MB/s   2m58s[K[?25h[?2026l[?2026h[?25l[A[1Gpulling manifest [K
pulling 96c415656d37:   9% ▕█                 ▏ 443 MB/4.7 GB   23 MB/s   2m57s[K[?25h[?2026l[?2026h[?25l[A[1Gpulling manifest [K
pulling 96c415656d37:  10% ▕█                 ▏ 446 MB/4.7 GB   23 MB/s   2m57s[K[?25h[?2026l[?2026h[?25l[A[1Gpulling manifest [K
pulling 96c415656d37:  10% ▕█                 ▏ 446 MB/4.7 GB   23 MB/s   2m57s[K[?25h[?2026l[?2026h[?25l[A[1Gpulling manifest [K
pulling 96c415656d37:  10% ▕█                 ▏ 449 MB/4.7 GB   23 MB/s   2m57s[K[?25h[?2026l[?2026h[?25l[A[1Gpulling manifest [K
pulling 96c415656d37:  10% ▕█                 ▏ 454 MB/4.7 GB   23 MB/s   2m57s[K[?25h[?2026l[?2026h[?25l[A[1Gpulling manifest [K
pulling 96c415656d37:  10% ▕█                 ▏ 456 MB/4.7 GB   23 MB/s   2m57s[K[?25h[?2026l[?2026h[?25l[A[1Gpulling manifest [K
pulling 96c415656d37:  10% ▕█                 ▏ 459 MB/4.7 GB   23 MB/s   2m57s[K[?25h[?2026l[?2026h[?25l[A[1Gpulling manifest [K
pulling 96c415656d37:  10% ▕█                 ▏ 461 MB/4.7 GB   23 MB/s   2m57s[K[?25h[?2026l[?2026h[?25l[A[1Gpulling manifest [K
pulling 96c415656d37:  10% ▕█                 ▏ 462 MB/4.7 GB   23 MB/s   2m57s[K[?25h[?2026l[?2026h[?25l[A[1Gpulling manifest [K
pulling 96c415656d37:  10% ▕█                 ▏ 463 MB/4.7 GB   23 MB/s   2m57s[K[?25h[?2026l[?2026h[?25l[A[1Gpulling manifest [K
pulling 96c415656d37:  10% ▕█                 ▏ 466 MB/4.7 GB   23 MB/s   2m56s[K[?25h[?2026l[?2026h[?25l[A[1Gpulling manifest [K
pulling 96c415656d37:  10% ▕█                 ▏ 467 MB/4.7 GB   23 MB/s   2m56s[K[?25h[?2026l[?2026h[?25l[A[1Gpulling manifest [K
pulling 96c415656d37:  10% ▕█                 ▏ 469 MB/4.7 GB   23 MB/s   2m59s[K[?25h[?2026l[?2026h[?25l[A[1Gpulling manifest [K
pulling 96c415656d37:  10% ▕█                 ▏ 472 MB/4.7 GB   23 MB/s   2m59s[K[?25h[?2026l[?2026h[?25l[A[1Gpulling manifest [K
pulling 96c415656d37:  10% ▕█                 ▏ 475 MB/4.7 GB   23 MB/s   2m59s[K[?25h[?2026l[?2026h[?25l[A[1Gpulling manifest [K
pulling 96c415656d37:  10% ▕█                 ▏ 478 MB/4.7 GB   23 MB/s   2m59s[K[?25h[?2026l[?2026h[?25l[A[1Gpulling manifest [K
pulling 96c415656d37:  10% ▕█                 ▏ 480 MB/4.7 GB   23 MB/s   2m59s[K[?25h[?2026l[?2026h[?25l[A[1Gpulling manifest [K
pulling 96c415656d37:  10% ▕█                 ▏ 481 MB/4.7 GB   23 MB/s   2m59s[K[?25h[?2026l[?2026h[?25l[A[1Gpulling manifest [K
pulling 96c415656d37:  10% ▕█                 ▏ 482 MB/4.7 GB   23 MB/s   2m59s[K[?25h[?2026l[?2026h[?25l[A[1Gpulling manifest [K
pulling 96c415656d37:  10% ▕█                 ▏ 486 MB/4.7 GB   23 MB/s   2m58s[K[?25h[?2026l[?2026h[?25l[A[1Gpulling manifest [K
pulling 96c415656d37:  10% ▕█                 ▏ 487 MB/4.7 GB   23 MB/s   2m58s[K[?25h[?2026l[?2026h[?25l[A[1Gpulling manifest [K
pulling 96c415656d37:  10% ▕█                 ▏ 490 MB/4.7 GB   23 MB/s   2m58s[K[?25h[?2026l[?2026h[?25l[A[1Gpulling manifest [K
pulling 96c415656d37:  11% ▕█                 ▏ 493 MB/4.7 GB   22 MB/s    3m3s[K[?25h[?2026l[?2026h[?25l[A[1Gpulling manifest [K
pulling 96c415656d37:  11% ▕█                 ▏ 496 MB/4.7 GB   22 MB/s    3m3s[K[?25h[?2026l[?2026h[?25l[A[1Gpulling manifest [K
pulling 96c415656d37:  11% ▕█                 ▏ 503 MB/4.7 GB   22 MB/s    3m2s[K[?25h[?2026l[?2026h[?25l[A[1Gpulling manifest [K
pulling 96c415656d37:  11% ▕█                 ▏ 508 MB/4.7 GB   22 MB/s    3m2s[K[?25h[?2026l[?2026h[?25l[A[1Gpulling manifest [K
pulling 96c415656d37:  11% ▕█                 ▏ 510 MB/4.7 GB   22 MB/s    3m2s[K[?25h[?2026l[?2026h[?25l[A[1Gpulling manifest [K
pulling 96c415656d37:  11% ▕█                 ▏ 514 MB/4.7 GB   22 MB/s    3m2s[K[?25h[?2026l[?2026h[?25l[A[1Gpulling manifest [K
pulling 96c415656d37:  11% ▕█                 ▏ 516 MB/4.7 GB   22 MB/s    3m2s[K[?25h[?2026l[?2026h[?25l[A[1Gpulling manifest [K
pulling 96c415656d37:  11% ▕█                 ▏ 516 MB/4.7 GB   22 MB/s    3m2s[K[?25h[?2026l[?2026h[?25l[A[1Gpulling manifest [K
pulling 96c415656d37:  11% ▕█                 ▏ 518 MB/4.7 GB   22 MB/s    3m2s[K[?25h[?2026l[?2026h[?25l[A[1Gpulling manifest [K
pulling 96c415656d37:  11% ▕██                ▏ 521 MB/4.7 GB   22 MB/s    3m1s[K[?25h[?2026l[?2026h[?25l[A[1Gpulling manifest [K
pulling 96c415656d37:  11% ▕██                ▏ 521 MB/4.7 GB   22 MB/s    3m1s[K[?25h[?2026l[?2026h[?25l[A[1Gpulling manifest [K
pulling 96c415656d37:  11% ▕██                ▏ 523 MB/4.7 GB   22 MB/s    3m1s[K[?25h[?2026l[?2026h[?25l[A[1Gpulling manifest [K
pulling 96c415656d37:  11% ▕██                ▏ 525 MB/4.7 GB   22 MB/s    3m1s[K[?25h[?2026l[?2026h[?25l[A[1Gpulling manifest [K
pulling 96c415656d37:  11% ▕██                ▏ 529 MB/4.7 GB   22 MB/s    3m0s[K[?25h[?2026l[?2026h[?25l[A[1Gpulling manifest [K
pulling 96c415656d37:  11% ▕██                ▏ 534 MB/4.7 GB   22 MB/s    3m0s[K[?25h[?2026l[?2026h[?25l[A[1Gpulling manifest [K
pulling 96c415656d37:  11% ▕██                ▏ 537 MB/4.7 GB   22 MB/s    3m0s[K[?25h[?2026l[?2026h[?25l[A[1Gpulling manifest [K
pulling 96c415656d37:  12% ▕██                ▏ 538 MB/4.7 GB   22 MB/s    3m0s[K[?25h[?2026l[?2026h[?25l[A[1Gpulling manifest [K
pulling 96c415656d37:  12% ▕██                ▏ 542 MB/4.7 GB   22 MB/s    3m0s[K[?25h[?2026l[?2026h[?25l[A[1Gpulling manifest [K
pulling 96c415656d37:  12% ▕██                ▏ 544 MB/4.7 GB   22 MB/s    3m0s[K[?25h[?2026l[?2026h[?25l[A[1Gpulling manifest [K
pulling 96c415656d37:  12% ▕██                ▏ 545 MB/4.7 GB   22 MB/s    3m0s[K[?25h[?2026l[?2026h[?25l[A[1Gpulling manifest [K
pulling 96c415656d37:  12% ▕██                ▏ 548 MB/4.7 GB   22 MB/s    3m0s[K[?25h[?2026l[?2026h[?25l[A[1Gpulling manifest [K
pulling 96c415656d37:  12% ▕██                ▏ 548 MB/4.7 GB   24 MB/s   2m47s[K[?25h[?2026l[?2026h[?25l[A[1Gpulling manifest [K
pulling 96c415656d37:  12% ▕██                ▏ 548 MB/4.7 GB   24 MB/s   2m47s[K[?25h[?2026l[?2026h[?25l[A[1Gpulling manifest [K
pulling 96c415656d37:  12% ▕██                ▏ 549 MB/4.7 GB   24 MB/s   2m47s[K[?25h[?2026l[?2026h[?25l[A[1Gpulling manifest [K
pulling 96c415656d37:  12% ▕██                ▏ 549 MB/4.7 GB   24 MB/s   2m47s[K[?25h[?2026l[?2026h[?25l[A[1Gpulling manifest [K
pulling 96c415656d37:  12% ▕██                ▏ 551 MB/4.7 GB   24 MB/s   2m47s[K[?25h[?2026l[?2026h[?25l[A[1Gpulling manifest [K
pulling 96c415656d37:  12% ▕██                ▏ 552 MB/4.7 GB   24 MB/s   2m47s[K[?25h[?2026l[?2026h[?25l[A[1Gpulling manifest [K
pulling 96c415656d37:  12% ▕██                ▏ 554 MB/4.7 GB   24 MB/s   2m47s[K[?25h[?2026l[?2026h[?25l[A[1Gpulling manifest [K
pulling 96c415656d37:  12% ▕██                ▏ 554 MB/4.7 GB   24 MB/s   2m47s[K[?25h[?2026l[?2026h[?25l[A[1Gpulling manifest [K
pulling 96c415656d37:  12% ▕██                ▏ 557 MB/4.7 GB   24 MB/s   2m47s[K[?25h[?2026l[?2026h[?25l[A[1Gpulling manifest [K
pulling 96c415656d37:  12% ▕██                ▏ 560 MB/4.7 GB   24 MB/s   2m47s[K[?25h[?2026l[?2026h[?25l[A[1Gpulling manifest [K
pulling 96c415656d37:  12% ▕██                ▏ 560 MB/4.7 GB   24 MB/s   2m51s[K[?25h[?2026l[?2026h[?25l[A[1Gpulling manifest [K
pulling 96c415656d37:  12% ▕██                ▏ 561 MB/4.7 GB   24 MB/s   2m51s[K[?25h[?2026l[?2026h[?25l[A[1Gpulling manifest [K
pulling 96c415656d37:  12% ▕██                ▏ 563 MB/4.7 GB   24 MB/s   2m51s[K[?25h[?2026l[?2026h[?25l[A[1Gpulling manifest [K
pulling 96c415656d37:  12% ▕██                ▏ 563 MB/4.7 GB   24 MB/s   2m51s[K[?25h[?2026l[?2026h[?25l[A[1Gpulling manifest [K
pulling 96c415656d37:  12% ▕██                ▏ 566 MB/4.7 GB   24 MB/s   2m51s[K[?25h[?2026l[?2026h[?25l[A[1Gpulling manifest [K
pulling 96c415656d37:  12% ▕██                ▏ 567 MB/4.7 GB   24 MB/s   2m51s[K[?25h[?2026l[?2026h[?25l[A[1Gpulling manifest [K
pulling 96c415656d37:  12% ▕██                ▏ 568 MB/4.7 GB   24 MB/s   2m51s[K[?25h[?2026l[?2026h[?25l[A[1Gpulling manifest [K
pulling 96c415656d37:  12% ▕██                ▏ 574 MB/4.7 GB   24 MB/s   2m51s[K[?25h[?2026l[?2026h[?25l[A[1Gpulling manifest [K
pulling 96c415656d37:  12% ▕██                ▏ 576 MB/4.7 GB   24 MB/s   2m50s[K[?25h[?2026l[?2026h[?25l[A[1Gpulling manifest [K
pulling 96c415656d37:  12% ▕██                ▏ 578 MB/4.7 GB   24 MB/s   2m50s[K[?25h[?2026l[?2026h[?25l[A[1Gpulling manifest [K
pulling 96c415656d37:  12% ▕██                ▏ 580 MB/4.7 GB   22 MB/s    3m0s[K[?25h[?2026l[?2026h[?25l[A[1Gpulling manifest [K
pulling 96c415656d37:  12% ▕██                ▏ 585 MB/4.7 GB   22 MB/s    3m0s[K[?25h[?2026l[?2026h[?25l[A[1Gpulling manifest [K
pulling 96c415656d37:  13% ▕██                ▏ 588 MB/4.7 GB   22 MB/s    3m0s[K[?25h[?2026l[?2026h[?25l[A[1Gpulling manifest [K
pulling 96c415656d37:  13% ▕██                ▏ 591 MB/4.7 GB   22 MB/s    3m0s[K[?25h[?2026l[?2026h[?25l[A[1Gpulling manifest [K
pulling 96c415656d37:  13% ▕██                ▏ 594 MB/4.7 GB   22 MB/s   2m59s[K[?25h[?2026l[?2026h[?25l[A[1Gpulling manifest [K
pulling 96c415656d37:  13% ▕██                ▏ 597 MB/4.7 GB   22 MB/s   2m59s[K[?25h[?2026l[?2026h[?25l[A[1Gpulling manifest [K
pulling 96c415656d37:  13% ▕██                ▏ 600 MB/4.7 GB   22 MB/s   2m59s[K[?25h[?2026l[?2026h[?25l[A[1Gpulling manifest [K
pulling 96c415656d37:  13% ▕██                ▏ 603 MB/4.7 GB   22 MB/s   2m59s[K[?25h[?2026l[?2026h[?25l[A[1Gpulling manifest [K
pulling 96c415656d37:  13% ▕██                ▏ 605 MB/4.7 GB   22 MB/s   2m59s[K[?25h[?2026l[?2026h[?25l[A[1Gpulling manifest [K
pulling 96c415656d37:  13% ▕██                ▏ 608 MB/4.7 GB   22 MB/s   2m59s[K[?25h[?2026l[?2026h[?25l[A[1Gpulling manifest [K
pulling 96c415656d37:  13% ▕██                ▏ 611 MB/4.7 GB   23 MB/s   2m53s[K[?25h[?2026l[?2026h[?25l[A[1Gpulling manifest [K
pulling 96c415656d37:  13% ▕██                ▏ 612 MB/4.7 GB   23 MB/s   2m53s[K[?25h[?2026l[?2026h[?25l[A[1Gpulling manifest [K
pulling 96c415656d37:  13% ▕██                ▏ 616 MB/4.7 GB   23 MB/s   2m53s[K[?25h[?2026l[?2026h[?25l[A[1Gpulling manifest [K
pulling 96c415656d37:  13% ▕██                ▏ 618 MB/4.7 GB   23 MB/s   2m53s[K[?25h[?2026l[?2026h[?25l[A[1Gpulling manifest [K
pulling 96c415656d37:  13% ▕██                ▏ 618 MB/4.7 GB   23 MB/s   2m53s[K[?25h[?2026l[?2026h[?25l[A[1Gpulling manifest [K
pulling 96c415656d37:  13% ▕██                ▏ 621 MB/4.7 GB   23 MB/s   2m53s[K[?25h[?2026l[?2026h[?25l[A[1Gpulling manifest [K
pulling 96c415656d37:  13% ▕██                ▏ 624 MB/4.7 GB   23 MB/s   2m53s[K[?25h[?2026l[?2026h[?25l[A[1Gpulling manifest [K
pulling 96c415656d37:  13% ▕██                ▏ 627 MB/4.7 GB   23 MB/s   2m53s[K[?25h[?2026l[?2026h[?25l[A[1Gpulling manifest [K
pulling 96c415656d37:  13% ▕██                ▏ 629 MB/4.7 GB   23 MB/s   2m53s[K[?25h[?2026l[?2026h[?25l[A[1Gpulling manifest [K
pulling 96c415656d37:  14% ▕██                ▏ 633 MB/4.7 GB   23 MB/s   2m52s[K[?25h[?2026l[?2026h[?25l[A[1Gpulling manifest [K
pulling 96c415656d37:  14% ▕██                ▏ 634 MB/4.7 GB   23 MB/s   2m52s[K[?25h[?2026l[?2026h[?25l[A[1Gpulling manifest [K
pulling 96c415656d37:  14% ▕██                ▏ 637 MB/4.7 GB   24 MB/s   2m48s[K[?25h[?2026l[?2026h[?25l[A[1Gpulling manifest [K
pulling 96c415656d37:  14% ▕██                ▏ 639 MB/4.7 GB   24 MB/s   2m47s[K[?25h[?2026l[?2026h[?25l[A[1Gpulling manifest [K
pulling 96c415656d37:  14% ▕██                ▏ 641 MB/4.7 GB   24 MB/s   2m47s[K[?25h[?2026l[?2026h[?25l[A[1Gpulling manifest [K
pulling 96c415656d37:  14% ▕██                ▏ 644 MB/4.7 GB   24 MB/s   2m47s[K[?25h[?2026l[?2026h[?25l[A[1Gpulling manifest [K
pulling 96c415656d37:  14% ▕██                ▏ 646 MB/4.7 GB   24 MB/s   2m47s[K[?25h[?2026l[?2026h[?25l[A[1Gpulling manifest [K
pulling 96c415656d37:  14% ▕██                ▏ 648 MB/4.7 GB   24 MB/s   2m47s[K[?25h[?2026l[?2026h[?25l[A[1Gpulling manifest [K
pulling 96c415656d37:  14% ▕██                ▏ 651 MB/4.7 GB   24 MB/s   2m47s[K[?25h[?2026l[?2026h[?25l[A[1Gpulling manifest [K
pulling 96c415656d37:  14% ▕██                ▏ 655 MB/4.7 GB   24 MB/s   2m47s[K[?25h[?2026l[?2026h[?25l[A[1Gpulling manifest [K
pulling 96c415656d37:  14% ▕██                ▏ 656 MB/4.7 GB   24 MB/s   2m47s[K[?25h[?2026l[?2026h[?25l[A[1Gpulling manifest [K
pulling 96c415656d37:  14% ▕██                ▏ 658 MB/4.7 GB   24 MB/s   2m47s[K[?25h[?2026l[?2026h[?25l[A[1Gpulling manifest [K
pulling 96c415656d37:  14% ▕██                ▏ 660 MB/4.7 GB   23 MB/s   2m49s[K[?25h[?2026l[?2026h[?25l[A[1Gpulling manifest [K
pulling 96c415656d37:  14% ▕██                ▏ 661 MB/4.7 GB   23 MB/s   2m49s[K[?25h[?2026l[?2026h[?25l[A[1Gpulling manifest [K
pulling 96c415656d37:  14% ▕██                ▏ 664 MB/4.7 GB   23 MB/s   2m49s[K[?25h[?2026l[?2026h[?25l[A[1Gpulling manifest [K
pulling 96c415656d37:  14% ▕██                ▏ 667 MB/4.7 GB   23 MB/s   2m49s[K[?25h[?2026l[?2026h[?25l[A[1Gpulling manifest [K
pulling 96c415656d37:  14% ▕██                ▏ 667 MB/4.7 GB   23 MB/s   2m49s[K[?25h[?2026l[?2026h[?25l[A[1Gpulling manifest [K
pulling 96c415656d37:  14% ▕██                ▏ 671 MB/4.7 GB   23 MB/s   2m49s[K[?25h[?2026l[?2026h[?25l[A[1Gpulling manifest [K
pulling 96c415656d37:  14% ▕██                ▏ 675 MB/4.7 GB   23 MB/s   2m49s[K[?25h[?2026l[?2026h[?25l[A[1Gpulling manifest [K
pulling 96c415656d37:  14% ▕██                ▏ 675 MB/4.7 GB   23 MB/s   2m49s[K[?25h[?2026l[?2026h[?25l[A[1Gpulling manifest [K
pulling 96c415656d37:  15% ▕██                ▏ 680 MB/4.7 GB   23 MB/s   2m48s[K[?25h[?2026l[?2026h[?25l[A[1Gpulling manifest [K
pulling 96c415656d37:  15% ▕██                ▏ 681 MB/4.7 GB   23 MB/s   2m48s[K[?25h[?2026l[?2026h[?25l[A[1Gpulling manifest [K
pulling 96c415656d37:  15% ▕██                ▏ 682 MB/4.7 GB   23 MB/s   2m48s[K[?25h[?2026l[?2026h[?25l[A[1Gpulling manifest [K
pulling 96c415656d37:  15% ▕██                ▏ 685 MB/4.7 GB   23 MB/s   2m48s[K[?25h[?2026l[?2026h[?25l[A[1Gpulling manifest [K
pulling 96c415656d37:  15% ▕██                ▏ 688 MB/4.7 GB   23 MB/s   2m48s[K[?25h[?2026l[?2026h[?25l[A[1Gpulling manifest [K
pulling 96c415656d37:  15% ▕██                ▏ 690 MB/4.7 GB   23 MB/s   2m48s[K[?25h[?2026l[?2026h[?25l[A[1Gpulling manifest [K
pulling 96c415656d37:  15% ▕██                ▏ 692 MB/4.7 GB   23 MB/s   2m48s[K[?25h[?2026l[?2026h[?25l[A[1Gpulling manifest [K
pulling 96c415656d37:  15% ▕██                ▏ 695 MB/4.7 GB   23 MB/s   2m48s[K[?25h[?2026l[?2026h[?25l[A[1Gpulling manifest [K
pulling 96c415656d37:  15% ▕██                ▏ 697 MB/4.7 GB   23 MB/s   2m48s[K[?25h[?2026l[?2026h[?25l[A[1Gpulling manifest [K
pulling 96c415656d37:  15% ▕██                ▏ 699 MB/4.7 GB   23 MB/s   2m48s[K[?25h[?2026l[?2026h[?25l[A[1Gpulling manifest [K
pulling 96c415656d37:  15% ▕██                ▏ 700 MB/4.7 GB   23 MB/s   2m48s[K[?25h[?2026l[?2026h[?25l[A[1Gpulling manifest [K
pulling 96c415656d37:  15% ▕██                ▏ 702 MB/4.7 GB   23 MB/s   2m47s[K[?25h[?2026l[?2026h[?25l[A[1Gpulling manifest [K
pulling 96c415656d37:  15% ▕██                ▏ 705 MB/4.7 GB   23 MB/s   2m49s[K[?25h[?2026l[?2026h[?25l[A[1Gpulling manifest [K
pulling 96c415656d37:  15% ▕██                ▏ 709 MB/4.7 GB   23 MB/s   2m49s[K[?25h[?2026l[?2026h[?25l[A[1Gpulling manifest [K
pulling 96c415656d37:  15% ▕██                ▏ 711 MB/4.7 GB   23 MB/s   2m49s[K[?25h[?2026l[?2026h[?25l[A[1Gpulling manifest [K
pulling 96c415656d37:  15% ▕██                ▏ 713 MB/4.7 GB   23 MB/s   2m48s[K[?25h[?2026l[?2026h[?25l[A[1Gpulling manifest [K
pulling 96c415656d37:  15% ▕██                ▏ 715 MB/4.7 GB   23 MB/s   2m48s[K[?25h[?2026l[?2026h[?25l[A[1Gpulling manifest [K
pulling 96c415656d37:  15% ▕██                ▏ 718 MB/4.7 GB   23 MB/s   2m48s[K[?25h[?2026l[?2026h[?25l[A[1Gpulling manifest [K
pulling 96c415656d37:  15% ▕██                ▏ 720 MB/4.7 GB   23 MB/s   2m48s[K[?25h[?2026l[?2026h[?25l[A[1Gpulling manifest [K
pulling 96c415656d37:  15% ▕██                ▏ 723 MB/4.7 GB   23 MB/s   2m48s[K[?25h[?2026l[?2026h[?25l[A[1Gpulling manifest [K
pulling 96c415656d37:  15% ▕██                ▏ 724 MB/4.7 GB   23 MB/s   2m48s[K[?25h[?2026l[?2026h[?25l[A[1Gpulling manifest [K
pulling 96c415656d37:  15% ▕██                ▏ 725 MB/4.7 GB   23 MB/s   2m48s[K[?25h[?2026l[?2026h[?25l[A[1Gpulling manifest [K
pulling 96c415656d37:  16% ▕██                ▏ 727 MB/4.7 GB   22 MB/s   2m53s[K[?25h[?2026l[?2026h[?25l[A[1Gpulling manifest [K
pulling 96c415656d37:  16% ▕██                ▏ 730 MB/4.7 GB   22 MB/s   2m53s[K[?25h[?2026l[?2026h[?25l[A[1Gpulling manifest [K
pulling 96c415656d37:  16% ▕██                ▏ 738 MB/4.7 GB   22 MB/s   2m53s[K[?25h[?2026l[?2026h[?25l[A[1Gpulling manifest [K
pulling 96c415656d37:  16% ▕██                ▏ 741 MB/4.7 GB   22 MB/s   2m53s[K[?25h[?2026l[?2026h[?25l[A[1Gpulling manifest [K
pulling 96c415656d37:  16% ▕██                ▏ 742 MB/4.7 GB   22 MB/s   2m53s[K[?25h[?2026l[?2026h[?25l[A[1Gpulling manifest [K
pulling 96c415656d37:  16% ▕██                ▏ 745 MB/4.7 GB   22 MB/s   2m53s[K[?25h[?2026l[?2026h[?25l[A[1Gpulling manifest [K
pulling 96c415656d37:  16% ▕██                ▏ 749 MB/4.7 GB   22 MB/s   2m52s[K[?25h[?2026l[?2026h[?25l[A[1Gpulling manifest [K
pulling 96c415656d37:  16% ▕██                ▏ 750 MB/4.7 GB   22 MB/s   2m52s[K[?25h[?2026l[?2026h[?25l[A[1Gpulling manifest [K
pulling 96c415656d37:  16% ▕██                ▏ 752 MB/4.7 GB   22 MB/s   2m52s[K[?25h[?2026l[?2026h[?25l[A[1Gpulling manifest [K
pulling 96c415656d37:  16% ▕██                ▏ 753 MB/4.7 GB   22 MB/s   2m52s[K[?25h[?2026l[?2026h[?25l[A[1Gpulling manifest [K
pulling 96c415656d37:  16% ▕██                ▏ 754 MB/4.7 GB   22 MB/s   2m52s[K[?25h[?2026l[?2026h[?25l[A[1Gpulling manifest [K
pulling 96c415656d37:  16% ▕██                ▏ 760 MB/4.7 GB   23 MB/s   2m49s[K[?25h[?2026l[?2026h[?25l[A[1Gpulling manifest [K
pulling 96c415656d37:  16% ▕██                ▏ 766 MB/4.7 GB   23 MB/s   2m49s[K[?25h[?2026l[?2026h[?25l[A[1Gpulling manifest [K
pulling 96c415656d37:  16% ▕██                ▏ 769 MB/4.7 GB   23 MB/s   2m49s[K[?25h[?2026l[?2026h[?25l[A[1Gpulling manifest [K
pulling 96c415656d37:  17% ▕██                ▏ 774 MB/4.7 GB   23 MB/s   2m49s[K[?25h[?2026l[?2026h[?25l[A[1Gpulling manifest [K
pulling 96c415656d37:  17% ▕██                ▏ 776 MB/4.7 GB   23 MB/s   2m49s[K[?25h[?2026l[?2026h[?25l[A[1Gpulling manifest [K
pulling 96c415656d37:  17% ▕██                ▏ 778 MB/4.7 GB   23 MB/s   2m49s[K[?25h[?2026l[?2026h[?25l[A[1Gpulling manifest [K
pulling 96c415656d37:  17% ▕██                ▏ 779 MB/4.7 GB   23 MB/s   2m49s[K[?25h[?2026l[?2026h[?25l[A[1Gpulling manifest [K
pulling 96c415656d37:  17% ▕██                ▏ 780 MB/4.7 GB   23 MB/s   2m49s[K[?25h[?2026l[?2026h[?25l[A[1Gpulling manifest [K
pulling 96c415656d37:  17% ▕██                ▏ 780 MB/4.7 GB   23 MB/s   2m49s[K[?25h[?2026l[?2026h[?25l[A[1Gpulling manifest [K
pulling 96c415656d37:  17% ▕███               ▏ 781 MB/4.7 GB   23 MB/s   2m49s[K[?25h[?2026l[?2026h[?25l[A[1Gpulling manifest [K
pulling 96c415656d37:  17% ▕███               ▏ 784 MB/4.7 GB   24 MB/s   2m37s[K[?25h[?2026l[?2026h[?25l[A[1Gpulling manifest [K
pulling 96c415656d37:  17% ▕███               ▏ 787 MB/4.7 GB   24 MB/s   2m37s[K[?25h[?2026l[?2026h[?25l[A[1Gpulling manifest [K
pulling 96c415656d37:  17% ▕███               ▏ 791 MB/4.7 GB   24 MB/s   2m37s[K[?25h[?2026l[?2026h[?25l[A[1Gpulling manifest [K
pulling 96c415656d37:  17% ▕███               ▏ 792 MB/4.7 GB   24 MB/s   2m37s[K[?25h[?2026l[?2026h[?25l[A[1Gpulling manifest [K
pulling 96c415656d37:  17% ▕███               ▏ 792 MB/4.7 GB   24 MB/s   2m37s[K[?25h[?2026l[?2026h[?25l[A[1Gpulling manifest [K
pulling 96c415656d37:  17% ▕███               ▏ 793 MB/4.7 GB   24 MB/s   2m37s[K[?25h[?2026l[?2026h[?25l[A[1Gpulling manifest [K
pulling 96c415656d37:  17% ▕███               ▏ 796 MB/4.7 GB   24 MB/s   2m37s[K[?25h[?2026l[?2026h[?25l[A[1Gpulling manifest [K
pulling 96c415656d37:  17% ▕███               ▏ 797 MB/4.7 GB   24 MB/s   2m37s[K[?25h[?2026l[?2026h[?25l[A[1Gpulling manifest [K
pulling 96c415656d37:  17% ▕███               ▏ 798 MB/4.7 GB   24 MB/s   2m37s[K[?25h[?2026l[?2026h[?25l[A[1Gpulling manifest [K
pulling 96c415656d37:  17% ▕███               ▏ 800 MB/4.7 GB   24 MB/s   2m37s[K[?25h[?2026l[?2026h[?25l[A[1Gpulling manifest [K
pulling 96c415656d37:  17% ▕███               ▏ 801 MB/4.7 GB   24 MB/s   2m38s[K[?25h[?2026l[?2026h[?25l[A[1Gpulling manifest [K
pulling 96c415656d37:  17% ▕███               ▏ 804 MB/4.7 GB   24 MB/s   2m37s[K[?25h[?2026l[?2026h[?25l[A[1Gpulling manifest [K
pulling 96c415656d37:  17% ▕███               ▏ 805 MB/4.7 GB   24 MB/s   2m37s[K[?25h[?2026l[?2026h[?25l[A[1Gpulling manifest [K
pulling 96c415656d37:  17% ▕███               ▏ 808 MB/4.7 GB   24 MB/s   2m37s[K[?25h[?2026l[?2026h[?25l[A[1Gpulling manifest [K
pulling 96c415656d37:  17% ▕███               ▏ 809 MB/4.7 GB   24 MB/s   2m37s[K[?25h[?2026l[?2026h[?25l[A[1Gpulling manifest [K
pulling 96c415656d37:  17% ▕███               ▏ 814 MB/4.7 GB   24 MB/s   2m37s[K[?25h[?2026l[?2026h[?25l[A[1Gpulling manifest [K
pulling 96c415656d37:  17% ▕███               ▏ 815 MB/4.7 GB   24 MB/s   2m37s[K[?25h[?2026l[?2026h[?25l[A[1Gpulling manifest [K
pulling 96c415656d37:  17% ▕███               ▏ 818 MB/4.7 GB   24 MB/s   2m37s[K[?25h[?2026l[?2026h[?25l[A[1Gpulling manifest [K
pulling 96c415656d37:  17% ▕███               ▏ 819 MB/4.7 GB   24 MB/s   2m37s[K[?25h[?2026l[?2026h[?25l[A[1Gpulling manifest [K
pulling 96c415656d37:  17% ▕███               ▏ 819 MB/4.7 GB   24 MB/s   2m37s[K[?25h[?2026l[?2026h[?25l[A[1Gpulling manifest [K
pulling 96c415656d37:  18% ▕███               ▏ 821 MB/4.7 GB   23 MB/s   2m45s[K[?25h[?2026l[?2026h[?25l[A[1Gpulling manifest [K
pulling 96c415656d37:  18% ▕███               ▏ 826 MB/4.7 GB   23 MB/s   2m45s[K[?25h[?2026l[?2026h[?25l[A[1Gpulling manifest [K
pulling 96c415656d37:  18% ▕███               ▏ 828 MB/4.7 GB   23 MB/s   2m45s[K[?25h[?2026l[?2026h[?25l[A[1Gpulling manifest [K
pulling 96c415656d37:  18% ▕███               ▏ 829 MB/4.7 GB   23 MB/s   2m45s[K[?25h[?2026l[?2026h[?25l[A[1Gpulling manifest [K
pulling 96c415656d37:  18% ▕███               ▏ 830 MB/4.7 GB   23 MB/s   2m45s[K[?25h[?2026l[?2026h[?25l[A[1Gpulling manifest [K
pulling 96c415656d37:  18% ▕███               ▏ 832 MB/4.7 GB   23 MB/s   2m45s[K[?25h[?2026l[?2026h[?25l[A[1Gpulling manifest [K
pulling 96c415656d37:  18% ▕███               ▏ 833 MB/4.7 GB   23 MB/s   2m45s[K[?25h[?2026l[?2026h[?25l[A[1Gpulling manifest [K
pulling 96c415656d37:  18% ▕███               ▏ 837 MB/4.7 GB   23 MB/s   2m45s[K[?25h[?2026l[?2026h[?25l[A[1Gpulling manifest [K
pulling 96c415656d37:  18% ▕███               ▏ 838 MB/4.7 GB   23 MB/s   2m45s[K[?25h[?2026l[?2026h[?25l[A[1Gpulling manifest [K
pulling 96c415656d37:  18% ▕███               ▏ 842 MB/4.7 GB   23 MB/s   2m44s[K[?25h[?2026l[?2026h[?25l[A[1Gpulling manifest [K
pulling 96c415656d37:  18% ▕███               ▏ 845 MB/4.7 GB   23 MB/s   2m45s[K[?25h[?2026l[?2026h[?25l[A[1Gpulling manifest [K
pulling 96c415656d37:  18% ▕███               ▏ 846 MB/4.7 GB   23 MB/s   2m45s[K[?25h[?2026l[?2026h[?25l[A[1Gpulling manifest [K
pulling 96c415656d37:  18% ▕███               ▏ 851 MB/4.7 GB   23 MB/s   2m44s[K[?25h[?2026l[?2026h[?25l[A[1Gpulling manifest [K
pulling 96c415656d37:  18% ▕███               ▏ 854 MB/4.7 GB   23 MB/s   2m44s[K[?25h[?2026l[?2026h[?25l[A[1Gpulling manifest [K
pulling 96c415656d37:  18% ▕███               ▏ 854 MB/4.7 GB   23 MB/s   2m44s[K[?25h[?2026l[?2026h[?25l[A[1Gpulling manifest [K
pulling 96c415656d37:  18% ▕███               ▏ 858 MB/4.7 GB   23 MB/s   2m44s[K[?25h[?2026l[?2026h[?25l[A[1Gpulling manifest [K
pulling 96c415656d37:  18% ▕███               ▏ 861 MB/4.7 GB   23 MB/s   2m44s[K[?25h[?2026l[?2026h[?25l[A[1Gpulling manifest [K
pulling 96c415656d37:  18% ▕███               ▏ 863 MB/4.7 GB   23 MB/s   2m44s[K[?25h[?2026l[?2026h[?25l[A[1Gpulling manifest [K
pulling 96c415656d37:  18% ▕███               ▏ 864 MB/4.7 GB   23 MB/s   2m44s[K[?25h[?2026l[?2026h[?25l[A[1Gpulling manifest [K
pulling 96c415656d37:  19% ▕███               ▏ 869 MB/4.7 GB   23 MB/s   2m44s[K[?25h[?2026l[?2026h[?25l[A[1Gpulling manifest [K
pulling 96c415656d37:  19% ▕███               ▏ 870 MB/4.7 GB   23 MB/s   2m44s[K[?25h[?2026l[?2026h[?25l[A[1Gpulling manifest [K
pulling 96c415656d37:  19% ▕███               ▏ 872 MB/4.7 GB   23 MB/s   2m42s[K[?25h[?2026l[?2026h[?25l[A[1Gpulling manifest [K
pulling 96c415656d37:  19% ▕███               ▏ 875 MB/4.7 GB   23 MB/s   2m42s[K[?25h[?2026l[?2026h[?25l[A[1Gpulling manifest [K
pulling 96c415656d37:  19% ▕███               ▏ 876 MB/4.7 GB   23 MB/s   2m41s[K[?25h[?2026l[?2026h[?25l[A[1Gpulling manifest [K
pulling 96c415656d37:  19% ▕███               ▏ 881 MB/4.7 GB   23 MB/s   2m41s[K[?25h[?2026l[?2026h[?25l[A[1Gpulling manifest [K
pulling 96c415656d37:  19% ▕███               ▏ 887 MB/4.7 GB   23 MB/s   2m41s[K[?25h[?2026l[?2026h[?25l[A[1Gpulling manifest [K
pulling 96c415656d37:  19% ▕███               ▏ 889 MB/4.7 GB   23 MB/s   2m41s[K[?25h[?2026l[?2026h[?25l[A[1Gpulling manifest [K
pulling 96c415656d37:  19% ▕███               ▏ 891 MB/4.7 GB   23 MB/s   2m41s[K[?25h[?2026l[?2026h[?25l[A[1Gpulling manifest [K
pulling 96c415656d37:  19% ▕███               ▏ 891 MB/4.7 GB   23 MB/s   2m41s[K[?25h[?2026l[?2026h[?25l[A[1Gpulling manifest [K
pulling 96c415656d37:  19% ▕███               ▏ 892 MB/4.7 GB   23 MB/s   2m41s[K[?25h[?2026l[?2026h[?25l[A[1Gpulling manifest [K
pulling 96c415656d37:  19% ▕███               ▏ 897 MB/4.7 GB   23 MB/s   2m41s[K[?25h[?2026l[?2026h[?25l[A[1Gpulling manifest [K
pulling 96c415656d37:  19% ▕███               ▏ 902 MB/4.7 GB   24 MB/s   2m36s[K[?25h[?2026l[?2026h[?25l[A[1Gpulling manifest [K
pulling 96c415656d37:  19% ▕███               ▏ 905 MB/4.7 GB   24 MB/s   2m36s[K[?25h[?2026l[?2026h[?25l[A[1Gpulling manifest [K
pulling 96c415656d37:  19% ▕███               ▏ 911 MB/4.7 GB   24 MB/s   2m36s[K[?25h[?2026l[?2026h[?25l[A[1Gpulling manifest [K
pulling 96c415656d37:  20% ▕███               ▏ 915 MB/4.7 GB   24 MB/s   2m36s[K[?25h[?2026l[?2026h[?25l[A[1Gpulling manifest [K
pulling 96c415656d37:  20% ▕███               ▏ 916 MB/4.7 GB   24 MB/s   2m36s[K[?25h[?2026l[?2026h[?25l[A[1Gpulling manifest [K
pulling 96c415656d37:  20% ▕███               ▏ 916 MB/4.7 GB   24 MB/s   2m36s[K[?25h[?2026l[?2026h[?25l[A[1Gpulling manifest [K
pulling 96c415656d37:  20% ▕███               ▏ 917 MB/4.7 GB   24 MB/s   2m36s[K[?25h[?2026l[?2026h[?25l[A[1Gpulling manifest [K
pulling 96c415656d37:  20% ▕███               ▏ 917 MB/4.7 GB   24 MB/s   2m36s[K[?25h[?2026l[?2026h[?25l[A[1Gpulling manifest [K
pulling 96c415656d37:  20% ▕███               ▏ 918 MB/4.7 GB   24 MB/s   2m36s[K[?25h[?2026l[?2026h[?25l[A[1Gpulling manifest [K
pulling 96c415656d37:  20% ▕███               ▏ 921 MB/4.7 GB   24 MB/s   2m36s[K[?25h[?2026l[?2026h[?25l[A[1Gpulling manifest [K
pulling 96c415656d37:  20% ▕███               ▏ 922 MB/4.7 GB   24 MB/s   2m35s[K[?25h[?2026l[?2026h[?25l[A[1Gpulling manifest [K
pulling 96c415656d37:  20% ▕███               ▏ 923 MB/4.7 GB   24 MB/s   2m35s[K[?25h[?2026l[?2026h[?25l[A[1Gpulling manifest [K
pulling 96c415656d37:  20% ▕███               ▏ 926 MB/4.7 GB   24 MB/s   2m35s[K[?25h[?2026l[?2026h[?25l[A[1Gpulling manifest [K
pulling 96c415656d37:  20% ▕███               ▏ 927 MB/4.7 GB   24 MB/s   2m35s[K[?25h[?2026l[?2026h[?25l[A[1Gpulling manifest [K
pulling 96c415656d37:  20% ▕███               ▏ 930 MB/4.7 GB   24 MB/s   2m35s[K[?25h[?2026l[?2026h[?25l[A[1Gpulling manifest [K
pulling 96c415656d37:  20% ▕███               ▏ 933 MB/4.7 GB   24 MB/s   2m35s[K[?25h[?2026l[?2026h[?25l[A[1Gpulling manifest [K
pulling 96c415656d37:  20% ▕███               ▏ 934 MB/4.7 GB   24 MB/s   2m35s[K[?25h[?2026l[?2026h[?25l[A[1Gpulling manifest [K
pulling 96c415656d37:  20% ▕███               ▏ 936 MB/4.7 GB   24 MB/s   2m35s[K[?25h[?2026l[?2026h[?25l[A[1Gpulling manifest [K
pulling 96c415656d37:  20% ▕███               ▏ 937 MB/4.7 GB   24 MB/s   2m35s[K[?25h[?2026l[?2026h[?25l[A[1Gpulling manifest [K
pulling 96c415656d37:  20% ▕███               ▏ 938 MB/4.7 GB   24 MB/s   2m35s[K[?25h[?2026l[?2026h[?25l[A[1Gpulling manifest [K
pulling 96c415656d37:  20% ▕███               ▏ 940 MB/4.7 GB   23 MB/s   2m38s[K[?25h[?2026l[?2026h[?25l[A[1Gpulling manifest [K
pulling 96c415656d37:  20% ▕███               ▏ 941 MB/4.7 GB   23 MB/s   2m38s[K[?25h[?2026l[?2026h[?25l[A[1Gpulling manifest [K
pulling 96c415656d37:  20% ▕███               ▏ 944 MB/4.7 GB   23 MB/s   2m38s[K[?25h[?2026l[?2026h[?25l[A[1Gpulling manifest [K
pulling 96c415656d37:  20% ▕███               ▏ 947 MB/4.7 GB   23 MB/s   2m38s[K[?25h[?2026l[?2026h[?25l[A[1Gpulling manifest [K
pulling 96c415656d37:  20% ▕███               ▏ 949 MB/4.7 GB   23 MB/s   2m38s[K[?25h[?2026l[?2026h[?25l[A[1Gpulling manifest [K
pulling 96c415656d37:  20% ▕███               ▏ 949 MB/4.7 GB   23 MB/s   2m38s[K[?25h[?2026l[?2026h[?25l[A[1Gpulling manifest [K
pulling 96c415656d37:  20% ▕███               ▏ 953 MB/4.7 GB   23 MB/s   2m38s[K[?25h[?2026l[?2026h[?25l[A[1Gpulling manifest [K
pulling 96c415656d37:  20% ▕███               ▏ 954 MB/4.7 GB   23 MB/s   2m38s[K[?25h[?2026l[?2026h[?25l[A[1Gpulling manifest [K
pulling 96c415656d37:  20% ▕███               ▏ 955 MB/4.7 GB   23 MB/s   2m38s[K[?25h[?2026l[?2026h[?25l[A[1Gpulling manifest [K
pulling 96c415656d37:  21% ▕███               ▏ 961 MB/4.7 GB   23 MB/s   2m37s[K[?25h[?2026l[?2026h[?25l[A[1Gpulling manifest [K
pulling 96c415656d37:  21% ▕███               ▏ 963 MB/4.7 GB   23 MB/s   2m41s[K[?25h[?2026l[?2026h[?25l[A[1Gpulling manifest [K
pulling 96c415656d37:  21% ▕███               ▏ 964 MB/4.7 GB   23 MB/s   2m41s[K[?25h[?2026l[?2026h[?25l[A[1Gpulling manifest [K
pulling 96c415656d37:  21% ▕███               ▏ 966 MB/4.7 GB   23 MB/s   2m41s[K[?25h[?2026l[?2026h[?25l[A[1Gpulling manifest [K
pulling 96c415656d37:  21% ▕███               ▏ 970 MB/4.7 GB   23 MB/s   2m41s[K[?25h[?2026l[?2026h[?25l[A[1Gpulling manifest [K
pulling 96c415656d37:  21% ▕███               ▏ 972 MB/4.7 GB   23 MB/s   2m41s[K[?25h[?2026l[?2026h[?25l[A[1Gpulling manifest [K
pulling 96c415656d37:  21% ▕███               ▏ 974 MB/4.7 GB   23 MB/s   2m41s[K[?25h[?2026l[?2026h[?25l[A[1Gpulling manifest [K
pulling 96c415656d37:  21% ▕███               ▏ 977 MB/4.7 GB   23 MB/s   2m41s[K[?25h[?2026l[?2026h[?25l[A[1Gpulling manifest [K
pulling 96c415656d37:  21% ▕███               ▏ 979 MB/4.7 GB   23 MB/s   2m40s[K[?25h[?2026l[?2026h[?25l[A[1Gpulling manifest [K
pulling 96c415656d37:  21% ▕███               ▏ 983 MB/4.7 GB   23 MB/s   2m40s[K[?25h[?2026l[?2026h[?25l[A[1Gpulling manifest [K
pulling 96c415656d37:  21% ▕███               ▏ 985 MB/4.7 GB   23 MB/s   2m40s[K[?25h[?2026l[?2026h[?25l[A[1Gpulling manifest [K
pulling 96c415656d37:  21% ▕███               ▏ 986 MB/4.7 GB   23 MB/s   2m40s[K[?25h[?2026l[?2026h[?25l[A[1Gpulling manifest [K
pulling 96c415656d37:  21% ▕███               ▏ 992 MB/4.7 GB   22 MB/s   2m40s[K[?25h[?2026l[?2026h[?25l[A[1Gpulling manifest [K
pulling 96c415656d37:  21% ▕███               ▏ 999 MB/4.7 GB   22 MB/s   2m40s[K[?25h[?2026l[?2026h[?25l[A[1Gpulling manifest [K
pulling 96c415656d37:  21% ▕███               ▏ 1.0 GB/4.7 GB   22 MB/s   2m40s[K[?25h[?2026l[?2026h[?25l[A[1Gpulling manifest [K
pulling 96c415656d37:  22% ▕███               ▏ 1.0 GB/4.7 GB   22 MB/s   2m40s[K[?25h[?2026l[?2026h[?25l[A[1Gpulling manifest [K
pulling 96c415656d37:  22% ▕███               ▏ 1.0 GB/4.7 GB   22 MB/s   2m40s[K[?25h[?2026l[?2026h[?25l[A[1Gpulling manifest [K
pulling 96c415656d37:  22% ▕███               ▏ 1.0 GB/4.7 GB   22 MB/s   2m40s[K[?25h[?2026l[?2026h[?25l[A[1Gpulling manifest [K
pulling 96c415656d37:  22% ▕███               ▏ 1.0 GB/4.7 GB   22 MB/s   2m40s[K[?25h[?2026l[?2026h[?25l[A[1Gpulling manifest [K
pulling 96c415656d37:  22% ▕███               ▏ 1.0 GB/4.7 GB   22 MB/s   2m39s[K[?25h[?2026l[?2026h[?25l[A[1Gpulling manifest [K
pulling 96c415656d37:  22% ▕███               ▏ 1.0 GB/4.7 GB   22 MB/s   2m39s[K[?25h[?2026l[?2026h[?25l[A[1Gpulling manifest [K
pulling 96c415656d37:  22% ▕███               ▏ 1.0 GB/4.7 GB   22 MB/s   2m39s[K[?25h[?2026l[?2026h[?25l[A[1Gpulling manifest [K
pulling 96c415656d37:  22% ▕███               ▏ 1.0 GB/4.7 GB   24 MB/s   2m29s[K[?25h[?2026l[?2026h[?25l[A[1Gpulling manifest [K
pulling 96c415656d37:  22% ▕███               ▏ 1.0 GB/4.7 GB   24 MB/s   2m29s[K[?25h[?2026l[?2026h[?25l[A[1Gpulling manifest [K
pulling 96c415656d37:  22% ▕███               ▏ 1.0 GB/4.7 GB   24 MB/s   2m29s[K[?25h[?2026l[?2026h[?25l[A[1Gpulling manifest [K
pulling 96c415656d37:  22% ▕███               ▏ 1.0 GB/4.7 GB   24 MB/s   2m29s[K[?25h[?2026l[?2026h[?25l[A[1Gpulling manifest [K
pulling 96c415656d37:  22% ▕███               ▏ 1.0 GB/4.7 GB   24 MB/s   2m29s[K[?25h[?2026l[?2026h[?25l[A[1Gpulling manifest [K
pulling 96c415656d37:  22% ▕███               ▏ 1.0 GB/4.7 GB   24 MB/s   2m29s[K[?25h[?2026l[?2026h[?25l[A[1Gpulling manifest [K
pulling 96c415656d37:  22% ▕███               ▏ 1.0 GB/4.7 GB   24 MB/s   2m29s[K[?25h[?2026l[?2026h[?25l[A[1Gpulling manifest [K
pulling 96c415656d37:  22% ▕███               ▏ 1.0 GB/4.7 GB   24 MB/s   2m29s[K[?25h[?2026l[?2026h[?25l[A[1Gpulling manifest [K
pulling 96c415656d37:  22% ▕███               ▏ 1.0 GB/4.7 GB   24 MB/s   2m29s[K[?25h[?2026l[?2026h[?25l[A[1Gpulling manifest [K
pulling 96c415656d37:  22% ▕███               ▏ 1.0 GB/4.7 GB   24 MB/s   2m29s[K[?25h[?2026l[?2026h[?25l[A[1Gpulling manifest [K
pulling 96c415656d37:  22% ▕███               ▏ 1.0 GB/4.7 GB   24 MB/s   2m30s[K[?25h[?2026l[?2026h[?25l[A[1Gpulling manifest [K
pulling 96c415656d37:  22% ▕████              ▏ 1.0 GB/4.7 GB   24 MB/s   2m30s[K[?25h[?2026l[?2026h[?25l[A[1Gpulling manifest [K
pulling 96c415656d37:  22% ▕████              ▏ 1.0 GB/4.7 GB   24 MB/s   2m30s[K[?25h[?2026l[?2026h[?25l[A[1Gpulling manifest [K
pulling 96c415656d37:  22% ▕████              ▏ 1.0 GB/4.7 GB   24 MB/s   2m30s[K[?25h[?2026l[?2026h[?25l[A[1Gpulling manifest [K
pulling 96c415656d37:  22% ▕████              ▏ 1.1 GB/4.7 GB   24 MB/s   2m30s[K[?25h[?2026l[?2026h[?25l[A[1Gpulling manifest [K
pulling 96c415656d37:  22% ▕████              ▏ 1.1 GB/4.7 GB   24 MB/s   2m29s[K[?25h[?2026l[?2026h[?25l[A[1Gpulling manifest [K
pulling 96c415656d37:  23% ▕████              ▏ 1.1 GB/4.7 GB   24 MB/s   2m29s[K[?25h[?2026l[?2026h[?25l[A[1Gpulling manifest [K
pulling 96c415656d37:  23% ▕████              ▏ 1.1 GB/4.7 GB   24 MB/s   2m29s[K[?25h[?2026l[?2026h[?25l[A[1Gpulling manifest [K
pulling 96c415656d37:  23% ▕████              ▏ 1.1 GB/4.7 GB   24 MB/s   2m29s[K[?25h[?2026l[?2026h[?25l[A[1Gpulling manifest [K
pulling 96c415656d37:  23% ▕████              ▏ 1.1 GB/4.7 GB   24 MB/s   2m29s[K[?25h[?2026l[?2026h[?25l[A[1Gpulling manifest [K
pulling 96c415656d37:  23% ▕████              ▏ 1.1 GB/4.7 GB   23 MB/s   2m31s[K[?25h[?2026l[?2026h[?25l[A[1Gpulling manifest [K
pulling 96c415656d37:  23% ▕████              ▏ 1.1 GB/4.7 GB   23 MB/s   2m31s[K[?25h[?2026l[?2026h[?25l[A[1Gpulling manifest [K
pulling 96c415656d37:  23% ▕████              ▏ 1.1 GB/4.7 GB   23 MB/s   2m31s[K[?25h[?2026l[?2026h[?25l[A[1Gpulling manifest [K
pulling 96c415656d37:  23% ▕████              ▏ 1.1 GB/4.7 GB   23 MB/s   2m31s[K[?25h[?2026l[?2026h[?25l[A[1Gpulling manifest [K
pulling 96c415656d37:  23% ▕████              ▏ 1.1 GB/4.7 GB   23 MB/s   2m31s[K[?25h[?2026l[?2026h[?25l[A[1Gpulling manifest [K
pulling 96c415656d37:  23% ▕████              ▏ 1.1 GB/4.7 GB   23 MB/s   2m31s[K[?25h[?2026l[?2026h[?25l[A[1Gpulling manifest [K
pulling 96c415656d37:  23% ▕████              ▏ 1.1 GB/4.7 GB   23 MB/s   2m31s[K[?25h[?2026l[?2026h[?25l[A[1Gpulling manifest [K
pulling 96c415656d37:  23% ▕████              ▏ 1.1 GB/4.7 GB   23 MB/s   2m31s[K[?25h[?2026l[?2026h[?25l[A[1Gpulling manifest [K
pulling 96c415656d37:  23% ▕████              ▏ 1.1 GB/4.7 GB   23 MB/s   2m31s[K[?25h[?2026l[?2026h[?25l[A[1Gpulling manifest [K
pulling 96c415656d37:  23% ▕████              ▏ 1.1 GB/4.7 GB   23 MB/s   2m31s[K[?25h[?2026l[?2026h[?25l[A[1Gpulling manifest [K
pulling 96c415656d37:  23% ▕████              ▏ 1.1 GB/4.7 GB   23 MB/s   2m34s[K[?25h[?2026l[?2026h[?25l[A[1Gpulling manifest [K
pulling 96c415656d37:  23% ▕████              ▏ 1.1 GB/4.7 GB   23 MB/s   2m34s[K[?25h[?2026l[?2026h[?25l[A[1Gpulling manifest [K
pulling 96c415656d37:  23% ▕████              ▏ 1.1 GB/4.7 GB   23 MB/s   2m34s[K[?25h[?2026l[?2026h[?25l[A[1Gpulling manifest [K
pulling 96c415656d37:  23% ▕████              ▏ 1.1 GB/4.7 GB   23 MB/s   2m34s[K[?25h[?2026l[?2026h[?25l[A[1Gpulling manifest [K
pulling 96c415656d37:  23% ▕████              ▏ 1.1 GB/4.7 GB   23 MB/s   2m34s[K[?25h[?2026l[?2026h[?25l[A[1Gpulling manifest [K
pulling 96c415656d37:  23% ▕████              ▏ 1.1 GB/4.7 GB   23 MB/s   2m34s[K[?25h[?2026l[?2026h[?25l[A[1Gpulling manifest [K
pulling 96c415656d37:  23% ▕████              ▏ 1.1 GB/4.7 GB   23 MB/s   2m34s[K[?25h[?2026l[?2026h[?25l[A[1Gpulling manifest [K
pulling 96c415656d37:  23% ▕████              ▏ 1.1 GB/4.7 GB   23 MB/s   2m34s[K[?25h[?2026l[?2026h[?25l[A[1Gpulling manifest [K
pulling 96c415656d37:  23% ▕████              ▏ 1.1 GB/4.7 GB   23 MB/s   2m34s[K[?25h[?2026l[?2026h[?25l[A[1Gpulling manifest [K
pulling 96c415656d37:  23% ▕████              ▏ 1.1 GB/4.7 GB   23 MB/s   2m34s[K[?25h[?2026l[?2026h[?25l[A[1Gpulling manifest [K
pulling 96c415656d37:  24% ▕████              ▏ 1.1 GB/4.7 GB   23 MB/s   2m34s[K[?25h[?2026l[?2026h[?25l[A[1Gpulling manifest [K
pulling 96c415656d37:  24% ▕████              ▏ 1.1 GB/4.7 GB   22 MB/s   2m38s[K[?25h[?2026l[?2026h[?25l[A[1Gpulling manifest [K
pulling 96c415656d37:  24% ▕████              ▏ 1.1 GB/4.7 GB   22 MB/s   2m38s[K[?25h[?2026l[?2026h[?25l[A[1Gpulling manifest [K
pulling 96c415656d37:  24% ▕████              ▏ 1.1 GB/4.7 GB   22 MB/s   2m38s[K[?25h[?2026l[?2026h[?25l[A[1Gpulling manifest [K
pulling 96c415656d37:  24% ▕████              ▏ 1.1 GB/4.7 GB   22 MB/s   2m38s[K[?25h[?2026l[?2026h[?25l[A[1Gpulling manifest [K
pulling 96c415656d37:  24% ▕████              ▏ 1.1 GB/4.7 GB   22 MB/s   2m38s[K[?25h[?2026l[?2026h[?25l[A[1Gpulling manifest [K
pulling 96c415656d37:  24% ▕████              ▏ 1.1 GB/4.7 GB   22 MB/s   2m37s[K[?25h[?2026l[?2026h[?25l[A[1Gpulling manifest [K
pulling 96c415656d37:  24% ▕████              ▏ 1.1 GB/4.7 GB   22 MB/s   2m37s[K[?25h[?2026l[?2026h[?25l[A[1Gpulling manifest [K
pulling 96c415656d37:  24% ▕████              ▏ 1.1 GB/4.7 GB   22 MB/s   2m37s[K[?25h[?2026l[?2026h[?25l[A[1Gpulling manifest [K
pulling 96c415656d37:  24% ▕████              ▏ 1.1 GB/4.7 GB   22 MB/s   2m37s[K[?25h[?2026l[?2026h[?25l[A[1Gpulling manifest [K
pulling 96c415656d37:  24% ▕████              ▏ 1.1 GB/4.7 GB   22 MB/s   2m37s[K[?25h[?2026l[?2026h[?25l[A[1Gpulling manifest [K
pulling 96c415656d37:  24% ▕████              ▏ 1.1 GB/4.7 GB   23 MB/s   2m34s[K[?25h[?2026l[?2026h[?25l[A[1Gpulling manifest [K
pulling 96c415656d37:  24% ▕████              ▏ 1.1 GB/4.7 GB   23 MB/s   2m34s[K[?25h[?2026l[?2026h[?25l[A[1Gpulling manifest [K
pulling 96c415656d37:  24% ▕████              ▏ 1.1 GB/4.7 GB   23 MB/s   2m33s[K[?25h[?2026l[?2026h[?25l[A[1Gpulling manifest [K
pulling 96c415656d37:  24% ▕████              ▏ 1.1 GB/4.7 GB   23 MB/s   2m33s[K[?25h[?2026l[?2026h[?25l[A[1Gpulling manifest [K
pulling 96c415656d37:  24% ▕████              ▏ 1.1 GB/4.7 GB   23 MB/s   2m33s[K[?25h[?2026l[?2026h[?25l[A[1Gpulling manifest [K
pulling 96c415656d37:  25% ▕████              ▏ 1.2 GB/4.7 GB   23 MB/s   2m33s[K[?25h[?2026l[?2026h[?25l[A[1Gpulling manifest [K
pulling 96c415656d37:  25% ▕████              ▏ 1.2 GB/4.7 GB   23 MB/s   2m33s[K[?25h[?2026l[?2026h[?25l[A[1Gpulling manifest [K
pulling 96c415656d37:  25% ▕████              ▏ 1.2 GB/4.7 GB   23 MB/s   2m33s[K[?25h[?2026l[?2026h[?25l[A[1Gpulling manifest [K
pulling 96c415656d37:  25% ▕████              ▏ 1.2 GB/4.7 GB   23 MB/s   2m33s[K[?25h[?2026l[?2026h[?25l[A[1Gpulling manifest [K
pulling 96c415656d37:  25% ▕████              ▏ 1.2 GB/4.7 GB   23 MB/s   2m32s[K[?25h[?2026l[?2026h[?25l[A[1Gpulling manifest [K
pulling 96c415656d37:  25% ▕████              ▏ 1.2 GB/4.7 GB   24 MB/s   2m24s[K[?25h[?2026l[?2026h[?25l[A[1Gpulling manifest [K
pulling 96c415656d37:  25% ▕████              ▏ 1.2 GB/4.7 GB   24 MB/s   2m24s[K[?25h[?2026l[?2026h[?25l[A[1Gpulling manifest [K
pulling 96c415656d37:  25% ▕████              ▏ 1.2 GB/4.7 GB   24 MB/s   2m24s[K[?25h[?2026l[?2026h[?25l[A[1Gpulling manifest [K
pulling 96c415656d37:  25% ▕████              ▏ 1.2 GB/4.7 GB   24 MB/s   2m24s[K[?25h[?2026l[?2026h[?25l[A[1Gpulling manifest [K
pulling 96c415656d37:  25% ▕████              ▏ 1.2 GB/4.7 GB   24 MB/s   2m24s[K[?25h[?2026l[?2026h[?25l[A[1Gpulling manifest [K
pulling 96c415656d37:  25% ▕████              ▏ 1.2 GB/4.7 GB   24 MB/s   2m24s[K[?25h[?2026l[?2026h[?25l[A[1Gpulling manifest [K
pulling 96c415656d37:  25% ▕████              ▏ 1.2 GB/4.7 GB   24 MB/s   2m24s[K[?25h[?2026l[?2026h[?25l[A[1Gpulling manifest [K
pulling 96c415656d37:  25% ▕████              ▏ 1.2 GB/4.7 GB   24 MB/s   2m24s[K[?25h[?2026l[?2026h[?25l[A[1Gpulling manifest [K
pulling 96c415656d37:  25% ▕████              ▏ 1.2 GB/4.7 GB   24 MB/s   2m24s[K[?25h[?2026l[?2026h[?25l[A[1Gpulling manifest [K
pulling 96c415656d37:  25% ▕████              ▏ 1.2 GB/4.7 GB   24 MB/s   2m24s[K[?25h[?2026l[?2026h[?25l[A[1Gpulling manifest [K
pulling 96c415656d37:  25% ▕████              ▏ 1.2 GB/4.7 GB   23 MB/s   2m27s[K[?25h[?2026l[?2026h[?25l[A[1Gpulling manifest [K
pulling 96c415656d37:  25% ▕████              ▏ 1.2 GB/4.7 GB   23 MB/s   2m27s[K[?25h[?2026l[?2026h[?25l[A[1Gpulling manifest [K
pulling 96c415656d37:  25% ▕████              ▏ 1.2 GB/4.7 GB   23 MB/s   2m27s[K[?25h[?2026l[?2026h[?25l[A[1Gpulling manifest [K
pulling 96c415656d37:  25% ▕████              ▏ 1.2 GB/4.7 GB   23 MB/s   2m27s[K[?25h[?2026l[?2026h[?25l[A[1Gpulling manifest [K
pulling 96c415656d37:  25% ▕████              ▏ 1.2 GB/4.7 GB   23 MB/s   2m27s[K[?25h[?2026l[?2026h[?25l[A[1Gpulling manifest [K
pulling 96c415656d37:  25% ▕████              ▏ 1.2 GB/4.7 GB   23 MB/s   2m27s[K[?25h[?2026l[?2026h[?25l[A[1Gpulling manifest [K
pulling 96c415656d37:  25% ▕████              ▏ 1.2 GB/4.7 GB   23 MB/s   2m27s[K[?25h[?2026l[?2026h[?25l[A[1Gpulling manifest [K
pulling 96c415656d37:  25% ▕████              ▏ 1.2 GB/4.7 GB   23 MB/s   2m27s[K[?25h[?2026l[?2026h[?25l[A[1Gpulling manifest [K
pulling 96c415656d37:  25% ▕████              ▏ 1.2 GB/4.7 GB   23 MB/s   2m27s[K[?25h[?2026l[?2026h[?25l[A[1Gpulling manifest [K
pulling 96c415656d37:  26% ▕████              ▏ 1.2 GB/4.7 GB   23 MB/s   2m27s[K[?25h[?2026l[?2026h[?25l[A[1Gpulling manifest [K
pulling 96c415656d37:  26% ▕████              ▏ 1.2 GB/4.7 GB   23 MB/s   2m30s[K[?25h[?2026l[?2026h[?25l[A[1Gpulling manifest [K
pulling 96c415656d37:  26% ▕████              ▏ 1.2 GB/4.7 GB   23 MB/s   2m30s[K[?25h[?2026l[?2026h[?25l[A[1Gpulling manifest [K
pulling 96c415656d37:  26% ▕████              ▏ 1.2 GB/4.7 GB   23 MB/s   2m30s[K[?25h[?2026l[?2026h[?25l[A[1Gpulling manifest [K
pulling 96c415656d37:  26% ▕████              ▏ 1.2 GB/4.7 GB   23 MB/s   2m30s[K[?25h[?2026l[?2026h[?25l[A[1Gpulling manifest [K
pulling 96c415656d37:  26% ▕████              ▏ 1.2 GB/4.7 GB   23 MB/s   2m30s[K[?25h[?2026l[?2026h[?25l[A[1Gpulling manifest [K
pulling 96c415656d37:  26% ▕████              ▏ 1.2 GB/4.7 GB   23 MB/s   2m30s[K[?25h[?2026l[?2026h[?25l[A[1Gpulling manifest [K
pulling 96c415656d37:  26% ▕████              ▏ 1.2 GB/4.7 GB   23 MB/s   2m30s[K[?25h[?2026l[?2026h[?25l[A[1Gpulling manifest [K
pulling 96c415656d37:  26% ▕████              ▏ 1.2 GB/4.7 GB   23 MB/s   2m30s[K[?25h[?2026l[?2026h[?25l[A[1Gpulling manifest [K
pulling 96c415656d37:  26% ▕████              ▏ 1.2 GB/4.7 GB   23 MB/s   2m30s[K[?25h[?2026l[?2026h[?25l[A[1Gpulling manifest [K
pulling 96c415656d37:  26% ▕████              ▏ 1.2 GB/4.7 GB   23 MB/s   2m30s[K[?25h[?2026l[?2026h[?25l[A[1Gpulling manifest [K
pulling 96c415656d37:  26% ▕████              ▏ 1.2 GB/4.7 GB   23 MB/s   2m29s[K[?25h[?2026l[?2026h[?25l[A[1Gpulling manifest [K
pulling 96c415656d37:  26% ▕████              ▏ 1.2 GB/4.7 GB   22 MB/s   2m35s[K[?25h[?2026l[?2026h[?25l[A[1Gpulling manifest [K
pulling 96c415656d37:  26% ▕████              ▏ 1.2 GB/4.7 GB   22 MB/s   2m35s[K[?25h[?2026l[?2026h[?25l[A[1Gpulling manifest [K
pulling 96c415656d37:  26% ▕████              ▏ 1.2 GB/4.7 GB   22 MB/s   2m35s[K[?25h[?2026l[?2026h[?25l[A[1Gpulling manifest [K
pulling 96c415656d37:  26% ▕████              ▏ 1.2 GB/4.7 GB   22 MB/s   2m35s[K[?25h[?2026l[?2026h[?25l[A[1Gpulling manifest [K
pulling 96c415656d37:  26% ▕████              ▏ 1.2 GB/4.7 GB   22 MB/s   2m35s[K[?25h[?2026l[?2026h[?25l[A[1Gpulling manifest [K
pulling 96c415656d37:  26% ▕████              ▏ 1.2 GB/4.7 GB   22 MB/s   2m35s[K[?25h[?2026l[?2026h[?25l[A[1Gpulling manifest [K
pulling 96c415656d37:  27% ▕████              ▏ 1.2 GB/4.7 GB   22 MB/s   2m34s[K[?25h[?2026l[?2026h[?25l[A[1Gpulling manifest [K
pulling 96c415656d37:  27% ▕████              ▏ 1.3 GB/4.7 GB   22 MB/s   2m34s[K[?25h[?2026l[?2026h[?25l[A[1Gpulling manifest [K
pulling 96c415656d37:  27% ▕████              ▏ 1.3 GB/4.7 GB   22 MB/s   2m34s[K[?25h[?2026l[?2026h[?25l[A[1Gpulling manifest [K
pulling 96c415656d37:  27% ▕████              ▏ 1.3 GB/4.7 GB   22 MB/s   2m34s[K[?25h[?2026l[?2026h[?25l[A[1Gpulling manifest [K
pulling 96c415656d37:  27% ▕████              ▏ 1.3 GB/4.7 GB   24 MB/s   2m22s[K[?25h[?2026l[?2026h[?25l[A[1Gpulling manifest [K
pulling 96c415656d37:  27% ▕████              ▏ 1.3 GB/4.7 GB   24 MB/s   2m21s[K[?25h[?2026l[?2026h[?25l[A[1Gpulling manifest [K
pulling 96c415656d37:  27% ▕████              ▏ 1.3 GB/4.7 GB   24 MB/s   2m21s[K[?25h[?2026l[?2026h[?25l[A[1Gpulling manifest [K
pulling 96c415656d37:  27% ▕████              ▏ 1.3 GB/4.7 GB   24 MB/s   2m21s[K[?25h[?2026l[?2026h[?25l[A[1Gpulling manifest [K
pulling 96c415656d37:  27% ▕████              ▏ 1.3 GB/4.7 GB   24 MB/s   2m21s[K[?25h[?2026l[?2026h[?25l[A[1Gpulling manifest [K
pulling 96c415656d37:  27% ▕████              ▏ 1.3 GB/4.7 GB   24 MB/s   2m21s[K[?25h[?2026l[?2026h[?25l[A[1Gpulling manifest [K
pulling 96c415656d37:  27% ▕████              ▏ 1.3 GB/4.7 GB   24 MB/s   2m21s[K[?25h[?2026l[?2026h[?25l[A[1Gpulling manifest [K
pulling 96c415656d37:  27% ▕████              ▏ 1.3 GB/4.7 GB   24 MB/s   2m21s[K[?25h[?2026l[?2026h[?25l[A[1Gpulling manifest [K
pulling 96c415656d37:  27% ▕████              ▏ 1.3 GB/4.7 GB   24 MB/s   2m21s[K[?25h[?2026l[?2026h[?25l[A[1Gpulling manifest [K
pulling 96c415656d37:  27% ▕████              ▏ 1.3 GB/4.7 GB   24 MB/s   2m21s[K[?25h[?2026l[?2026h[?25l[A[1Gpulling manifest [K
pulling 96c415656d37:  27% ▕████              ▏ 1.3 GB/4.7 GB   23 MB/s   2m26s[K[?25h[?2026l[?2026h[?25l[A[1Gpulling manifest [K
pulling 96c415656d37:  27% ▕████              ▏ 1.3 GB/4.7 GB   23 MB/s   2m26s[K[?25h[?2026l[?2026h[?25l[A[1Gpulling manifest [K
pulling 96c415656d37:  27% ▕████              ▏ 1.3 GB/4.7 GB   23 MB/s   2m26s[K[?25h[?2026l[?2026h[?25l[A[1Gpulling manifest [K
pulling 96c415656d37:  27% ▕████              ▏ 1.3 GB/4.7 GB   23 MB/s   2m26s[K[?25h[?2026l[?2026h[?25l[A[1Gpulling manifest [K
pulling 96c415656d37:  27% ▕████              ▏ 1.3 GB/4.7 GB   23 MB/s   2m26s[K[?25h[?2026l[?2026h[?25l[A[1Gpulling manifest [K
pulling 96c415656d37:  27% ▕████              ▏ 1.3 GB/4.7 GB   23 MB/s   2m26s[K[?25h[?2026l[?2026h[?25l[A[1Gpulling manifest [K
pulling 96c415656d37:  27% ▕████              ▏ 1.3 GB/4.7 GB   23 MB/s   2m25s[K[?25h[?2026l[?2026h[?25l[A[1Gpulling manifest [K
pulling 96c415656d37:  28% ▕████              ▏ 1.3 GB/4.7 GB   23 MB/s   2m25s[K[?25h[?2026l[?2026h[?25l[A[1Gpulling manifest [K
pulling 96c415656d37:  28% ▕████              ▏ 1.3 GB/4.7 GB   23 MB/s   2m25s[K[?25h[?2026l[?2026h[?25l[A[1Gpulling manifest [K
pulling 96c415656d37:  28% ▕████              ▏ 1.3 GB/4.7 GB   23 MB/s   2m25s[K[?25h[?2026l[?2026h[?25l[A[1Gpulling manifest [K
pulling 96c415656d37:  28% ▕████              ▏ 1.3 GB/4.7 GB   23 MB/s   2m24s[K[?25h[?2026l[?2026h[?25l[A[1Gpulling manifest [K
pulling 96c415656d37:  28% ▕████              ▏ 1.3 GB/4.7 GB   23 MB/s   2m24s[K[?25h[?2026l[?2026h[?25l[A[1Gpulling manifest [K
pulling 96c415656d37:  28% ▕████              ▏ 1.3 GB/4.7 GB   23 MB/s   2m24s[K[?25h[?2026l[?2026h[?25l[A[1Gpulling manifest [K
pulling 96c415656d37:  28% ▕████              ▏ 1.3 GB/4.7 GB   23 MB/s   2m24s[K[?25h[?2026l[?2026h[?25l[A[1Gpulling manifest [K
pulling 96c415656d37:  28% ▕████              ▏ 1.3 GB/4.7 GB   23 MB/s   2m24s[K[?25h[?2026l[?2026h[?25l[A[1Gpulling manifest [K
pulling 96c415656d37:  28% ▕████              ▏ 1.3 GB/4.7 GB   23 MB/s   2m24s[K[?25h[?2026l[?2026h[?25l[A[1Gpulling manifest [K
pulling 96c415656d37:  28% ▕█████             ▏ 1.3 GB/4.7 GB   23 MB/s   2m23s[K[?25h[?2026l[?2026h[?25l[A[1Gpulling manifest [K
pulling 96c415656d37:  28% ▕█████             ▏ 1.3 GB/4.7 GB   23 MB/s   2m23s[K[?25h[?2026l[?2026h[?25l[A[1Gpulling manifest [K
pulling 96c415656d37:  28% ▕█████             ▏ 1.3 GB/4.7 GB   23 MB/s   2m23s[K[?25h[?2026l[?2026h[?25l[A[1Gpulling manifest [K
pulling 96c415656d37:  28% ▕█████             ▏ 1.3 GB/4.7 GB   23 MB/s   2m23s[K[?25h[?2026l[?2026h[?25l[A[1Gpulling manifest [K
pulling 96c415656d37:  28% ▕█████             ▏ 1.3 GB/4.7 GB   22 MB/s   2m27s[K[?25h[?2026l[?2026h[?25l[A[1Gpulling manifest [K
pulling 96c415656d37:  28% ▕█████             ▏ 1.3 GB/4.7 GB   22 MB/s   2m27s[K[?25h[?2026l[?2026h[?25l[A[1Gpulling manifest [K
pulling 96c415656d37:  28% ▕█████             ▏ 1.3 GB/4.7 GB   22 MB/s   2m27s[K[?25h[?2026l[?2026h[?25l[A[1Gpulling manifest [K
pulling 96c415656d37:  28% ▕█████             ▏ 1.3 GB/4.7 GB   22 MB/s   2m26s[K[?25h[?2026l[?2026h[?25l[A[1Gpulling manifest [K
pulling 96c415656d37:  28% ▕█████             ▏ 1.3 GB/4.7 GB   22 MB/s   2m26s[K[?25h[?2026l[?2026h[?25l[A[1Gpulling manifest [K
pulling 96c415656d37:  28% ▕█████             ▏ 1.3 GB/4.7 GB   22 MB/s   2m26s[K[?25h[?2026l[?2026h[?25l[A[1Gpulling manifest [K
pulling 96c415656d37:  28% ▕█████             ▏ 1.3 GB/4.7 GB   22 MB/s   2m26s[K[?25h[?2026l[?2026h[?25l[A[1Gpulling manifest [K
pulling 96c415656d37:  28% ▕█████             ▏ 1.3 GB/4.7 GB   22 MB/s   2m26s[K[?25h[?2026l[?2026h[?25l[A[1Gpulling manifest [K
pulling 96c415656d37:  28% ▕█████             ▏ 1.3 GB/4.7 GB   22 MB/s   2m26s[K[?25h[?2026l[?2026h[?25l[A[1Gpulling manifest [K
pulling 96c415656d37:  28% ▕█████             ▏ 1.3 GB/4.7 GB   22 MB/s   2m26s[K[?25h[?2026l[?2026h[?25l[A[1Gpulling manifest [K
pulling 96c415656d37:  28% ▕█████             ▏ 1.3 GB/4.7 GB   22 MB/s   2m26s[K[?25h[?2026l[?2026h[?25l[A[1Gpulling manifest [K
pulling 96c415656d37:  28% ▕█████             ▏ 1.3 GB/4.7 GB   22 MB/s   2m31s[K[?25h[?2026l[?2026h[?25l[A[1Gpulling manifest [K
pulling 96c415656d37:  28% ▕█████             ▏ 1.3 GB/4.7 GB   22 MB/s   2m31s[K[?25h[?2026l[?2026h[?25l[A[1Gpulling manifest [K
pulling 96c415656d37:  29% ▕█████             ▏ 1.3 GB/4.7 GB   22 MB/s   2m31s[K[?25h[?2026l[?2026h[?25l[A[1Gpulling manifest [K
pulling 96c415656d37:  29% ▕█████             ▏ 1.3 GB/4.7 GB   22 MB/s   2m31s[K[?25h[?2026l[?2026h[?25l[A[1Gpulling manifest [K
pulling 96c415656d37:  29% ▕█████             ▏ 1.3 GB/4.7 GB   22 MB/s   2m31s[K[?25h[?2026l[?2026h[?25l[A[1Gpulling manifest [K
pulling 96c415656d37:  29% ▕█████             ▏ 1.3 GB/4.7 GB   22 MB/s   2m30s[K[?25h[?2026l[?2026h[?25l[A[1Gpulling manifest [K
pulling 96c415656d37:  29% ▕█████             ▏ 1.3 GB/4.7 GB   22 MB/s   2m30s[K[?25h[?2026l[?2026h[?25l[A[1Gpulling manifest [K
pulling 96c415656d37:  29% ▕█████             ▏ 1.3 GB/4.7 GB   22 MB/s   2m30s[K[?25h[?2026l[?2026h[?25l[A[1Gpulling manifest [K
pulling 96c415656d37:  29% ▕█████             ▏ 1.3 GB/4.7 GB   22 MB/s   2m30s[K[?25h[?2026l[?2026h[?25l[A[1Gpulling manifest [K
pulling 96c415656d37:  29% ▕█████             ▏ 1.3 GB/4.7 GB   22 MB/s   2m30s[K[?25h[?2026l[?2026h[?25l[A[1Gpulling manifest [K
pulling 96c415656d37:  29% ▕█████             ▏ 1.4 GB/4.7 GB   21 MB/s   2m35s[K[?25h[?2026l[?2026h[?25l[A[1Gpulling manifest [K
pulling 96c415656d37:  29% ▕█████             ▏ 1.4 GB/4.7 GB   21 MB/s   2m35s[K[?25h[?2026l[?2026h[?25l[A[1Gpulling manifest [K
pulling 96c415656d37:  29% ▕█████             ▏ 1.4 GB/4.7 GB   21 MB/s   2m35s[K[?25h[?2026l[?2026h[?25l[A[1Gpulling manifest [K
pulling 96c415656d37:  29% ▕█████             ▏ 1.4 GB/4.7 GB   21 MB/s   2m35s[K[?25h[?2026l[?2026h[?25l[A[1Gpulling manifest [K
pulling 96c415656d37:  29% ▕█████             ▏ 1.4 GB/4.7 GB   21 MB/s   2m35s[K[?25h[?2026l[?2026h[?25l[A[1Gpulling manifest [K
pulling 96c415656d37:  29% ▕█████             ▏ 1.4 GB/4.7 GB   21 MB/s   2m35s[K[?25h[?2026l[?2026h[?25l[A[1Gpulling manifest [K
pulling 96c415656d37:  29% ▕█████             ▏ 1.4 GB/4.7 GB   21 MB/s   2m34s[K[?25h[?2026l[?2026h[?25l[A[1Gpulling manifest [K
pulling 96c415656d37:  29% ▕█████             ▏ 1.4 GB/4.7 GB   21 MB/s   2m34s[K[?25h[?2026l[?2026h[?25l[A[1Gpulling manifest [K
pulling 96c415656d37:  29% ▕█████             ▏ 1.4 GB/4.7 GB   21 MB/s   2m34s[K[?25h[?2026l[?2026h[?25l[A[1Gpulling manifest [K
pulling 96c415656d37:  29% ▕█████             ▏ 1.4 GB/4.7 GB   21 MB/s   2m34s[K[?25h[?2026l[?2026h[?25l[A[1Gpulling manifest [K
pulling 96c415656d37:  29% ▕█████             ▏ 1.4 GB/4.7 GB   21 MB/s   2m30s[K[?25h[?2026l[?2026h[?25l[A[1Gpulling manifest [K
pulling 96c415656d37:  29% ▕█████             ▏ 1.4 GB/4.7 GB   21 MB/s   2m30s[K[?25h[?2026l[?2026h[?25l[A[1Gpulling manifest [K
pulling 96c415656d37:  30% ▕█████             ▏ 1.4 GB/4.7 GB   21 MB/s   2m30s[K[?25h[?2026l[?2026h[?25l[A[1Gpulling manifest [K
pulling 96c415656d37:  30% ▕█████             ▏ 1.4 GB/4.7 GB   21 MB/s   2m29s[K[?25h[?2026l[?2026h[?25l[A[1Gpulling manifest [K
pulling 96c415656d37:  30% ▕█████             ▏ 1.4 GB/4.7 GB   21 MB/s   2m29s[K[?25h[?2026l[?2026h[?25l[A[1Gpulling manifest [K
pulling 96c415656d37:  30% ▕█████             ▏ 1.4 GB/4.7 GB   21 MB/s   2m29s[K[?25h[?2026l[?2026h[?25l[A[1Gpulling manifest [K
pulling 96c415656d37:  30% ▕█████             ▏ 1.4 GB/4.7 GB   21 MB/s   2m29s[K[?25h[?2026l[?2026h[?25l[A[1Gpulling manifest [K
pulling 96c415656d37:  30% ▕█████             ▏ 1.4 GB/4.7 GB   21 MB/s   2m29s[K[?25h[?2026l[?2026h[?25l[A[1Gpulling manifest [K
pulling 96c415656d37:  30% ▕█████             ▏ 1.4 GB/4.7 GB   21 MB/s   2m29s[K[?25h[?2026l[?2026h[?25l[A[1Gpulling manifest [K
pulling 96c415656d37:  30% ▕█████             ▏ 1.4 GB/4.7 GB   21 MB/s   2m29s[K[?25h[?2026l[?2026h[?25l[A[1Gpulling manifest [K
pulling 96c415656d37:  30% ▕█████             ▏ 1.4 GB/4.7 GB   23 MB/s   2m19s[K[?25h[?2026l[?2026h[?25l[A[1Gpulling manifest [K
pulling 96c415656d37:  30% ▕█████             ▏ 1.4 GB/4.7 GB   23 MB/s   2m19s[K[?25h[?2026l[?2026h[?25l[A[1Gpulling manifest [K
pulling 96c415656d37:  30% ▕█████             ▏ 1.4 GB/4.7 GB   23 MB/s   2m19s[K[?25h[?2026l[?2026h[?25l[A[1Gpulling manifest [K
pulling 96c415656d37:  30% ▕█████             ▏ 1.4 GB/4.7 GB   23 MB/s   2m19s[K[?25h[?2026l[?2026h[?25l[A[1Gpulling manifest [K
pulling 96c415656d37:  30% ▕█████             ▏ 1.4 GB/4.7 GB   23 MB/s   2m19s[K[?25h[?2026l[?2026h[?25l[A[1Gpulling manifest [K
pulling 96c415656d37:  30% ▕█████             ▏ 1.4 GB/4.7 GB   23 MB/s   2m19s[K[?25h[?2026l[?2026h[?25l[A[1Gpulling manifest [K
pulling 96c415656d37:  30% ▕█████             ▏ 1.4 GB/4.7 GB   23 MB/s   2m19s[K[?25h[?2026l[?2026h[?25l[A[1Gpulling manifest [K
pulling 96c415656d37:  30% ▕█████             ▏ 1.4 GB/4.7 GB   23 MB/s   2m18s[K[?25h[?2026l[?2026h[?25l[A[1Gpulling manifest [K
pulling 96c415656d37:  30% ▕█████             ▏ 1.4 GB/4.7 GB   23 MB/s   2m18s[K[?25h[?2026l[?2026h[?25l[A[1Gpulling manifest [K
pulling 96c415656d37:  30% ▕█████             ▏ 1.4 GB/4.7 GB   23 MB/s   2m18s[K[?25h[?2026l[?2026h[?25l[A[1Gpulling manifest [K
pulling 96c415656d37:  31% ▕█████             ▏ 1.4 GB/4.7 GB   23 MB/s   2m19s[K[?25h[?2026l[?2026h[?25l[A[1Gpulling manifest [K
pulling 96c415656d37:  31% ▕█████             ▏ 1.4 GB/4.7 GB   23 MB/s   2m19s[K[?25h[?2026l[?2026h[?25l[A[1Gpulling manifest [K
pulling 96c415656d37:  31% ▕█████             ▏ 1.4 GB/4.7 GB   23 MB/s   2m19s[K[?25h[?2026l[?2026h[?25l[A[1Gpulling manifest [K
pulling 96c415656d37:  31% ▕█████             ▏ 1.4 GB/4.7 GB   23 MB/s   2m18s[K[?25h[?2026l[?2026h[?25l[A[1Gpulling manifest [K
pulling 96c415656d37:  31% ▕█████             ▏ 1.4 GB/4.7 GB   23 MB/s   2m18s[K[?25h[?2026l[?2026h[?25l[A[1Gpulling manifest [K
pulling 96c415656d37:  31% ▕█████             ▏ 1.4 GB/4.7 GB   23 MB/s   2m18s[K[?25h[?2026l[?2026h[?25l[A[1Gpulling manifest [K
pulling 96c415656d37:  31% ▕█████             ▏ 1.4 GB/4.7 GB   23 MB/s   2m18s[K[?25h[?2026l[?2026h[?25l[A[1Gpulling manifest [K
pulling 96c415656d37:  31% ▕█████             ▏ 1.4 GB/4.7 GB   23 MB/s   2m18s[K[?25h[?2026l[?2026h[?25l[A[1Gpulling manifest [K
pulling 96c415656d37:  31% ▕█████             ▏ 1.4 GB/4.7 GB   23 MB/s   2m18s[K[?25h[?2026l[?2026h[?25l[A[1Gpulling manifest [K
pulling 96c415656d37:  31% ▕█████             ▏ 1.4 GB/4.7 GB   23 MB/s   2m18s[K[?25h[?2026l[?2026h[?25l[A[1Gpulling manifest [K
pulling 96c415656d37:  31% ▕█████             ▏ 1.4 GB/4.7 GB   23 MB/s   2m18s[K[?25h[?2026l[?2026h[?25l[A[1Gpulling manifest [K
pulling 96c415656d37:  31% ▕█████             ▏ 1.4 GB/4.7 GB   21 MB/s   2m32s[K[?25h[?2026l[?2026h[?25l[A[1Gpulling manifest [K
pulling 96c415656d37:  31% ▕█████             ▏ 1.5 GB/4.7 GB   21 MB/s   2m31s[K[?25h[?2026l[?2026h[?25l[A[1Gpulling manifest [K
pulling 96c415656d37:  31% ▕█████             ▏ 1.5 GB/4.7 GB   21 MB/s   2m31s[K[?25h[?2026l[?2026h[?25l[A[1Gpulling manifest [K
pulling 96c415656d37:  31% ▕█████             ▏ 1.5 GB/4.7 GB   21 MB/s   2m31s[K[?25h[?2026l[?2026h[?25l[A[1Gpulling manifest [K
pulling 96c415656d37:  31% ▕█████             ▏ 1.5 GB/4.7 GB   21 MB/s   2m31s[K[?25h[?2026l[?2026h[?25l[A[1Gpulling manifest [K
pulling 96c415656d37:  31% ▕█████             ▏ 1.5 GB/4.7 GB   21 MB/s   2m31s[K[?25h[?2026l[?2026h[?25l[A[1Gpulling manifest [K
pulling 96c415656d37:  31% ▕█████             ▏ 1.5 GB/4.7 GB   21 MB/s   2m31s[K[?25h[?2026l[?2026h[?25l[A[1Gpulling manifest [K
pulling 96c415656d37:  31% ▕█████             ▏ 1.5 GB/4.7 GB   21 MB/s   2m31s[K[?25h[?2026l[?2026h[?25l[A[1Gpulling manifest [K
pulling 96c415656d37:  31% ▕█████             ▏ 1.5 GB/4.7 GB   21 MB/s   2m31s[K[?25h[?2026l[?2026h[?25l[A[1Gpulling manifest [K
pulling 96c415656d37:  31% ▕█████             ▏ 1.5 GB/4.7 GB   21 MB/s   2m30s[K[?25h[?2026l[?2026h[?25l[A[1Gpulling manifest [K
pulling 96c415656d37:  32% ▕█████             ▏ 1.5 GB/4.7 GB   23 MB/s   2m18s[K[?25h[?2026l[?2026h[?25l[A[1Gpulling manifest [K
pulling 96c415656d37:  32% ▕█████             ▏ 1.5 GB/4.7 GB   23 MB/s   2m18s[K[?25h[?2026l[?2026h[?25l[A[1Gpulling manifest [K
pulling 96c415656d37:  32% ▕█████             ▏ 1.5 GB/4.7 GB   23 MB/s   2m18s[K[?25h[?2026l[?2026h[?25l[A[1Gpulling manifest [K
pulling 96c415656d37:  32% ▕█████             ▏ 1.5 GB/4.7 GB   23 MB/s   2m18s[K[?25h[?2026l[?2026h[?25l[A[1Gpulling manifest [K
pulling 96c415656d37:  32% ▕█████             ▏ 1.5 GB/4.7 GB   23 MB/s   2m18s[K[?25h[?2026l[?2026h[?25l[A[1Gpulling manifest [K
pulling 96c415656d37:  32% ▕█████             ▏ 1.5 GB/4.7 GB   23 MB/s   2m18s[K[?25h[?2026l[?2026h[?25l[A[1Gpulling manifest [K
pulling 96c415656d37:  32% ▕█████             ▏ 1.5 GB/4.7 GB   23 MB/s   2m18s[K[?25h[?2026l[?2026h[?25l[A[1Gpulling manifest [K
pulling 96c415656d37:  32% ▕█████             ▏ 1.5 GB/4.7 GB   23 MB/s   2m18s[K[?25h[?2026l[?2026h[?25l[A[1Gpulling manifest [K
pulling 96c415656d37:  32% ▕█████             ▏ 1.5 GB/4.7 GB   23 MB/s   2m18s[K[?25h[?2026l[?2026h[?25l[A[1Gpulling manifest [K
pulling 96c415656d37:  32% ▕█████             ▏ 1.5 GB/4.7 GB   23 MB/s   2m18s[K[?25h[?2026l[?2026h[?25l[A[1Gpulling manifest [K
pulling 96c415656d37:  32% ▕█████             ▏ 1.5 GB/4.7 GB   22 MB/s   2m23s[K[?25h[?2026l[?2026h[?25l[A[1Gpulling manifest [K
pulling 96c415656d37:  32% ▕█████             ▏ 1.5 GB/4.7 GB   22 MB/s   2m23s[K[?25h[?2026l[?2026h[?25l[A[1Gpulling manifest [K
pulling 96c415656d37:  32% ▕█████             ▏ 1.5 GB/4.7 GB   22 MB/s   2m23s[K[?25h[?2026l[?2026h[?25l[A[1Gpulling manifest [K
pulling 96c415656d37:  32% ▕█████             ▏ 1.5 GB/4.7 GB   22 MB/s   2m23s[K[?25h[?2026l[?2026h[?25l[A[1Gpulling manifest [K
pulling 96c415656d37:  32% ▕█████             ▏ 1.5 GB/4.7 GB   22 MB/s   2m23s[K[?25h[?2026l[?2026h[?25l[A[1Gpulling manifest [K
pulling 96c415656d37:  32% ▕█████             ▏ 1.5 GB/4.7 GB   22 MB/s   2m23s[K[?25h[?2026l[?2026h[?25l[A[1Gpulling manifest [K
pulling 96c415656d37:  32% ▕█████             ▏ 1.5 GB/4.7 GB   22 MB/s   2m23s[K[?25h[?2026l[?2026h[?25l[A[1Gpulling manifest [K
pulling 96c415656d37:  32% ▕█████             ▏ 1.5 GB/4.7 GB   22 MB/s   2m23s[K[?25h[?2026l[?2026h[?25l[A[1Gpulling manifest [K
pulling 96c415656d37:  32% ▕█████             ▏ 1.5 GB/4.7 GB   22 MB/s   2m23s[K[?25h[?2026l[?2026h[?25l[A[1Gpulling manifest [K
pulling 96c415656d37:  32% ▕█████             ▏ 1.5 GB/4.7 GB   22 MB/s   2m23s[K[?25h[?2026l[?2026h[?25l[A[1Gpulling manifest [K
pulling 96c415656d37:  32% ▕█████             ▏ 1.5 GB/4.7 GB   22 MB/s   2m20s[K[?25h[?2026l[?2026h[?25l[A[1Gpulling manifest [K
pulling 96c415656d37:  32% ▕█████             ▏ 1.5 GB/4.7 GB   22 MB/s   2m20s[K[?25h[?2026l[?2026h[?25l[A[1Gpulling manifest [K
pulling 96c415656d37:  32% ▕█████             ▏ 1.5 GB/4.7 GB   22 MB/s   2m20s[K[?25h[?2026l[?2026h[?25l[A[1Gpulling manifest [K
pulling 96c415656d37:  32% ▕█████             ▏ 1.5 GB/4.7 GB   22 MB/s   2m20s[K[?25h[?2026l[?2026h[?25l[A[1Gpulling manifest [K
pulling 96c415656d37:  33% ▕█████             ▏ 1.5 GB/4.7 GB   22 MB/s   2m20s[K[?25h[?2026l[?2026h[?25l[A[1Gpulling manifest [K
pulling 96c415656d37:  33% ▕█████             ▏ 1.5 GB/4.7 GB   22 MB/s   2m20s[K[?25h[?2026l[?2026h[?25l[A[1Gpulling manifest [K
pulling 96c415656d37:  33% ▕█████             ▏ 1.5 GB/4.7 GB   22 MB/s   2m19s[K[?25h[?2026l[?2026h[?25l[A[1Gpulling manifest [K
pulling 96c415656d37:  33% ▕█████             ▏ 1.5 GB/4.7 GB   22 MB/s   2m19s[K[?25h[?2026l[?2026h[?25l[A[1Gpulling manifest [K
pulling 96c415656d37:  33% ▕█████             ▏ 1.5 GB/4.7 GB   22 MB/s   2m19s[K[?25h[?2026l[?2026h[?25l[A[1Gpulling manifest [K
pulling 96c415656d37:  33% ▕█████             ▏ 1.5 GB/4.7 GB   22 MB/s   2m19s[K[?25h[?2026l[?2026h[?25l[A[1Gpulling manifest [K
pulling 96c415656d37:  33% ▕█████             ▏ 1.5 GB/4.7 GB   23 MB/s   2m16s[K[?25h[?2026l[?2026h[?25l[A[1Gpulling manifest [K
pulling 96c415656d37:  33% ▕█████             ▏ 1.5 GB/4.7 GB   23 MB/s   2m16s[K[?25h[?2026l[?2026h[?25l[A[1Gpulling manifest [K
pulling 96c415656d37:  33% ▕█████             ▏ 1.5 GB/4.7 GB   23 MB/s   2m16s[K[?25h[?2026l[?2026h[?25l[A[1Gpulling manifest [K
pulling 96c415656d37:  33% ▕█████             ▏ 1.5 GB/4.7 GB   23 MB/s   2m15s[K[?25h[?2026l[?2026h[?25l[A[1Gpulling manifest [K
pulling 96c415656d37:  33% ▕█████             ▏ 1.5 GB/4.7 GB   23 MB/s   2m15s[K[?25h[?2026l[?2026h[?25l[A[1Gpulling manifest [K
pulling 96c415656d37:  33% ▕█████             ▏ 1.5 GB/4.7 GB   23 MB/s   2m15s[K[?25h[?2026l[?2026h[?25l[A[1Gpulling manifest [K
pulling 96c415656d37:  33% ▕█████             ▏ 1.5 GB/4.7 GB   23 MB/s   2m15s[K[?25h[?2026l[?2026h[?25l[A[1Gpulling manifest [K
pulling 96c415656d37:  33% ▕█████             ▏ 1.5 GB/4.7 GB   23 MB/s   2m15s[K[?25h[?2026l[?2026h[?25l[A[1Gpulling manifest [K
pulling 96c415656d37:  33% ▕█████             ▏ 1.6 GB/4.7 GB   23 MB/s   2m15s[K[?25h[?2026l[?2026h[?25l[A[1Gpulling manifest [K
pulling 96c415656d37:  33% ▕█████             ▏ 1.6 GB/4.7 GB   23 MB/s   2m15s[K[?25h[?2026l[?2026h[?25l[A[1Gpulling manifest [K
pulling 96c415656d37:  33% ▕█████             ▏ 1.6 GB/4.7 GB   23 MB/s   2m15s[K[?25h[?2026l[?2026h[?25l[A[1Gpulling manifest [K
pulling 96c415656d37:  33% ▕█████             ▏ 1.6 GB/4.7 GB   22 MB/s   2m17s[K[?25h[?2026l[?2026h[?25l[A[1Gpulling manifest [K
pulling 96c415656d37:  33% ▕█████             ▏ 1.6 GB/4.7 GB   22 MB/s   2m16s[K[?25h[?2026l[?2026h[?25l[A[1Gpulling manifest [K
pulling 96c415656d37:  33% ▕██████            ▏ 1.6 GB/4.7 GB   22 MB/s   2m16s[K[?25h[?2026l[?2026h[?25l[A[1Gpulling manifest [K
pulling 96c415656d37:  33% ▕██████            ▏ 1.6 GB/4.7 GB   22 MB/s   2m16s[K[?25h[?2026l[?2026h[?25l[A[1Gpulling manifest [K
pulling 96c415656d37:  33% ▕██████            ▏ 1.6 GB/4.7 GB   22 MB/s   2m16s[K[?25h[?2026l[?2026h[?25l[A[1Gpulling manifest [K
pulling 96c415656d37:  34% ▕██████            ▏ 1.6 GB/4.7 GB   22 MB/s   2m16s[K[?25h[?2026l[?2026h[?25l[A[1Gpulling manifest [K
pulling 96c415656d37:  34% ▕██████            ▏ 1.6 GB/4.7 GB   22 MB/s   2m16s[K[?25h[?2026l[?2026h[?25l[A[1Gpulling manifest [K
pulling 96c415656d37:  34% ▕██████            ▏ 1.6 GB/4.7 GB   22 MB/s   2m16s[K[?25h[?2026l[?2026h[?25l[A[1Gpulling manifest [K
pulling 96c415656d37:  34% ▕██████            ▏ 1.6 GB/4.7 GB   22 MB/s   2m16s[K[?25h[?2026l[?2026h[?25l[A[1Gpulling manifest [K
pulling 96c415656d37:  34% ▕██████            ▏ 1.6 GB/4.7 GB   22 MB/s   2m16s[K[?25h[?2026l[?2026h[?25l[A[1Gpulling manifest [K
pulling 96c415656d37:  34% ▕██████            ▏ 1.6 GB/4.7 GB   22 MB/s   2m15s[K[?25h[?2026l[?2026h[?25l[A[1Gpulling manifest [K
pulling 96c415656d37:  34% ▕██████            ▏ 1.6 GB/4.7 GB   22 MB/s   2m15s[K[?25h[?2026l[?2026h[?25l[A[1Gpulling manifest [K
pulling 96c415656d37:  34% ▕██████            ▏ 1.6 GB/4.7 GB   22 MB/s   2m15s[K[?25h[?2026l[?2026h[?25l[A[1Gpulling manifest [K
pulling 96c415656d37:  34% ▕██████            ▏ 1.6 GB/4.7 GB   22 MB/s   2m14s[K[?25h[?2026l[?2026h[?25l[A[1Gpulling manifest [K
pulling 96c415656d37:  34% ▕██████            ▏ 1.6 GB/4.7 GB   22 MB/s   2m14s[K[?25h[?2026l[?2026h[?25l[A[1Gpulling manifest [K
pulling 96c415656d37:  34% ▕██████            ▏ 1.6 GB/4.7 GB   22 MB/s   2m14s[K[?25h[?2026l[?2026h[?25l[A[1Gpulling manifest [K
pulling 96c415656d37:  34% ▕██████            ▏ 1.6 GB/4.7 GB   22 MB/s   2m14s[K[?25h[?2026l[?2026h[?25l[A[1Gpulling manifest [K
pulling 96c415656d37:  34% ▕██████            ▏ 1.6 GB/4.7 GB   22 MB/s   2m14s[K[?25h[?2026l[?2026h[?25l[A[1Gpulling manifest [K
pulling 96c415656d37:  34% ▕██████            ▏ 1.6 GB/4.7 GB   22 MB/s   2m14s[K[?25h[?2026l[?2026h[?25l[A[1Gpulling manifest [K
pulling 96c415656d37:  34% ▕██████            ▏ 1.6 GB/4.7 GB   22 MB/s   2m14s[K[?25h[?2026l[?2026h[?25l[A[1Gpulling manifest [K
pulling 96c415656d37:  34% ▕██████            ▏ 1.6 GB/4.7 GB   22 MB/s   2m19s[K[?25h[?2026l[?2026h[?25l[A[1Gpulling manifest [K
pulling 96c415656d37:  34% ▕██████            ▏ 1.6 GB/4.7 GB   22 MB/s   2m18s[K[?25h[?2026l[?2026h[?25l[A[1Gpulling manifest [K
pulling 96c415656d37:  34% ▕██████            ▏ 1.6 GB/4.7 GB   22 MB/s   2m18s[K[?25h[?2026l[?2026h[?25l[A[1Gpulling manifest [K
pulling 96c415656d37:  35% ▕██████            ▏ 1.6 GB/4.7 GB   22 MB/s   2m18s[K[?25h[?2026l[?2026h[?25l[A[1Gpulling manifest [K
pulling 96c415656d37:  35% ▕██████            ▏ 1.6 GB/4.7 GB   22 MB/s   2m18s[K[?25h[?2026l[?2026h[?25l[A[1Gpulling manifest [K
pulling 96c415656d37:  35% ▕██████            ▏ 1.6 GB/4.7 GB   22 MB/s   2m18s[K[?25h[?2026l[?2026h[?25l[A[1Gpulling manifest [K
pulling 96c415656d37:  35% ▕██████            ▏ 1.6 GB/4.7 GB   22 MB/s   2m18s[K[?25h[?2026l[?2026h[?25l[A[1Gpulling manifest [K
pulling 96c415656d37:  35% ▕██████            ▏ 1.6 GB/4.7 GB   22 MB/s   2m18s[K[?25h[?2026l[?2026h[?25l[A[1Gpulling manifest [K
pulling 96c415656d37:  35% ▕██████            ▏ 1.6 GB/4.7 GB   22 MB/s   2m18s[K[?25h[?2026l[?2026h[?25l[A[1Gpulling manifest [K
pulling 96c415656d37:  35% ▕██████            ▏ 1.6 GB/4.7 GB   22 MB/s   2m18s[K[?25h[?2026l[?2026h[?25l[A[1Gpulling manifest [K
pulling 96c415656d37:  35% ▕██████            ▏ 1.6 GB/4.7 GB   22 MB/s   2m16s[K[?25h[?2026l[?2026h[?25l[A[1Gpulling manifest [K
pulling 96c415656d37:  35% ▕██████            ▏ 1.6 GB/4.7 GB   22 MB/s   2m16s[K[?25h[?2026l[?2026h[?25l[A[1Gpulling manifest [K
pulling 96c415656d37:  35% ▕██████            ▏ 1.6 GB/4.7 GB   22 MB/s   2m16s[K[?25h[?2026l[?2026h[?25l[A[1Gpulling manifest [K
pulling 96c415656d37:  35% ▕██████            ▏ 1.6 GB/4.7 GB   22 MB/s   2m16s[K[?25h[?2026l[?2026h[?25l[A[1Gpulling manifest [K
pulling 96c415656d37:  35% ▕██████            ▏ 1.6 GB/4.7 GB   22 MB/s   2m16s[K[?25h[?2026l[?2026h[?25l[A[1Gpulling manifest [K
pulling 96c415656d37:  35% ▕██████            ▏ 1.6 GB/4.7 GB   22 MB/s   2m16s[K[?25h[?2026l[?2026h[?25l[A[1Gpulling manifest [K
pulling 96c415656d37:  35% ▕██████            ▏ 1.7 GB/4.7 GB   22 MB/s   2m15s[K[?25h[?2026l[?2026h[?25l[A[1Gpulling manifest [K
pulling 96c415656d37:  35% ▕██████            ▏ 1.7 GB/4.7 GB   22 MB/s   2m15s[K[?25h[?2026l[?2026h[?25l[A[1Gpulling manifest [K
pulling 96c415656d37:  35% ▕██████            ▏ 1.7 GB/4.7 GB   22 MB/s   2m15s[K[?25h[?2026l[?2026h[?25l[A[1Gpulling manifest [K
pulling 96c415656d37:  35% ▕██████            ▏ 1.7 GB/4.7 GB   22 MB/s   2m15s[K[?25h[?2026l[?2026h[?25l[A[1Gpulling manifest [K
pulling 96c415656d37:  35% ▕██████            ▏ 1.7 GB/4.7 GB   23 MB/s    2m8s[K[?25h[?2026l[?2026h[?25l[A[1Gpulling manifest [K
pulling 96c415656d37:  35% ▕██████            ▏ 1.7 GB/4.7 GB   23 MB/s    2m8s[K[?25h[?2026l[?2026h[?25l[A[1Gpulling manifest [K
pulling 96c415656d37:  35% ▕██████            ▏ 1.7 GB/4.7 GB   23 MB/s    2m7s[K[?25h[?2026l[?2026h[?25l[A[1Gpulling manifest [K
pulling 96c415656d37:  36% ▕██████            ▏ 1.7 GB/4.7 GB   23 MB/s    2m7s[K[?25h[?2026l[?2026h[?25l[A[1Gpulling manifest [K
pulling 96c415656d37:  36% ▕██████            ▏ 1.7 GB/4.7 GB   23 MB/s    2m7s[K[?25h[?2026l[?2026h[?25l[A[1Gpulling manifest [K
pulling 96c415656d37:  36% ▕██████            ▏ 1.7 GB/4.7 GB   23 MB/s    2m7s[K[?25h[?2026l[?2026h[?25l[A[1Gpulling manifest [K
pulling 96c415656d37:  36% ▕██████            ▏ 1.7 GB/4.7 GB   23 MB/s    2m7s[K[?25h[?2026l[?2026h[?25l[A[1Gpulling manifest [K
pulling 96c415656d37:  36% ▕██████            ▏ 1.7 GB/4.7 GB   23 MB/s    2m7s[K[?25h[?2026l[?2026h[?25l[A[1Gpulling manifest [K
pulling 96c415656d37:  36% ▕██████            ▏ 1.7 GB/4.7 GB   23 MB/s    2m7s[K[?25h[?2026l[?2026h[?25l[A[1Gpulling manifest [K
pulling 96c415656d37:  36% ▕██████            ▏ 1.7 GB/4.7 GB   23 MB/s    2m7s[K[?25h[?2026l[?2026h[?25l[A[1Gpulling manifest [K
pulling 96c415656d37:  36% ▕██████            ▏ 1.7 GB/4.7 GB   23 MB/s    2m7s[K[?25h[?2026l[?2026h[?25l[A[1Gpulling manifest [K
pulling 96c415656d37:  36% ▕██████            ▏ 1.7 GB/4.7 GB   22 MB/s   2m13s[K[?25h[?2026l[?2026h[?25l[A[1Gpulling manifest [K
pulling 96c415656d37:  36% ▕██████            ▏ 1.7 GB/4.7 GB   22 MB/s   2m13s[K[?25h[?2026l[?2026h[?25l[A[1Gpulling manifest [K
pulling 96c415656d37:  36% ▕██████            ▏ 1.7 GB/4.7 GB   22 MB/s   2m13s[K[?25h[?2026l[?2026h[?25l[A[1Gpulling manifest [K
pulling 96c415656d37:  36% ▕██████            ▏ 1.7 GB/4.7 GB   22 MB/s   2m12s[K[?25h[?2026l[?2026h[?25l[A[1Gpulling manifest [K
pulling 96c415656d37:  36% ▕██████            ▏ 1.7 GB/4.7 GB   22 MB/s   2m12s[K[?25h[?2026l[?2026h[?25l[A[1Gpulling manifest [K
pulling 96c415656d37:  36% ▕██████            ▏ 1.7 GB/4.7 GB   22 MB/s   2m12s[K[?25h[?2026l[?2026h[?25l[A[1Gpulling manifest [K
pulling 96c415656d37:  36% ▕██████            ▏ 1.7 GB/4.7 GB   22 MB/s   2m12s[K[?25h[?2026l[?2026h[?25l[A[1Gpulling manifest [K
pulling 96c415656d37:  36% ▕██████            ▏ 1.7 GB/4.7 GB   22 MB/s   2m12s[K[?25h[?2026l[?2026h[?25l[A[1Gpulling manifest [K
pulling 96c415656d37:  36% ▕██████            ▏ 1.7 GB/4.7 GB   22 MB/s   2m12s[K[?25h[?2026l[?2026h[?25l[A[1Gpulling manifest [K
pulling 96c415656d37:  36% ▕██████            ▏ 1.7 GB/4.7 GB   22 MB/s   2m12s[K[?25h[?2026l[?2026h[?25l[A[1Gpulling manifest [K
pulling 96c415656d37:  36% ▕██████            ▏ 1.7 GB/4.7 GB   23 MB/s    2m4s[K[?25h[?2026l[?2026h[?25l[A[1Gpulling manifest [K
pulling 96c415656d37:  36% ▕██████            ▏ 1.7 GB/4.7 GB   23 MB/s    2m4s[K[?25h[?2026l[?2026h[?25l[A[1Gpulling manifest [K
pulling 96c415656d37:  37% ▕██████            ▏ 1.7 GB/4.7 GB   23 MB/s    2m4s[K[?25h[?2026l[?2026h[?25l[A[1Gpulling manifest [K
pulling 96c415656d37:  37% ▕██████            ▏ 1.7 GB/4.7 GB   23 MB/s    2m4s[K[?25h[?2026l[?2026h[?25l[A[1Gpulling manifest [K
pulling 96c415656d37:  37% ▕██████            ▏ 1.7 GB/4.7 GB   23 MB/s    2m4s[K[?25h[?2026l[?2026h[?25l[A[1Gpulling manifest [K
pulling 96c415656d37:  37% ▕██████            ▏ 1.7 GB/4.7 GB   23 MB/s    2m3s[K[?25h[?2026l[?2026h[?25l[A[1Gpulling manifest [K
pulling 96c415656d37:  37% ▕██████            ▏ 1.7 GB/4.7 GB   23 MB/s    2m3s[K[?25h[?2026l[?2026h[?25l[A[1Gpulling manifest [K
pulling 96c415656d37:  37% ▕██████            ▏ 1.7 GB/4.7 GB   23 MB/s    2m3s[K[?25h[?2026l[?2026h[?25l[A[1Gpulling manifest [K
pulling 96c415656d37:  37% ▕██████            ▏ 1.7 GB/4.7 GB   23 MB/s    2m3s[K[?25h[?2026l[?2026h[?25l[A[1Gpulling manifest [K
pulling 96c415656d37:  37% ▕██████            ▏ 1.7 GB/4.7 GB   23 MB/s    2m3s[K[?25h[?2026l[?2026h[?25l[A[1Gpulling manifest [K
pulling 96c415656d37:  37% ▕██████            ▏ 1.7 GB/4.7 GB   23 MB/s    2m3s[K[?25h[?2026l[?2026h[?25l[A[1Gpulling manifest [K
pulling 96c415656d37:  37% ▕██████            ▏ 1.7 GB/4.7 GB   23 MB/s    2m3s[K[?25h[?2026l[?2026h[?25l[A[1Gpulling manifest [K
pulling 96c415656d37:  37% ▕██████            ▏ 1.7 GB/4.7 GB   23 MB/s    2m3s[K[?25h[?2026l[?2026h[?25l[A[1Gpulling manifest [K
pulling 96c415656d37:  37% ▕██████            ▏ 1.7 GB/4.7 GB   23 MB/s    2m3s[K[?25h[?2026l[?2026h[?25l[A[1Gpulling manifest [K
pulling 96c415656d37:  37% ▕██████            ▏ 1.7 GB/4.7 GB   23 MB/s    2m3s[K[?25h[?2026l[?2026h[?25l[A[1Gpulling manifest [K
pulling 96c415656d37:  37% ▕██████            ▏ 1.7 GB/4.7 GB   23 MB/s    2m3s[K[?25h[?2026l[?2026h[?25l[A[1Gpulling manifest [K
pulling 96c415656d37:  37% ▕██████            ▏ 1.7 GB/4.7 GB   23 MB/s    2m3s[K[?25h[?2026l[?2026h[?25l[A[1Gpulling manifest [K
pulling 96c415656d37:  37% ▕██████            ▏ 1.7 GB/4.7 GB   23 MB/s    2m3s[K[?25h[?2026l[?2026h[?25l[A[1Gpulling manifest [K
pulling 96c415656d37:  37% ▕██████            ▏ 1.7 GB/4.7 GB   23 MB/s    2m3s[K[?25h[?2026l[?2026h[?25l[A[1Gpulling manifest [K
pulling 96c415656d37:  37% ▕██████            ▏ 1.7 GB/4.7 GB   23 MB/s    2m3s[K[?25h[?2026l[?2026h[?25l[A[1Gpulling manifest [K
pulling 96c415656d37:  37% ▕██████            ▏ 1.7 GB/4.7 GB   22 MB/s    2m7s[K[?25h[?2026l[?2026h[?25l[A[1Gpulling manifest [K
pulling 96c415656d37:  37% ▕██████            ▏ 1.7 GB/4.7 GB   22 MB/s    2m7s[K[?25h[?2026l[?2026h[?25l[A[1Gpulling manifest [K
pulling 96c415656d37:  37% ▕██████            ▏ 1.7 GB/4.7 GB   22 MB/s    2m7s[K[?25h[?2026l[?2026h[?25l[A[1Gpulling manifest [K
pulling 96c415656d37:  37% ▕██████            ▏ 1.7 GB/4.7 GB   22 MB/s    2m7s[K[?25h[?2026l[?2026h[?25l[A[1Gpulling manifest [K
pulling 96c415656d37:  37% ▕██████            ▏ 1.8 GB/4.7 GB   22 MB/s    2m7s[K[?25h[?2026l[?2026h[?25l[A[1Gpulling manifest [K
pulling 96c415656d37:  37% ▕██████            ▏ 1.8 GB/4.7 GB   22 MB/s    2m7s[K[?25h[?2026l[?2026h[?25l[A[1Gpulling manifest [K
pulling 96c415656d37:  38% ▕██████            ▏ 1.8 GB/4.7 GB   22 MB/s    2m7s[K[?25h[?2026l[?2026h[?25l[A[1Gpulling manifest [K
pulling 96c415656d37:  38% ▕██████            ▏ 1.8 GB/4.7 GB   22 MB/s    2m7s[K[?25h[?2026l[?2026h[?25l[A[1Gpulling manifest [K
pulling 96c415656d37:  38% ▕██████            ▏ 1.8 GB/4.7 GB   22 MB/s    2m7s[K[?25h[?2026l[?2026h[?25l[A[1Gpulling manifest [K
pulling 96c415656d37:  38% ▕██████            ▏ 1.8 GB/4.7 GB   22 MB/s    2m7s[K[?25h[?2026l[?2026h[?25l[A[1Gpulling manifest [K
pulling 96c415656d37:  38% ▕██████            ▏ 1.8 GB/4.7 GB   23 MB/s    2m4s[K[?25h[?2026l[?2026h[?25l[A[1Gpulling manifest [K
pulling 96c415656d37:  38% ▕██████            ▏ 1.8 GB/4.7 GB   23 MB/s    2m4s[K[?25h[?2026l[?2026h[?25l[A[1Gpulling manifest [K
pulling 96c415656d37:  38% ▕██████            ▏ 1.8 GB/4.7 GB   23 MB/s    2m4s[K[?25h[?2026l[?2026h[?25l[A[1Gpulling manifest [K
pulling 96c415656d37:  38% ▕██████            ▏ 1.8 GB/4.7 GB   23 MB/s    2m4s[K[?25h[?2026l[?2026h[?25l[A[1Gpulling manifest [K
pulling 96c415656d37:  38% ▕██████            ▏ 1.8 GB/4.7 GB   23 MB/s    2m4s[K[?25h[?2026l[?2026h[?25l[A[1Gpulling manifest [K
pulling 96c415656d37:  38% ▕██████            ▏ 1.8 GB/4.7 GB   23 MB/s    2m4s[K[?25h[?2026l[?2026h[?25l[A[1Gpulling manifest [K
pulling 96c415656d37:  38% ▕██████            ▏ 1.8 GB/4.7 GB   23 MB/s    2m3s[K[?25h[?2026l[?2026h[?25l[A[1Gpulling manifest [K
pulling 96c415656d37:  38% ▕██████            ▏ 1.8 GB/4.7 GB   23 MB/s    2m3s[K[?25h[?2026l[?2026h[?25l[A[1Gpulling manifest [K
pulling 96c415656d37:  38% ▕██████            ▏ 1.8 GB/4.7 GB   23 MB/s    2m3s[K[?25h[?2026l[?2026h[?25l[A[1Gpulling manifest [K
pulling 96c415656d37:  38% ▕██████            ▏ 1.8 GB/4.7 GB   23 MB/s    2m3s[K[?25h[?2026l[?2026h[?25l[A[1Gpulling manifest [K
pulling 96c415656d37:  38% ▕██████            ▏ 1.8 GB/4.7 GB   23 MB/s    2m3s[K[?25h[?2026l[?2026h[?25l[A[1Gpulling manifest [K
pulling 96c415656d37:  38% ▕██████            ▏ 1.8 GB/4.7 GB   23 MB/s    2m2s[K[?25h[?2026l[?2026h[?25l[A[1Gpulling manifest [K
pulling 96c415656d37:  38% ▕██████            ▏ 1.8 GB/4.7 GB   23 MB/s    2m2s[K[?25h[?2026l[?2026h[?25l[A[1Gpulling manifest [K
pulling 96c415656d37:  38% ▕██████            ▏ 1.8 GB/4.7 GB   23 MB/s    2m2s[K[?25h[?2026l[?2026h[?25l[A[1Gpulling manifest [K
pulling 96c415656d37:  38% ▕██████            ▏ 1.8 GB/4.7 GB   23 MB/s    2m2s[K[?25h[?2026l[?2026h[?25l[A[1Gpulling manifest [K
pulling 96c415656d37:  38% ▕██████            ▏ 1.8 GB/4.7 GB   23 MB/s    2m2s[K[?25h[?2026l[?2026h[?25l[A[1Gpulling manifest [K
pulling 96c415656d37:  38% ▕██████            ▏ 1.8 GB/4.7 GB   23 MB/s    2m2s[K[?25h[?2026l[?2026h[?25l[A[1Gpulling manifest [K
pulling 96c415656d37:  39% ▕██████            ▏ 1.8 GB/4.7 GB   23 MB/s    2m2s[K[?25h[?2026l[?2026h[?25l[A[1Gpulling manifest [K
pulling 96c415656d37:  39% ▕██████            ▏ 1.8 GB/4.7 GB   23 MB/s    2m2s[K[?25h[?2026l[?2026h[?25l[A[1Gpulling manifest [K
pulling 96c415656d37:  39% ▕██████            ▏ 1.8 GB/4.7 GB   23 MB/s    2m2s[K[?25h[?2026l[?2026h[?25l[A[1Gpulling manifest [K
pulling 96c415656d37:  39% ▕██████            ▏ 1.8 GB/4.7 GB   23 MB/s    2m1s[K[?25h[?2026l[?2026h[?25l[A[1Gpulling manifest [K
pulling 96c415656d37:  39% ▕██████            ▏ 1.8 GB/4.7 GB   22 MB/s    2m5s[K[?25h[?2026l[?2026h[?25l[A[1Gpulling manifest [K
pulling 96c415656d37:  39% ▕██████            ▏ 1.8 GB/4.7 GB   22 MB/s    2m5s[K[?25h[?2026l[?2026h[?25l[A[1Gpulling manifest [K
pulling 96c415656d37:  39% ▕██████            ▏ 1.8 GB/4.7 GB   22 MB/s    2m5s[K[?25h[?2026l[?2026h[?25l[A[1Gpulling manifest [K
pulling 96c415656d37:  39% ▕███████           ▏ 1.8 GB/4.7 GB   22 MB/s    2m5s[K[?25h[?2026l[?2026h[?25l[A[1Gpulling manifest [K
pulling 96c415656d37:  39% ▕███████           ▏ 1.8 GB/4.7 GB   22 MB/s    2m5s[K[?25h[?2026l[?2026h[?25l[A[1Gpulling manifest [K
pulling 96c415656d37:  39% ▕███████           ▏ 1.8 GB/4.7 GB   22 MB/s    2m5s[K[?25h[?2026l[?2026h[?25l[A[1Gpulling manifest [K
pulling 96c415656d37:  39% ▕███████           ▏ 1.8 GB/4.7 GB   22 MB/s    2m5s[K[?25h[?2026l[?2026h[?25l[A[1Gpulling manifest [K
pulling 96c415656d37:  39% ▕███████           ▏ 1.8 GB/4.7 GB   22 MB/s    2m5s[K[?25h[?2026l[?2026h[?25l[A[1Gpulling manifest [K
pulling 96c415656d37:  39% ▕███████           ▏ 1.8 GB/4.7 GB   22 MB/s    2m5s[K[?25h[?2026l[?2026h[?25l[A[1Gpulling manifest [K
pulling 96c415656d37:  39% ▕███████           ▏ 1.8 GB/4.7 GB   22 MB/s    2m4s[K[?25h[?2026l[?2026h[?25l[A[1Gpulling manifest [K
pulling 96c415656d37:  39% ▕███████           ▏ 1.8 GB/4.7 GB   22 MB/s    2m6s[K[?25h[?2026l[?2026h[?25l[A[1Gpulling manifest [K
pulling 96c415656d37:  39% ▕███████           ▏ 1.8 GB/4.7 GB   22 MB/s    2m6s[K[?25h[?2026l[?2026h[?25l[A[1Gpulling manifest [K
pulling 96c415656d37:  39% ▕███████           ▏ 1.8 GB/4.7 GB   22 MB/s    2m6s[K[?25h[?2026l[?2026h[?25l[A[1Gpulling manifest [K
pulling 96c415656d37:  39% ▕███████           ▏ 1.8 GB/4.7 GB   22 MB/s    2m6s[K[?25h[?2026l[?2026h[?25l[A[1Gpulling manifest [K
pulling 96c415656d37:  39% ▕███████           ▏ 1.8 GB/4.7 GB   22 MB/s    2m5s[K[?25h[?2026l[?2026h[?25l[A[1Gpulling manifest [K
pulling 96c415656d37:  39% ▕███████           ▏ 1.8 GB/4.7 GB   22 MB/s    2m5s[K[?25h[?2026l[?2026h[?25l[A[1Gpulling manifest [K
pulling 96c415656d37:  39% ▕███████           ▏ 1.8 GB/4.7 GB   22 MB/s    2m5s[K[?25h[?2026l[?2026h[?25l[A[1Gpulling manifest [K
pulling 96c415656d37:  40% ▕███████           ▏ 1.9 GB/4.7 GB   22 MB/s    2m5s[K[?25h[?2026l[?2026h[?25l[A[1Gpulling manifest [K
pulling 96c415656d37:  40% ▕███████           ▏ 1.9 GB/4.7 GB   22 MB/s    2m5s[K[?25h[?2026l[?2026h[?25l[A[1Gpulling manifest [K
pulling 96c415656d37:  40% ▕███████           ▏ 1.9 GB/4.7 GB   22 MB/s    2m5s[K[?25h[?2026l[?2026h[?25l[A[1Gpulling manifest [K
pulling 96c415656d37:  40% ▕███████           ▏ 1.9 GB/4.7 GB   22 MB/s    2m7s[K[?25h[?2026l[?2026h[?25l[A[1Gpulling manifest [K
pulling 96c415656d37:  40% ▕███████           ▏ 1.9 GB/4.7 GB   22 MB/s    2m7s[K[?25h[?2026l[?2026h[?25l[A[1Gpulling manifest [K
pulling 96c415656d37:  40% ▕███████           ▏ 1.9 GB/4.7 GB   22 MB/s    2m7s[K[?25h[?2026l[?2026h[?25l[A[1Gpulling manifest [K
pulling 96c415656d37:  40% ▕███████           ▏ 1.9 GB/4.7 GB   22 MB/s    2m7s[K[?25h[?2026l[?2026h[?25l[A[1Gpulling manifest [K
pulling 96c415656d37:  40% ▕███████           ▏ 1.9 GB/4.7 GB   22 MB/s    2m6s[K[?25h[?2026l[?2026h[?25l[A[1Gpulling manifest [K
pulling 96c415656d37:  40% ▕███████           ▏ 1.9 GB/4.7 GB   22 MB/s    2m6s[K[?25h[?2026l[?2026h[?25l[A[1Gpulling manifest [K
pulling 96c415656d37:  40% ▕███████           ▏ 1.9 GB/4.7 GB   22 MB/s    2m6s[K[?25h[?2026l[?2026h[?25l[A[1Gpulling manifest [K
pulling 96c415656d37:  40% ▕███████           ▏ 1.9 GB/4.7 GB   22 MB/s    2m6s[K[?25h[?2026l[?2026h[?25l[A[1Gpulling manifest [K
pulling 96c415656d37:  40% ▕███████           ▏ 1.9 GB/4.7 GB   22 MB/s    2m6s[K[?25h[?2026l[?2026h[?25l[A[1Gpulling manifest [K
pulling 96c415656d37:  40% ▕███████           ▏ 1.9 GB/4.7 GB   22 MB/s    2m6s[K[?25h[?2026l[?2026h[?25l[A[1Gpulling manifest [K
pulling 96c415656d37:  40% ▕███████           ▏ 1.9 GB/4.7 GB   22 MB/s    2m3s[K[?25h[?2026l[?2026h[?25l[A[1Gpulling manifest [K
pulling 96c415656d37:  40% ▕███████           ▏ 1.9 GB/4.7 GB   22 MB/s    2m3s[K[?25h[?2026l[?2026h[?25l[A[1Gpulling manifest [K
pulling 96c415656d37:  40% ▕███████           ▏ 1.9 GB/4.7 GB   22 MB/s    2m2s[K[?25h[?2026l[?2026h[?25l[A[1Gpulling manifest [K
pulling 96c415656d37:  41% ▕███████           ▏ 1.9 GB/4.7 GB   22 MB/s    2m2s[K[?25h[?2026l[?2026h[?25l[A[1Gpulling manifest [K
pulling 96c415656d37:  41% ▕███████           ▏ 1.9 GB/4.7 GB   22 MB/s    2m2s[K[?25h[?2026l[?2026h[?25l[A[1Gpulling manifest [K
pulling 96c415656d37:  41% ▕███████           ▏ 1.9 GB/4.7 GB   22 MB/s    2m2s[K[?25h[?2026l[?2026h[?25l[A[1Gpulling manifest [K
pulling 96c415656d37:  41% ▕███████           ▏ 1.9 GB/4.7 GB   22 MB/s    2m2s[K[?25h[?2026l[?2026h[?25l[A[1Gpulling manifest [K
pulling 96c415656d37:  41% ▕███████           ▏ 1.9 GB/4.7 GB   22 MB/s    2m2s[K[?25h[?2026l[?2026h[?25l[A[1Gpulling manifest [K
pulling 96c415656d37:  41% ▕███████           ▏ 1.9 GB/4.7 GB   22 MB/s    2m2s[K[?25h[?2026l[?2026h[?25l[A[1Gpulling manifest [K
pulling 96c415656d37:  41% ▕███████           ▏ 1.9 GB/4.7 GB   22 MB/s    2m2s[K[?25h[?2026l[?2026h[?25l[A[1Gpulling manifest [K
pulling 96c415656d37:  41% ▕███████           ▏ 1.9 GB/4.7 GB   22 MB/s    2m2s[K[?25h[?2026l[?2026h[?25l[A[1Gpulling manifest [K
pulling 96c415656d37:  41% ▕███████           ▏ 1.9 GB/4.7 GB   22 MB/s    2m2s[K[?25h[?2026l[?2026h[?25l[A[1Gpulling manifest [K
pulling 96c415656d37:  41% ▕███████           ▏ 1.9 GB/4.7 GB   22 MB/s    2m2s[K[?25h[?2026l[?2026h[?25l[A[1Gpulling manifest [K
pulling 96c415656d37:  41% ▕███████           ▏ 1.9 GB/4.7 GB   22 MB/s    2m2s[K[?25h[?2026l[?2026h[?25l[A[1Gpulling manifest [K
pulling 96c415656d37:  41% ▕███████           ▏ 1.9 GB/4.7 GB   22 MB/s    2m2s[K[?25h[?2026l[?2026h[?25l[A[1Gpulling manifest [K
pulling 96c415656d37:  41% ▕███████           ▏ 1.9 GB/4.7 GB   22 MB/s    2m2s[K[?25h[?2026l[?2026h[?25l[A[1Gpulling manifest [K
pulling 96c415656d37:  41% ▕███████           ▏ 1.9 GB/4.7 GB   22 MB/s    2m2s[K[?25h[?2026l[?2026h[?25l[A[1Gpulling manifest [K
pulling 96c415656d37:  41% ▕███████           ▏ 1.9 GB/4.7 GB   22 MB/s    2m2s[K[?25h[?2026l[?2026h[?25l[A[1Gpulling manifest [K
pulling 96c415656d37:  41% ▕███████           ▏ 1.9 GB/4.7 GB   22 MB/s    2m2s[K[?25h[?2026l[?2026h[?25l[A[1Gpulling manifest [K
pulling 96c415656d37:  41% ▕███████           ▏ 1.9 GB/4.7 GB   22 MB/s    2m2s[K[?25h[?2026l[?2026h[?25l[A[1Gpulling manifest [K
pulling 96c415656d37:  41% ▕███████           ▏ 1.9 GB/4.7 GB   22 MB/s    2m1s[K[?25h[?2026l[?2026h[?25l[A[1Gpulling manifest [K
pulling 96c415656d37:  41% ▕███████           ▏ 1.9 GB/4.7 GB   22 MB/s    2m0s[K[?25h[?2026l[?2026h[?25l[A[1Gpulling manifest [K
pulling 96c415656d37:  41% ▕███████           ▏ 1.9 GB/4.7 GB   22 MB/s    2m0s[K[?25h[?2026l[?2026h[?25l[A[1Gpulling manifest [K
pulling 96c415656d37:  41% ▕███████           ▏ 1.9 GB/4.7 GB   22 MB/s    2m0s[K[?25h[?2026l[?2026h[?25l[A[1Gpulling manifest [K
pulling 96c415656d37:  41% ▕███████           ▏ 1.9 GB/4.7 GB   22 MB/s    2m0s[K[?25h[?2026l[?2026h[?25l[A[1Gpulling manifest [K
pulling 96c415656d37:  41% ▕███████           ▏ 1.9 GB/4.7 GB   22 MB/s    2m0s[K[?25h[?2026l[?2026h[?25l[A[1Gpulling manifest [K
pulling 96c415656d37:  42% ▕███████           ▏ 1.9 GB/4.7 GB   22 MB/s    2m0s[K[?25h[?2026l[?2026h[?25l[A[1Gpulling manifest [K
pulling 96c415656d37:  42% ▕███████           ▏ 1.9 GB/4.7 GB   22 MB/s    2m0s[K[?25h[?2026l[?2026h[?25l[A[1Gpulling manifest [K
pulling 96c415656d37:  42% ▕███████           ▏ 1.9 GB/4.7 GB   22 MB/s    2m0s[K[?25h[?2026l[?2026h[?25l[A[1Gpulling manifest [K
pulling 96c415656d37:  42% ▕███████           ▏ 2.0 GB/4.7 GB   22 MB/s    2m0s[K[?25h[?2026l[?2026h[?25l[A[1Gpulling manifest [K
pulling 96c415656d37:  42% ▕███████           ▏ 2.0 GB/4.7 GB   22 MB/s   1m59s[K[?25h[?2026l[?2026h[?25l[A[1Gpulling manifest [K
pulling 96c415656d37:  42% ▕███████           ▏ 2.0 GB/4.7 GB   23 MB/s   1m56s[K[?25h[?2026l[?2026h[?25l[A[1Gpulling manifest [K
pulling 96c415656d37:  42% ▕███████           ▏ 2.0 GB/4.7 GB   23 MB/s   1m56s[K[?25h[?2026l[?2026h[?25l[A[1Gpulling manifest [K
pulling 96c415656d37:  42% ▕███████           ▏ 2.0 GB/4.7 GB   23 MB/s   1m55s[K[?25h[?2026l[?2026h[?25l[A[1Gpulling manifest [K
pulling 96c415656d37:  42% ▕███████           ▏ 2.0 GB/4.7 GB   23 MB/s   1m55s[K[?25h[?2026l[?2026h[?25l[A[1Gpulling manifest [K
pulling 96c415656d37:  42% ▕███████           ▏ 2.0 GB/4.7 GB   23 MB/s   1m55s[K[?25h[?2026l[?2026h[?25l[A[1Gpulling manifest [K
pulling 96c415656d37:  42% ▕███████           ▏ 2.0 GB/4.7 GB   23 MB/s   1m55s[K[?25h[?2026l[?2026h[?25l[A[1Gpulling manifest [K
pulling 96c415656d37:  42% ▕███████           ▏ 2.0 GB/4.7 GB   23 MB/s   1m55s[K[?25h[?2026l[?2026h[?25l[A[1Gpulling manifest [K
pulling 96c415656d37:  42% ▕███████           ▏ 2.0 GB/4.7 GB   23 MB/s   1m55s[K[?25h[?2026l[?2026h[?25l[A[1Gpulling manifest [K
pulling 96c415656d37:  42% ▕███████           ▏ 2.0 GB/4.7 GB   23 MB/s   1m55s[K[?25h[?2026l[?2026h[?25l[A[1Gpulling manifest [K
pulling 96c415656d37:  42% ▕███████           ▏ 2.0 GB/4.7 GB   23 MB/s   1m55s[K[?25h[?2026l[?2026h[?25l[A[1Gpulling manifest [K
pulling 96c415656d37:  42% ▕███████           ▏ 2.0 GB/4.7 GB   22 MB/s   1m58s[K[?25h[?2026l[?2026h[?25l[A[1Gpulling manifest [K
pulling 96c415656d37:  42% ▕███████           ▏ 2.0 GB/4.7 GB   22 MB/s   1m58s[K[?25h[?2026l[?2026h[?25l[A[1Gpulling manifest [K
pulling 96c415656d37:  42% ▕███████           ▏ 2.0 GB/4.7 GB   22 MB/s   1m58s[K[?25h[?2026l[?2026h[?25l[A[1Gpulling manifest [K
pulling 96c415656d37:  42% ▕███████           ▏ 2.0 GB/4.7 GB   22 MB/s   1m58s[K[?25h[?2026l[?2026h[?25l[A[1Gpulling manifest [K
pulling 96c415656d37:  42% ▕███████           ▏ 2.0 GB/4.7 GB   22 MB/s   1m58s[K[?25h[?2026l[?2026h[?25l[A[1Gpulling manifest [K
pulling 96c415656d37:  42% ▕███████           ▏ 2.0 GB/4.7 GB   22 MB/s   1m58s[K[?25h[?2026l[?2026h[?25l[A[1Gpulling manifest [K
pulling 96c415656d37:  42% ▕███████           ▏ 2.0 GB/4.7 GB   22 MB/s   1m58s[K[?25h[?2026l[?2026h[?25l[A[1Gpulling manifest [K
pulling 96c415656d37:  42% ▕███████           ▏ 2.0 GB/4.7 GB   22 MB/s   1m57s[K[?25h[?2026l[?2026h[?25l[A[1Gpulling manifest [K
pulling 96c415656d37:  43% ▕███████           ▏ 2.0 GB/4.7 GB   22 MB/s   1m57s[K[?25h[?2026l[?2026h[?25l[A[1Gpulling manifest [K
pulling 96c415656d37:  43% ▕███████           ▏ 2.0 GB/4.7 GB   22 MB/s   1m57s[K[?25h[?2026l[?2026h[?25l[A[1Gpulling manifest [K
pulling 96c415656d37:  43% ▕███████           ▏ 2.0 GB/4.7 GB   22 MB/s   1m59s[K[?25h[?2026l[?2026h[?25l[A[1Gpulling manifest [K
pulling 96c415656d37:  43% ▕███████           ▏ 2.0 GB/4.7 GB   22 MB/s   1m59s[K[?25h[?2026l[?2026h[?25l[A[1Gpulling manifest [K
pulling 96c415656d37:  43% ▕███████           ▏ 2.0 GB/4.7 GB   22 MB/s   1m59s[K[?25h[?2026l[?2026h[?25l[A[1Gpulling manifest [K
pulling 96c415656d37:  43% ▕███████           ▏ 2.0 GB/4.7 GB   22 MB/s   1m58s[K[?25h[?2026l[?2026h[?25l[A[1Gpulling manifest [K
pulling 96c415656d37:  43% ▕███████           ▏ 2.0 GB/4.7 GB   22 MB/s   1m58s[K[?25h[?2026l[?2026h[?25l[A[1Gpulling manifest [K
pulling 96c415656d37:  43% ▕███████           ▏ 2.0 GB/4.7 GB   22 MB/s   1m58s[K[?25h[?2026l[?2026h[?25l[A[1Gpulling manifest [K
pulling 96c415656d37:  43% ▕███████           ▏ 2.0 GB/4.7 GB   22 MB/s   1m58s[K[?25h[?2026l[?2026h[?25l[A[1Gpulling manifest [K
pulling 96c415656d37:  43% ▕███████           ▏ 2.0 GB/4.7 GB   22 MB/s   1m58s[K[?25h[?2026l[?2026h[?25l[A[1Gpulling manifest [K
pulling 96c415656d37:  43% ▕███████           ▏ 2.0 GB/4.7 GB   22 MB/s   1m57s[K[?25h[?2026l[?2026h[?25l[A[1Gpulling manifest [K
pulling 96c415656d37:  43% ▕███████           ▏ 2.0 GB/4.7 GB   22 MB/s   1m57s[K[?25h[?2026l[?2026h[?25l[A[1Gpulling manifest [K
pulling 96c415656d37:  43% ▕███████           ▏ 2.0 GB/4.7 GB   22 MB/s   1m57s[K[?25h[?2026l[?2026h[?25l[A[1Gpulling manifest [K
pulling 96c415656d37:  43% ▕███████           ▏ 2.0 GB/4.7 GB   24 MB/s   1m49s[K[?25h[?2026l[?2026h[?25l[A[1Gpulling manifest [K
pulling 96c415656d37:  43% ▕███████           ▏ 2.0 GB/4.7 GB   24 MB/s   1m49s[K[?25h[?2026l[?2026h[?25l[A[1Gpulling manifest [K
pulling 96c415656d37:  43% ▕███████           ▏ 2.0 GB/4.7 GB   24 MB/s   1m49s[K[?25h[?2026l[?2026h[?25l[A[1Gpulling manifest [K
pulling 96c415656d37:  44% ▕███████           ▏ 2.0 GB/4.7 GB   24 MB/s   1m49s[K[?25h[?2026l[?2026h[?25l[A[1Gpulling manifest [K
pulling 96c415656d37:  44% ▕███████           ▏ 2.0 GB/4.7 GB   24 MB/s   1m49s[K[?25h[?2026l[?2026h[?25l[A[1Gpulling manifest [K
pulling 96c415656d37:  44% ▕███████           ▏ 2.0 GB/4.7 GB   24 MB/s   1m49s[K[?25h[?2026l[?2026h[?25l[A[1Gpulling manifest [K
pulling 96c415656d37:  44% ▕███████           ▏ 2.0 GB/4.7 GB   24 MB/s   1m49s[K[?25h[?2026l[?2026h[?25l[A[1Gpulling manifest [K
pulling 96c415656d37:  44% ▕███████           ▏ 2.0 GB/4.7 GB   24 MB/s   1m49s[K[?25h[?2026l[?2026h[?25l[A[1Gpulling manifest [K
pulling 96c415656d37:  44% ▕███████           ▏ 2.0 GB/4.7 GB   24 MB/s   1m49s[K[?25h[?2026l[?2026h[?25l[A[1Gpulling manifest [K
pulling 96c415656d37:  44% ▕███████           ▏ 2.0 GB/4.7 GB   24 MB/s   1m49s[K[?25h[?2026l[?2026h[?25l[A[1Gpulling manifest [K
pulling 96c415656d37:  44% ▕███████           ▏ 2.0 GB/4.7 GB   23 MB/s   1m54s[K[?25h[?2026l[?2026h[?25l[A[1Gpulling manifest [K
pulling 96c415656d37:  44% ▕███████           ▏ 2.0 GB/4.7 GB   23 MB/s   1m53s[K[?25h[?2026l[?2026h[?25l[A[1Gpulling manifest [K
pulling 96c415656d37:  44% ▕███████           ▏ 2.0 GB/4.7 GB   23 MB/s   1m53s[K[?25h[?2026l[?2026h[?25l[A[1Gpulling manifest [K
pulling 96c415656d37:  44% ▕███████           ▏ 2.1 GB/4.7 GB   23 MB/s   1m53s[K[?25h[?2026l[?2026h[?25l[A[1Gpulling manifest [K
pulling 96c415656d37:  44% ▕███████           ▏ 2.1 GB/4.7 GB   23 MB/s   1m53s[K[?25h[?2026l[?2026h[?25l[A[1Gpulling manifest [K
pulling 96c415656d37:  44% ▕███████           ▏ 2.1 GB/4.7 GB   23 MB/s   1m53s[K[?25h[?2026l[?2026h[?25l[A[1Gpulling manifest [K
pulling 96c415656d37:  44% ▕███████           ▏ 2.1 GB/4.7 GB   23 MB/s   1m53s[K[?25h[?2026l[?2026h[?25l[A[1Gpulling manifest [K
pulling 96c415656d37:  44% ▕███████           ▏ 2.1 GB/4.7 GB   23 MB/s   1m53s[K[?25h[?2026l[?2026h[?25l[A[1Gpulling manifest [K
pulling 96c415656d37:  44% ▕███████           ▏ 2.1 GB/4.7 GB   23 MB/s   1m53s[K[?25h[?2026l[?2026h[?25l[A[1Gpulling manifest [K
pulling 96c415656d37:  44% ▕███████           ▏ 2.1 GB/4.7 GB   23 MB/s   1m53s[K[?25h[?2026l[?2026h[?25l[A[1Gpulling manifest [K
pulling 96c415656d37:  44% ▕███████           ▏ 2.1 GB/4.7 GB   22 MB/s   1m56s[K[?25h[?2026l[?2026h[?25l[A[1Gpulling manifest [K
pulling 96c415656d37:  44% ▕███████           ▏ 2.1 GB/4.7 GB   22 MB/s   1m56s[K[?25h[?2026l[?2026h[?25l[A[1Gpulling manifest [K
pulling 96c415656d37:  44% ▕███████           ▏ 2.1 GB/4.7 GB   22 MB/s   1m56s[K[?25h[?2026l[?2026h[?25l[A[1Gpulling manifest [K
pulling 96c415656d37:  44% ▕███████           ▏ 2.1 GB/4.7 GB   22 MB/s   1m56s[K[?25h[?2026l[?2026h[?25l[A[1Gpulling manifest [K
pulling 96c415656d37:  44% ▕███████           ▏ 2.1 GB/4.7 GB   22 MB/s   1m56s[K[?25h[?2026l[?2026h[?25l[A[1Gpulling manifest [K
pulling 96c415656d37:  44% ▕███████           ▏ 2.1 GB/4.7 GB   22 MB/s   1m55s[K[?25h[?2026l[?2026h[?25l[A[1Gpulling manifest [K
pulling 96c415656d37:  44% ▕███████           ▏ 2.1 GB/4.7 GB   22 MB/s   1m55s[K[?25h[?2026l[?2026h[?25l[A[1Gpulling manifest [K
pulling 96c415656d37:  44% ▕███████           ▏ 2.1 GB/4.7 GB   22 MB/s   1m55s[K[?25h[?2026l[?2026h[?25l[A[1Gpulling manifest [K
pulling 96c415656d37:  44% ▕████████          ▏ 2.1 GB/4.7 GB   22 MB/s   1m55s[K[?25h[?2026l[?2026h[?25l[A[1Gpulling manifest [K
pulling 96c415656d37:  45% ▕████████          ▏ 2.1 GB/4.7 GB   22 MB/s   1m55s[K[?25h[?2026l[?2026h[?25l[A[1Gpulling manifest [K
pulling 96c415656d37:  45% ▕████████          ▏ 2.1 GB/4.7 GB   22 MB/s   1m55s[K[?25h[?2026l[?2026h[?25l[A[1Gpulling manifest [K
pulling 96c415656d37:  45% ▕████████          ▏ 2.1 GB/4.7 GB   22 MB/s   1m54s[K[?25h[?2026l[?2026h[?25l[A[1Gpulling manifest [K
pulling 96c415656d37:  45% ▕████████          ▏ 2.1 GB/4.7 GB   22 MB/s   1m54s[K[?25h[?2026l[?2026h[?25l[A[1Gpulling manifest [K
pulling 96c415656d37:  45% ▕████████          ▏ 2.1 GB/4.7 GB   22 MB/s   1m54s[K[?25h[?2026l[?2026h[?25l[A[1Gpulling manifest [K
pulling 96c415656d37:  45% ▕████████          ▏ 2.1 GB/4.7 GB   22 MB/s   1m54s[K[?25h[?2026l[?2026h[?25l[A[1Gpulling manifest [K
pulling 96c415656d37:  45% ▕████████          ▏ 2.1 GB/4.7 GB   22 MB/s   1m54s[K[?25h[?2026l[?2026h[?25l[A[1Gpulling manifest [K
pulling 96c415656d37:  45% ▕████████          ▏ 2.1 GB/4.7 GB   22 MB/s   1m54s[K[?25h[?2026l[?2026h[?25l[A[1Gpulling manifest [K
pulling 96c415656d37:  45% ▕████████          ▏ 2.1 GB/4.7 GB   22 MB/s   1m54s[K[?25h[?2026l[?2026h[?25l[A[1Gpulling manifest [K
pulling 96c415656d37:  45% ▕████████          ▏ 2.1 GB/4.7 GB   22 MB/s   1m54s[K[?25h[?2026l[?2026h[?25l[A[1Gpulling manifest [K
pulling 96c415656d37:  45% ▕████████          ▏ 2.1 GB/4.7 GB   22 MB/s   1m54s[K[?25h[?2026l[?2026h[?25l[A[1Gpulling manifest [K
pulling 96c415656d37:  45% ▕████████          ▏ 2.1 GB/4.7 GB   22 MB/s   1m52s[K[?25h[?2026l[?2026h[?25l[A[1Gpulling manifest [K
pulling 96c415656d37:  45% ▕████████          ▏ 2.1 GB/4.7 GB   22 MB/s   1m52s[K[?25h[?2026l[?2026h[?25l[A[1Gpulling manifest [K
pulling 96c415656d37:  45% ▕████████          ▏ 2.1 GB/4.7 GB   22 MB/s   1m52s[K[?25h[?2026l[?2026h[?25l[A[1Gpulling manifest [K
pulling 96c415656d37:  45% ▕████████          ▏ 2.1 GB/4.7 GB   22 MB/s   1m52s[K[?25h[?2026l[?2026h[?25l[A[1Gpulling manifest [K
pulling 96c415656d37:  45% ▕████████          ▏ 2.1 GB/4.7 GB   22 MB/s   1m52s[K[?25h[?2026l[?2026h[?25l[A[1Gpulling manifest [K
pulling 96c415656d37:  46% ▕████████          ▏ 2.1 GB/4.7 GB   22 MB/s   1m52s[K[?25h[?2026l[?2026h[?25l[A[1Gpulling manifest [K
pulling 96c415656d37:  46% ▕████████          ▏ 2.1 GB/4.7 GB   22 MB/s   1m52s[K[?25h[?2026l[?2026h[?25l[A[1Gpulling manifest [K
pulling 96c415656d37:  46% ▕████████          ▏ 2.1 GB/4.7 GB   22 MB/s   1m51s[K[?25h[?2026l[?2026h[?25l[A[1Gpulling manifest [K
pulling 96c415656d37:  46% ▕████████          ▏ 2.1 GB/4.7 GB   22 MB/s   1m51s[K[?25h[?2026l[?2026h[?25l[A[1Gpulling manifest [K
pulling 96c415656d37:  46% ▕████████          ▏ 2.1 GB/4.7 GB   22 MB/s   1m51s[K[?25h[?2026l[?2026h[?25l[A[1Gpulling manifest [K
pulling 96c415656d37:  46% ▕████████          ▏ 2.1 GB/4.7 GB   22 MB/s   1m51s[K[?25h[?2026l[?2026h[?25l[A[1Gpulling manifest [K
pulling 96c415656d37:  46% ▕████████          ▏ 2.1 GB/4.7 GB   23 MB/s   1m47s[K[?25h[?2026l[?2026h[?25l[A[1Gpulling manifest [K
pulling 96c415656d37:  46% ▕████████          ▏ 2.1 GB/4.7 GB   23 MB/s   1m47s[K[?25h[?2026l[?2026h[?25l[A[1Gpulling manifest [K
pulling 96c415656d37:  46% ▕████████          ▏ 2.2 GB/4.7 GB   23 MB/s   1m47s[K[?25h[?2026l[?2026h[?25l[A[1Gpulling manifest [K
pulling 96c415656d37:  46% ▕████████          ▏ 2.2 GB/4.7 GB   23 MB/s   1m47s[K[?25h[?2026l[?2026h[?25l[A[1Gpulling manifest [K
pulling 96c415656d37:  46% ▕████████          ▏ 2.2 GB/4.7 GB   23 MB/s   1m47s[K[?25h[?2026l[?2026h[?25l[A[1Gpulling manifest [K
pulling 96c415656d37:  46% ▕████████          ▏ 2.2 GB/4.7 GB   23 MB/s   1m46s[K[?25h[?2026l[?2026h[?25l[A[1Gpulling manifest [K
pulling 96c415656d37:  46% ▕████████          ▏ 2.2 GB/4.7 GB   23 MB/s   1m46s[K[?25h[?2026l[?2026h[?25l[A[1Gpulling manifest [K
pulling 96c415656d37:  46% ▕████████          ▏ 2.2 GB/4.7 GB   23 MB/s   1m46s[K[?25h[?2026l[?2026h[?25l[A[1Gpulling manifest [K
pulling 96c415656d37:  46% ▕████████          ▏ 2.2 GB/4.7 GB   23 MB/s   1m46s[K[?25h[?2026l[?2026h[?25l[A[1Gpulling manifest [K
pulling 96c415656d37:  46% ▕████████          ▏ 2.2 GB/4.7 GB   23 MB/s   1m46s[K[?25h[?2026l[?2026h[?25l[A[1Gpulling manifest [K
pulling 96c415656d37:  46% ▕████████          ▏ 2.2 GB/4.7 GB   23 MB/s   1m48s[K[?25h[?2026l[?2026h[?25l[A[1Gpulling manifest [K
pulling 96c415656d37:  46% ▕████████          ▏ 2.2 GB/4.7 GB   23 MB/s   1m48s[K[?25h[?2026l[?2026h[?25l[A[1Gpulling manifest [K
pulling 96c415656d37:  46% ▕████████          ▏ 2.2 GB/4.7 GB   23 MB/s   1m48s[K[?25h[?2026l[?2026h[?25l[A[1Gpulling manifest [K
pulling 96c415656d37:  46% ▕████████          ▏ 2.2 GB/4.7 GB   23 MB/s   1m47s[K[?25h[?2026l[?2026h[?25l[A[1Gpulling manifest [K
pulling 96c415656d37:  47% ▕████████          ▏ 2.2 GB/4.7 GB   23 MB/s   1m47s[K[?25h[?2026l[?2026h[?25l[A[1Gpulling manifest [K
pulling 96c415656d37:  47% ▕████████          ▏ 2.2 GB/4.7 GB   23 MB/s   1m47s[K[?25h[?2026l[?2026h[?25l[A[1Gpulling manifest [K
pulling 96c415656d37:  47% ▕████████          ▏ 2.2 GB/4.7 GB   23 MB/s   1m47s[K[?25h[?2026l[?2026h[?25l[A[1Gpulling manifest [K
pulling 96c415656d37:  47% ▕████████          ▏ 2.2 GB/4.7 GB   23 MB/s   1m47s[K[?25h[?2026l[?2026h[?25l[A[1Gpulling manifest [K
pulling 96c415656d37:  47% ▕████████          ▏ 2.2 GB/4.7 GB   23 MB/s   1m47s[K[?25h[?2026l[?2026h[?25l[A[1Gpulling manifest [K
pulling 96c415656d37:  47% ▕████████          ▏ 2.2 GB/4.7 GB   23 MB/s   1m47s[K[?25h[?2026l[?2026h[?25l[A[1Gpulling manifest [K
pulling 96c415656d37:  47% ▕████████          ▏ 2.2 GB/4.7 GB   23 MB/s   1m44s[K[?25h[?2026l[?2026h[?25l[A[1Gpulling manifest [K
pulling 96c415656d37:  47% ▕████████          ▏ 2.2 GB/4.7 GB   23 MB/s   1m44s[K[?25h[?2026l[?2026h[?25l[A[1Gpulling manifest [K
pulling 96c415656d37:  47% ▕████████          ▏ 2.2 GB/4.7 GB   23 MB/s   1m44s[K[?25h[?2026l[?2026h[?25l[A[1Gpulling manifest [K
pulling 96c415656d37:  47% ▕████████          ▏ 2.2 GB/4.7 GB   23 MB/s   1m44s[K[?25h[?2026l[?2026h[?25l[A[1Gpulling manifest [K
pulling 96c415656d37:  47% ▕████████          ▏ 2.2 GB/4.7 GB   23 MB/s   1m44s[K[?25h[?2026l[?2026h[?25l[A[1Gpulling manifest [K
pulling 96c415656d37:  47% ▕████████          ▏ 2.2 GB/4.7 GB   23 MB/s   1m43s[K[?25h[?2026l[?2026h[?25l[A[1Gpulling manifest [K
pulling 96c415656d37:  47% ▕████████          ▏ 2.2 GB/4.7 GB   23 MB/s   1m43s[K[?25h[?2026l[?2026h[?25l[A[1Gpulling manifest [K
pulling 96c415656d37:  47% ▕████████          ▏ 2.2 GB/4.7 GB   23 MB/s   1m43s[K[?25h[?2026l[?2026h[?25l[A[1Gpulling manifest [K
pulling 96c415656d37:  47% ▕████████          ▏ 2.2 GB/4.7 GB   23 MB/s   1m43s[K[?25h[?2026l[?2026h[?25l[A[1Gpulling manifest [K
pulling 96c415656d37:  47% ▕████████          ▏ 2.2 GB/4.7 GB   23 MB/s   1m43s[K[?25h[?2026l[?2026h[?25l[A[1Gpulling manifest [K
pulling 96c415656d37:  47% ▕████████          ▏ 2.2 GB/4.7 GB   24 MB/s   1m42s[K[?25h[?2026l[?2026h[?25l[A[1Gpulling manifest [K
pulling 96c415656d37:  47% ▕████████          ▏ 2.2 GB/4.7 GB   24 MB/s   1m42s[K[?25h[?2026l[?2026h[?25l[A[1Gpulling manifest [K
pulling 96c415656d37:  47% ▕████████          ▏ 2.2 GB/4.7 GB   24 MB/s   1m42s[K[?25h[?2026l[?2026h[?25l[A[1Gpulling manifest [K
pulling 96c415656d37:  47% ▕████████          ▏ 2.2 GB/4.7 GB   24 MB/s   1m42s[K[?25h[?2026l[?2026h[?25l[A[1Gpulling manifest [K
pulling 96c415656d37:  47% ▕████████          ▏ 2.2 GB/4.7 GB   24 MB/s   1m42s[K[?25h[?2026l[?2026h[?25l[A[1Gpulling manifest [K
pulling 96c415656d37:  47% ▕████████          ▏ 2.2 GB/4.7 GB   24 MB/s   1m41s[K[?25h[?2026l[?2026h[?25l[A[1Gpulling manifest [K
pulling 96c415656d37:  48% ▕████████          ▏ 2.2 GB/4.7 GB   24 MB/s   1m41s[K[?25h[?2026l[?2026h[?25l[A[1Gpulling manifest [K
pulling 96c415656d37:  48% ▕████████          ▏ 2.2 GB/4.7 GB   24 MB/s   1m41s[K[?25h[?2026l[?2026h[?25l[A[1Gpulling manifest [K
pulling 96c415656d37:  48% ▕████████          ▏ 2.2 GB/4.7 GB   24 MB/s   1m41s[K[?25h[?2026l[?2026h[?25l[A[1Gpulling manifest [K
pulling 96c415656d37:  48% ▕████████          ▏ 2.2 GB/4.7 GB   24 MB/s   1m41s[K[?25h[?2026l[?2026h[?25l[A[1Gpulling manifest [K
pulling 96c415656d37:  48% ▕████████          ▏ 2.2 GB/4.7 GB   22 MB/s   1m48s[K[?25h[?2026l[?2026h[?25l[A[1Gpulling manifest [K
pulling 96c415656d37:  48% ▕████████          ▏ 2.2 GB/4.7 GB   22 MB/s   1m48s[K[?25h[?2026l[?2026h[?25l[A[1Gpulling manifest [K
pulling 96c415656d37:  48% ▕████████          ▏ 2.2 GB/4.7 GB   22 MB/s   1m48s[K[?25h[?2026l[?2026h[?25l[A[1Gpulling manifest [K
pulling 96c415656d37:  48% ▕████████          ▏ 2.2 GB/4.7 GB   22 MB/s   1m48s[K[?25h[?2026l[?2026h[?25l[A[1Gpulling manifest [K
pulling 96c415656d37:  48% ▕████████          ▏ 2.2 GB/4.7 GB   22 MB/s   1m48s[K[?25h[?2026l[?2026h[?25l[A[1Gpulling manifest [K
pulling 96c415656d37:  48% ▕████████          ▏ 2.2 GB/4.7 GB   22 MB/s   1m48s[K[?25h[?2026l[?2026h[?25l[A[1Gpulling manifest [K
pulling 96c415656d37:  48% ▕████████          ▏ 2.2 GB/4.7 GB   22 MB/s   1m48s[K[?25h[?2026l[?2026h[?25l[A[1Gpulling manifest [K
pulling 96c415656d37:  48% ▕████████          ▏ 2.3 GB/4.7 GB   22 MB/s   1m47s[K[?25h[?2026l[?2026h[?25l[A[1Gpulling manifest [K
pulling 96c415656d37:  48% ▕████████          ▏ 2.3 GB/4.7 GB   22 MB/s   1m47s[K[?25h[?2026l[?2026h[?25l[A[1Gpulling manifest [K
pulling 96c415656d37:  48% ▕████████          ▏ 2.3 GB/4.7 GB   22 MB/s   1m47s[K[?25h[?2026l[?2026h[?25l[A[1Gpulling manifest [K
pulling 96c415656d37:  48% ▕████████          ▏ 2.3 GB/4.7 GB   22 MB/s   1m47s[K[?25h[?2026l[?2026h[?25l[A[1Gpulling manifest [K
pulling 96c415656d37:  48% ▕████████          ▏ 2.3 GB/4.7 GB   24 MB/s   1m36s[K[?25h[?2026l[?2026h[?25l[A[1Gpulling manifest [K
pulling 96c415656d37:  49% ▕████████          ▏ 2.3 GB/4.7 GB   24 MB/s   1m36s[K[?25h[?2026l[?2026h[?25l[A[1Gpulling manifest [K
pulling 96c415656d37:  49% ▕████████          ▏ 2.3 GB/4.7 GB   24 MB/s   1m36s[K[?25h[?2026l[?2026h[?25l[A[1Gpulling manifest [K
pulling 96c415656d37:  49% ▕████████          ▏ 2.3 GB/4.7 GB   24 MB/s   1m36s[K[?25h[?2026l[?2026h[?25l[A[1Gpulling manifest [K
pulling 96c415656d37:  49% ▕████████          ▏ 2.3 GB/4.7 GB   24 MB/s   1m36s[K[?25h[?2026l[?2026h[?25l[A[1Gpulling manifest [K
pulling 96c415656d37:  49% ▕████████          ▏ 2.3 GB/4.7 GB   24 MB/s   1m36s[K[?25h[?2026l[?2026h[?25l[A[1Gpulling manifest [K
pulling 96c415656d37:  49% ▕████████          ▏ 2.3 GB/4.7 GB   24 MB/s   1m36s[K[?25h[?2026l[?2026h[?25l[A[1Gpulling manifest [K
pulling 96c415656d37:  49% ▕████████          ▏ 2.3 GB/4.7 GB   24 MB/s   1m36s[K[?25h[?2026l[?2026h[?25l[A[1Gpulling manifest [K
pulling 96c415656d37:  49% ▕████████          ▏ 2.3 GB/4.7 GB   24 MB/s   1m36s[K[?25h[?2026l[?2026h[?25l[A[1Gpulling manifest [K
pulling 96c415656d37:  49% ▕████████          ▏ 2.3 GB/4.7 GB   24 MB/s   1m36s[K[?25h[?2026l[?2026h[?25l[A[1Gpulling manifest [K
pulling 96c415656d37:  49% ▕████████          ▏ 2.3 GB/4.7 GB   25 MB/s   1m34s[K[?25h[?2026l[?2026h[?25l[A[1Gpulling manifest [K
pulling 96c415656d37:  49% ▕████████          ▏ 2.3 GB/4.7 GB   25 MB/s   1m34s[K[?25h[?2026l[?2026h[?25l[A[1Gpulling manifest [K
pulling 96c415656d37:  49% ▕████████          ▏ 2.3 GB/4.7 GB   25 MB/s   1m34s[K[?25h[?2026l[?2026h[?25l[A[1Gpulling manifest [K
pulling 96c415656d37:  49% ▕████████          ▏ 2.3 GB/4.7 GB   25 MB/s   1m34s[K[?25h[?2026l[?2026h[?25l[A[1Gpulling manifest [K
pulling 96c415656d37:  49% ▕████████          ▏ 2.3 GB/4.7 GB   25 MB/s   1m34s[K[?25h[?2026l[?2026h[?25l[A[1Gpulling manifest [K
pulling 96c415656d37:  49% ▕████████          ▏ 2.3 GB/4.7 GB   25 MB/s   1m33s[K[?25h[?2026l[?2026h[?25l[A[1Gpulling manifest [K
pulling 96c415656d37:  49% ▕████████          ▏ 2.3 GB/4.7 GB   25 MB/s   1m33s[K[?25h[?2026l[?2026h[?25l[A[1Gpulling manifest [K
pulling 96c415656d37:  49% ▕████████          ▏ 2.3 GB/4.7 GB   25 MB/s   1m33s[K[?25h[?2026l[?2026h[?25l[A[1Gpulling manifest [K
pulling 96c415656d37:  49% ▕████████          ▏ 2.3 GB/4.7 GB   25 MB/s   1m33s[K[?25h[?2026l[?2026h[?25l[A[1Gpulling manifest [K
pulling 96c415656d37:  49% ▕████████          ▏ 2.3 GB/4.7 GB   25 MB/s   1m33s[K[?25h[?2026l[?2026h[?25l[A[1Gpulling manifest [K
pulling 96c415656d37:  49% ▕████████          ▏ 2.3 GB/4.7 GB   25 MB/s   1m34s[K[?25h[?2026l[?2026h[?25l[A[1Gpulling manifest [K
pulling 96c415656d37:  50% ▕████████          ▏ 2.3 GB/4.7 GB   25 MB/s   1m34s[K[?25h[?2026l[?2026h[?25l[A[1Gpulling manifest [K
pulling 96c415656d37:  50% ▕████████          ▏ 2.3 GB/4.7 GB   25 MB/s   1m34s[K[?25h[?2026l[?2026h[?25l[A[1Gpulling manifest [K
pulling 96c415656d37:  50% ▕████████          ▏ 2.3 GB/4.7 GB   25 MB/s   1m34s[K[?25h[?2026l[?2026h[?25l[A[1Gpulling manifest [K
pulling 96c415656d37:  50% ▕████████          ▏ 2.3 GB/4.7 GB   25 MB/s   1m34s[K[?25h[?2026l[?2026h[?25l[A[1Gpulling manifest [K
pulling 96c415656d37:  50% ▕████████          ▏ 2.3 GB/4.7 GB   25 MB/s   1m34s[K[?25h[?2026l[?2026h[?25l[A[1Gpulling manifest [K
pulling 96c415656d37:  50% ▕████████          ▏ 2.3 GB/4.7 GB   25 MB/s   1m34s[K[?25h[?2026l[?2026h[?25l[A[1Gpulling manifest [K
pulling 96c415656d37:  50% ▕████████          ▏ 2.3 GB/4.7 GB   25 MB/s   1m33s[K[?25h[?2026l[?2026h[?25l[A[1Gpulling manifest [K
pulling 96c415656d37:  50% ▕████████          ▏ 2.3 GB/4.7 GB   25 MB/s   1m33s[K[?25h[?2026l[?2026h[?25l[A[1Gpulling manifest [K
pulling 96c415656d37:  50% ▕████████          ▏ 2.3 GB/4.7 GB   25 MB/s   1m33s[K[?25h[?2026l[?2026h[?25l[A[1Gpulling manifest [K
pulling 96c415656d37:  50% ▕████████          ▏ 2.3 GB/4.7 GB   23 MB/s   1m39s[K[?25h[?2026l[?2026h[?25l[A[1Gpulling manifest [K
pulling 96c415656d37:  50% ▕████████          ▏ 2.3 GB/4.7 GB   23 MB/s   1m39s[K[?25h[?2026l[?2026h[?25l[A[1Gpulling manifest [K
pulling 96c415656d37:  50% ▕████████          ▏ 2.3 GB/4.7 GB   23 MB/s   1m39s[K[?25h[?2026l[?2026h[?25l[A[1Gpulling manifest [K
pulling 96c415656d37:  50% ▕████████          ▏ 2.3 GB/4.7 GB   23 MB/s   1m39s[K[?25h[?2026l[?2026h[?25l[A[1Gpulling manifest [K
pulling 96c415656d37:  50% ▕████████          ▏ 2.3 GB/4.7 GB   23 MB/s   1m39s[K[?25h[?2026l[?2026h[?25l[A[1Gpulling manifest [K
pulling 96c415656d37:  50% ▕████████          ▏ 2.3 GB/4.7 GB   23 MB/s   1m39s[K[?25h[?2026l[?2026h[?25l[A[1Gpulling manifest [K
pulling 96c415656d37:  50% ▕████████          ▏ 2.3 GB/4.7 GB   23 MB/s   1m39s[K[?25h[?2026l[?2026h[?25l[A[1Gpulling manifest [K
pulling 96c415656d37:  50% ▕████████          ▏ 2.3 GB/4.7 GB   23 MB/s   1m39s[K[?25h[?2026l[?2026h[?25l[A[1Gpulling manifest [K
pulling 96c415656d37:  50% ▕████████          ▏ 2.3 GB/4.7 GB   23 MB/s   1m39s[K[?25h[?2026l[?2026h[?25l[A[1Gpulling manifest [K
pulling 96c415656d37:  50% ▕█████████         ▏ 2.3 GB/4.7 GB   23 MB/s   1m39s[K[?25h[?2026l[?2026h[?25l[A[1Gpulling manifest [K
pulling 96c415656d37:  50% ▕█████████         ▏ 2.3 GB/4.7 GB   22 MB/s   1m44s[K[?25h[?2026l[?2026h[?25l[A[1Gpulling manifest [K
pulling 96c415656d37:  50% ▕█████████         ▏ 2.3 GB/4.7 GB   22 MB/s   1m44s[K[?25h[?2026l[?2026h[?25l[A[1Gpulling manifest [K
pulling 96c415656d37:  50% ▕█████████         ▏ 2.3 GB/4.7 GB   22 MB/s   1m44s[K[?25h[?2026l[?2026h[?25l[A[1Gpulling manifest [K
pulling 96c415656d37:  50% ▕█████████         ▏ 2.4 GB/4.7 GB   22 MB/s   1m44s[K[?25h[?2026l[?2026h[?25l[A[1Gpulling manifest [K
pulling 96c415656d37:  50% ▕█████████         ▏ 2.4 GB/4.7 GB   22 MB/s   1m44s[K[?25h[?2026l[?2026h[?25l[A[1Gpulling manifest [K
pulling 96c415656d37:  50% ▕█████████         ▏ 2.4 GB/4.7 GB   22 MB/s   1m44s[K[?25h[?2026l[?2026h[?25l[A[1Gpulling manifest [K
pulling 96c415656d37:  50% ▕█████████         ▏ 2.4 GB/4.7 GB   22 MB/s   1m44s[K[?25h[?2026l[?2026h[?25l[A[1Gpulling manifest [K
pulling 96c415656d37:  50% ▕█████████         ▏ 2.4 GB/4.7 GB   22 MB/s   1m44s[K[?25h[?2026l[?2026h[?25l[A[1Gpulling manifest [K
pulling 96c415656d37:  51% ▕█████████         ▏ 2.4 GB/4.7 GB   22 MB/s   1m43s[K[?25h[?2026l[?2026h[?25l[A[1Gpulling manifest [K
pulling 96c415656d37:  51% ▕█████████         ▏ 2.4 GB/4.7 GB   22 MB/s   1m43s[K[?25h[?2026l[?2026h[?25l[A[1Gpulling manifest [K
pulling 96c415656d37:  51% ▕█████████         ▏ 2.4 GB/4.7 GB   22 MB/s   1m43s[K[?25h[?2026l[?2026h[?25l[A[1Gpulling manifest [K
pulling 96c415656d37:  51% ▕█████████         ▏ 2.4 GB/4.7 GB   23 MB/s   1m39s[K[?25h[?2026l[?2026h[?25l[A[1Gpulling manifest [K
pulling 96c415656d37:  51% ▕█████████         ▏ 2.4 GB/4.7 GB   23 MB/s   1m39s[K[?25h[?2026l[?2026h[?25l[A[1Gpulling manifest [K
pulling 96c415656d37:  51% ▕█████████         ▏ 2.4 GB/4.7 GB   23 MB/s   1m39s[K[?25h[?2026l[?2026h[?25l[A[1Gpulling manifest [K
pulling 96c415656d37:  51% ▕█████████         ▏ 2.4 GB/4.7 GB   23 MB/s   1m39s[K[?25h[?2026l[?2026h[?25l[A[1Gpulling manifest [K
pulling 96c415656d37:  51% ▕█████████         ▏ 2.4 GB/4.7 GB   23 MB/s   1m39s[K[?25h[?2026l[?2026h[?25l[A[1Gpulling manifest [K
pulling 96c415656d37:  51% ▕█████████         ▏ 2.4 GB/4.7 GB   23 MB/s   1m39s[K[?25h[?2026l[?2026h[?25l[A[1Gpulling manifest [K
pulling 96c415656d37:  51% ▕█████████         ▏ 2.4 GB/4.7 GB   23 MB/s   1m38s[K[?25h[?2026l[?2026h[?25l[A[1Gpulling manifest [K
pulling 96c415656d37:  51% ▕█████████         ▏ 2.4 GB/4.7 GB   23 MB/s   1m38s[K[?25h[?2026l[?2026h[?25l[A[1Gpulling manifest [K
pulling 96c415656d37:  51% ▕█████████         ▏ 2.4 GB/4.7 GB   23 MB/s   1m38s[K[?25h[?2026l[?2026h[?25l[A[1Gpulling manifest [K
pulling 96c415656d37:  51% ▕█████████         ▏ 2.4 GB/4.7 GB   23 MB/s   1m38s[K[?25h[?2026l[?2026h[?25l[A[1Gpulling manifest [K
pulling 96c415656d37:  51% ▕█████████         ▏ 2.4 GB/4.7 GB   24 MB/s   1m34s[K[?25h[?2026l[?2026h[?25l[A[1Gpulling manifest [K
pulling 96c415656d37:  51% ▕█████████         ▏ 2.4 GB/4.7 GB   24 MB/s   1m34s[K[?25h[?2026l[?2026h[?25l[A[1Gpulling manifest [K
pulling 96c415656d37:  51% ▕█████████         ▏ 2.4 GB/4.7 GB   24 MB/s   1m34s[K[?25h[?2026l[?2026h[?25l[A[1Gpulling manifest [K
pulling 96c415656d37:  51% ▕█████████         ▏ 2.4 GB/4.7 GB   24 MB/s   1m34s[K[?25h[?2026l[?2026h[?25l[A[1Gpulling manifest [K
pulling 96c415656d37:  52% ▕█████████         ▏ 2.4 GB/4.7 GB   24 MB/s   1m34s[K[?25h[?2026l[?2026h[?25l[A[1Gpulling manifest [K
pulling 96c415656d37:  52% ▕█████████         ▏ 2.4 GB/4.7 GB   24 MB/s   1m33s[K[?25h[?2026l[?2026h[?25l[A[1Gpulling manifest [K
pulling 96c415656d37:  52% ▕█████████         ▏ 2.4 GB/4.7 GB   24 MB/s   1m33s[K[?25h[?2026l[?2026h[?25l[A[1Gpulling manifest [K
pulling 96c415656d37:  52% ▕█████████         ▏ 2.4 GB/4.7 GB   24 MB/s   1m33s[K[?25h[?2026l[?2026h[?25l[A[1Gpulling manifest [K
pulling 96c415656d37:  52% ▕█████████         ▏ 2.4 GB/4.7 GB   24 MB/s   1m33s[K[?25h[?2026l[?2026h[?25l[A[1Gpulling manifest [K
pulling 96c415656d37:  52% ▕█████████         ▏ 2.4 GB/4.7 GB   24 MB/s   1m33s[K[?25h[?2026l[?2026h[?25l[A[1Gpulling manifest [K
pulling 96c415656d37:  52% ▕█████████         ▏ 2.4 GB/4.7 GB   24 MB/s   1m31s[K[?25h[?2026l[?2026h[?25l[A[1Gpulling manifest [K
pulling 96c415656d37:  52% ▕█████████         ▏ 2.4 GB/4.7 GB   24 MB/s   1m31s[K[?25h[?2026l[?2026h[?25l[A[1Gpulling manifest [K
pulling 96c415656d37:  52% ▕█████████         ▏ 2.4 GB/4.7 GB   24 MB/s   1m31s[K[?25h[?2026l[?2026h[?25l[A[1Gpulling manifest [K
pulling 96c415656d37:  52% ▕█████████         ▏ 2.4 GB/4.7 GB   24 MB/s   1m31s[K[?25h[?2026l[?2026h[?25l[A[1Gpulling manifest [K
pulling 96c415656d37:  52% ▕█████████         ▏ 2.4 GB/4.7 GB   24 MB/s   1m31s[K[?25h[?2026l[?2026h[?25l[A[1Gpulling manifest [K
pulling 96c415656d37:  52% ▕█████████         ▏ 2.4 GB/4.7 GB   24 MB/s   1m31s[K[?25h[?2026l[?2026h[?25l[A[1Gpulling manifest [K
pulling 96c415656d37:  52% ▕█████████         ▏ 2.4 GB/4.7 GB   24 MB/s   1m31s[K[?25h[?2026l[?2026h[?25l[A[1Gpulling manifest [K
pulling 96c415656d37:  52% ▕█████████         ▏ 2.4 GB/4.7 GB   24 MB/s   1m31s[K[?25h[?2026l[?2026h[?25l[A[1Gpulling manifest [K
pulling 96c415656d37:  52% ▕█████████         ▏ 2.4 GB/4.7 GB   24 MB/s   1m31s[K[?25h[?2026l[?2026h[?25l[A[1Gpulling manifest [K
pulling 96c415656d37:  52% ▕█████████         ▏ 2.4 GB/4.7 GB   24 MB/s   1m31s[K[?25h[?2026l[?2026h[?25l[A[1Gpulling manifest [K
pulling 96c415656d37:  52% ▕█████████         ▏ 2.4 GB/4.7 GB   23 MB/s   1m33s[K[?25h[?2026l[?2026h[?25l[A[1Gpulling manifest [K
pulling 96c415656d37:  52% ▕█████████         ▏ 2.4 GB/4.7 GB   23 MB/s   1m33s[K[?25h[?2026l[?2026h[?25l[A[1Gpulling manifest [K
pulling 96c415656d37:  52% ▕█████████         ▏ 2.5 GB/4.7 GB   23 MB/s   1m33s[K[?25h[?2026l[?2026h[?25l[A[1Gpulling manifest [K
pulling 96c415656d37:  52% ▕█████████         ▏ 2.5 GB/4.7 GB   23 MB/s   1m33s[K[?25h[?2026l[?2026h[?25l[A[1Gpulling manifest [K
pulling 96c415656d37:  53% ▕█████████         ▏ 2.5 GB/4.7 GB   23 MB/s   1m33s[K[?25h[?2026l[?2026h[?25l[A[1Gpulling manifest [K
pulling 96c415656d37:  53% ▕█████████         ▏ 2.5 GB/4.7 GB   23 MB/s   1m32s[K[?25h[?2026l[?2026h[?25l[A[1Gpulling manifest [K
pulling 96c415656d37:  53% ▕█████████         ▏ 2.5 GB/4.7 GB   23 MB/s   1m32s[K[?25h[?2026l[?2026h[?25l[A[1Gpulling manifest [K
pulling 96c415656d37:  53% ▕█████████         ▏ 2.5 GB/4.7 GB   23 MB/s   1m32s[K[?25h[?2026l[?2026h[?25l[A[1Gpulling manifest [K
pulling 96c415656d37:  53% ▕█████████         ▏ 2.5 GB/4.7 GB   23 MB/s   1m32s[K[?25h[?2026l[?2026h[?25l[A[1Gpulling manifest [K
pulling 96c415656d37:  53% ▕█████████         ▏ 2.5 GB/4.7 GB   23 MB/s   1m32s[K[?25h[?2026l[?2026h[?25l[A[1Gpulling manifest [K
pulling 96c415656d37:  53% ▕█████████         ▏ 2.5 GB/4.7 GB   22 MB/s   1m36s[K[?25h[?2026l[?2026h[?25l[A[1Gpulling manifest [K
pulling 96c415656d37:  53% ▕█████████         ▏ 2.5 GB/4.7 GB   22 MB/s   1m36s[K[?25h[?2026l[?2026h[?25l[A[1Gpulling manifest [K
pulling 96c415656d37:  53% ▕█████████         ▏ 2.5 GB/4.7 GB   22 MB/s   1m36s[K[?25h[?2026l[?2026h[?25l[A[1Gpulling manifest [K
pulling 96c415656d37:  53% ▕█████████         ▏ 2.5 GB/4.7 GB   22 MB/s   1m36s[K[?25h[?2026l[?2026h[?25l[A[1Gpulling manifest [K
pulling 96c415656d37:  53% ▕█████████         ▏ 2.5 GB/4.7 GB   22 MB/s   1m36s[K[?25h[?2026l[?2026h[?25l[A[1Gpulling manifest [K
pulling 96c415656d37:  53% ▕█████████         ▏ 2.5 GB/4.7 GB   22 MB/s   1m36s[K[?25h[?2026l[?2026h[?25l[A[1Gpulling manifest [K
pulling 96c415656d37:  53% ▕█████████         ▏ 2.5 GB/4.7 GB   22 MB/s   1m36s[K[?25h[?2026l[?2026h[?25l[A[1Gpulling manifest [K
pulling 96c415656d37:  53% ▕█████████         ▏ 2.5 GB/4.7 GB   22 MB/s   1m35s[K[?25h[?2026l[?2026h[?25l[A[1Gpulling manifest [K
pulling 96c415656d37:  53% ▕█████████         ▏ 2.5 GB/4.7 GB   22 MB/s   1m35s[K[?25h[?2026l[?2026h[?25l[A[1Gpulling manifest [K
pulling 96c415656d37:  53% ▕█████████         ▏ 2.5 GB/4.7 GB   22 MB/s   1m35s[K[?25h[?2026l[?2026h[?25l[A[1Gpulling manifest [K
pulling 96c415656d37:  53% ▕█████████         ▏ 2.5 GB/4.7 GB   22 MB/s   1m35s[K[?25h[?2026l[?2026h[?25l[A[1Gpulling manifest [K
pulling 96c415656d37:  53% ▕█████████         ▏ 2.5 GB/4.7 GB   22 MB/s   1m37s[K[?25h[?2026l[?2026h[?25l[A[1Gpulling manifest [K
pulling 96c415656d37:  53% ▕█████████         ▏ 2.5 GB/4.7 GB   22 MB/s   1m37s[K[?25h[?2026l[?2026h[?25l[A[1Gpulling manifest [K
pulling 96c415656d37:  53% ▕█████████         ▏ 2.5 GB/4.7 GB   22 MB/s   1m37s[K[?25h[?2026l[?2026h[?25l[A[1Gpulling manifest [K
pulling 96c415656d37:  53% ▕█████████         ▏ 2.5 GB/4.7 GB   22 MB/s   1m37s[K[?25h[?2026l[?2026h[?25l[A[1Gpulling manifest [K
pulling 96c415656d37:  54% ▕█████████         ▏ 2.5 GB/4.7 GB   22 MB/s   1m36s[K[?25h[?2026l[?2026h[?25l[A[1Gpulling manifest [K
pulling 96c415656d37:  54% ▕█████████         ▏ 2.5 GB/4.7 GB   22 MB/s   1m36s[K[?25h[?2026l[?2026h[?25l[A[1Gpulling manifest [K
pulling 96c415656d37:  54% ▕█████████         ▏ 2.5 GB/4.7 GB   22 MB/s   1m36s[K[?25h[?2026l[?2026h[?25l[A[1Gpulling manifest [K
pulling 96c415656d37:  54% ▕█████████         ▏ 2.5 GB/4.7 GB   22 MB/s   1m36s[K[?25h[?2026l[?2026h[?25l[A[1Gpulling manifest [K
pulling 96c415656d37:  54% ▕█████████         ▏ 2.5 GB/4.7 GB   22 MB/s   1m36s[K[?25h[?2026l[?2026h[?25l[A[1Gpulling manifest [K
pulling 96c415656d37:  54% ▕█████████         ▏ 2.5 GB/4.7 GB   22 MB/s   1m36s[K[?25h[?2026l[?2026h[?25l[A[1Gpulling manifest [K
pulling 96c415656d37:  54% ▕█████████         ▏ 2.5 GB/4.7 GB   23 MB/s   1m32s[K[?25h[?2026l[?2026h[?25l[A[1Gpulling manifest [K
pulling 96c415656d37:  54% ▕█████████         ▏ 2.5 GB/4.7 GB   23 MB/s   1m32s[K[?25h[?2026l[?2026h[?25l[A[1Gpulling manifest [K
pulling 96c415656d37:  54% ▕█████████         ▏ 2.5 GB/4.7 GB   23 MB/s   1m32s[K[?25h[?2026l[?2026h[?25l[A[1Gpulling manifest [K
pulling 96c415656d37:  54% ▕█████████         ▏ 2.5 GB/4.7 GB   23 MB/s   1m32s[K[?25h[?2026l[?2026h[?25l[A[1Gpulling manifest [K
pulling 96c415656d37:  54% ▕█████████         ▏ 2.5 GB/4.7 GB   23 MB/s   1m32s[K[?25h[?2026l[?2026h[?25l[A[1Gpulling manifest [K
pulling 96c415656d37:  54% ▕█████████         ▏ 2.5 GB/4.7 GB   23 MB/s   1m32s[K[?25h[?2026l[?2026h[?25l[A[1Gpulling manifest [K
pulling 96c415656d37:  54% ▕█████████         ▏ 2.5 GB/4.7 GB   23 MB/s   1m32s[K[?25h[?2026l[?2026h[?25l[A[1Gpulling manifest [K
pulling 96c415656d37:  54% ▕█████████         ▏ 2.5 GB/4.7 GB   23 MB/s   1m32s[K[?25h[?2026l[?2026h[?25l[A[1Gpulling manifest [K
pulling 96c415656d37:  54% ▕█████████         ▏ 2.5 GB/4.7 GB   23 MB/s   1m32s[K[?25h[?2026l[?2026h[?25l[A[1Gpulling manifest [K
pulling 96c415656d37:  54% ▕█████████         ▏ 2.5 GB/4.7 GB   23 MB/s   1m31s[K[?25h[?2026l[?2026h[?25l[A[1Gpulling manifest [K
pulling 96c415656d37:  54% ▕█████████         ▏ 2.5 GB/4.7 GB   24 MB/s   1m26s[K[?25h[?2026l[?2026h[?25l[A[1Gpulling manifest [K
pulling 96c415656d37:  54% ▕█████████         ▏ 2.6 GB/4.7 GB   24 MB/s   1m26s[K[?25h[?2026l[?2026h[?25l[A[1Gpulling manifest [K
pulling 96c415656d37:  55% ▕█████████         ▏ 2.6 GB/4.7 GB   24 MB/s   1m26s[K[?25h[?2026l[?2026h[?25l[A[1Gpulling manifest [K
pulling 96c415656d37:  55% ▕█████████         ▏ 2.6 GB/4.7 GB   24 MB/s   1m26s[K[?25h[?2026l[?2026h[?25l[A[1Gpulling manifest [K
pulling 96c415656d37:  55% ▕█████████         ▏ 2.6 GB/4.7 GB   24 MB/s   1m26s[K[?25h[?2026l[?2026h[?25l[A[1Gpulling manifest [K
pulling 96c415656d37:  55% ▕█████████         ▏ 2.6 GB/4.7 GB   24 MB/s   1m26s[K[?25h[?2026l[?2026h[?25l[A[1Gpulling manifest [K
pulling 96c415656d37:  55% ▕█████████         ▏ 2.6 GB/4.7 GB   24 MB/s   1m26s[K[?25h[?2026l[?2026h[?25l[A[1Gpulling manifest [K
pulling 96c415656d37:  55% ▕█████████         ▏ 2.6 GB/4.7 GB   24 MB/s   1m25s[K[?25h[?2026l[?2026h[?25l[A[1Gpulling manifest [K
pulling 96c415656d37:  55% ▕█████████         ▏ 2.6 GB/4.7 GB   24 MB/s   1m25s[K[?25h[?2026l[?2026h[?25l[A[1Gpulling manifest [K
pulling 96c415656d37:  55% ▕█████████         ▏ 2.6 GB/4.7 GB   24 MB/s   1m25s[K[?25h[?2026l[?2026h[?25l[A[1Gpulling manifest [K
pulling 96c415656d37:  55% ▕█████████         ▏ 2.6 GB/4.7 GB   25 MB/s   1m24s[K[?25h[?2026l[?2026h[?25l[A[1Gpulling manifest [K
pulling 96c415656d37:  55% ▕█████████         ▏ 2.6 GB/4.7 GB   25 MB/s   1m24s[K[?25h[?2026l[?2026h[?25l[A[1Gpulling manifest [K
pulling 96c415656d37:  55% ▕█████████         ▏ 2.6 GB/4.7 GB   25 MB/s   1m23s[K[?25h[?2026l[?2026h[?25l[A[1Gpulling manifest [K
pulling 96c415656d37:  55% ▕█████████         ▏ 2.6 GB/4.7 GB   25 MB/s   1m23s[K[?25h[?2026l[?2026h[?25l[A[1Gpulling manifest [K
pulling 96c415656d37:  55% ▕█████████         ▏ 2.6 GB/4.7 GB   25 MB/s   1m23s[K[?25h[?2026l[?2026h[?25l[A[1Gpulling manifest [K
pulling 96c415656d37:  55% ▕█████████         ▏ 2.6 GB/4.7 GB   25 MB/s   1m23s[K[?25h[?2026l[?2026h[?25l[A[1Gpulling manifest [K
pulling 96c415656d37:  55% ▕█████████         ▏ 2.6 GB/4.7 GB   25 MB/s   1m23s[K[?25h[?2026l[?2026h[?25l[A[1Gpulling manifest [K
pulling 96c415656d37:  55% ▕█████████         ▏ 2.6 GB/4.7 GB   25 MB/s   1m23s[K[?25h[?2026l[?2026h[?25l[A[1Gpulling manifest [K
pulling 96c415656d37:  55% ▕█████████         ▏ 2.6 GB/4.7 GB   25 MB/s   1m23s[K[?25h[?2026l[?2026h[?25l[A[1Gpulling manifest [K
pulling 96c415656d37:  55% ▕█████████         ▏ 2.6 GB/4.7 GB   25 MB/s   1m23s[K[?25h[?2026l[?2026h[?25l[A[1Gpulling manifest [K
pulling 96c415656d37:  55% ▕█████████         ▏ 2.6 GB/4.7 GB   24 MB/s   1m26s[K[?25h[?2026l[?2026h[?25l[A[1Gpulling manifest [K
pulling 96c415656d37:  55% ▕█████████         ▏ 2.6 GB/4.7 GB   24 MB/s   1m26s[K[?25h[?2026l[?2026h[?25l[A[1Gpulling manifest [K
pulling 96c415656d37:  55% ▕█████████         ▏ 2.6 GB/4.7 GB   24 MB/s   1m25s[K[?25h[?2026l[?2026h[?25l[A[1Gpulling manifest [K
pulling 96c415656d37:  56% ▕██████████        ▏ 2.6 GB/4.7 GB   24 MB/s   1m25s[K[?25h[?2026l[?2026h[?25l[A[1Gpulling manifest [K
pulling 96c415656d37:  56% ▕██████████        ▏ 2.6 GB/4.7 GB   24 MB/s   1m25s[K[?25h[?2026l[?2026h[?25l[A[1Gpulling manifest [K
pulling 96c415656d37:  56% ▕██████████        ▏ 2.6 GB/4.7 GB   24 MB/s   1m25s[K[?25h[?2026l[?2026h[?25l[A[1Gpulling manifest [K
pulling 96c415656d37:  56% ▕██████████        ▏ 2.6 GB/4.7 GB   24 MB/s   1m25s[K[?25h[?2026l[?2026h[?25l[A[1Gpulling manifest [K
pulling 96c415656d37:  56% ▕██████████        ▏ 2.6 GB/4.7 GB   24 MB/s   1m25s[K[?25h[?2026l[?2026h[?25l[A[1Gpulling manifest [K
pulling 96c415656d37:  56% ▕██████████        ▏ 2.6 GB/4.7 GB   24 MB/s   1m25s[K[?25h[?2026l[?2026h[?25l[A[1Gpulling manifest [K
pulling 96c415656d37:  56% ▕██████████        ▏ 2.6 GB/4.7 GB   24 MB/s   1m25s[K[?25h[?2026l[?2026h[?25l[A[1Gpulling manifest [K
pulling 96c415656d37:  56% ▕██████████        ▏ 2.6 GB/4.7 GB   24 MB/s   1m25s[K[?25h[?2026l[?2026h[?25l[A[1Gpulling manifest [K
pulling 96c415656d37:  56% ▕██████████        ▏ 2.6 GB/4.7 GB   23 MB/s   1m26s[K[?25h[?2026l[?2026h[?25l[A[1Gpulling manifest [K
pulling 96c415656d37:  56% ▕██████████        ▏ 2.6 GB/4.7 GB   23 MB/s   1m26s[K[?25h[?2026l[?2026h[?25l[A[1Gpulling manifest [K
pulling 96c415656d37:  56% ▕██████████        ▏ 2.6 GB/4.7 GB   23 MB/s   1m26s[K[?25h[?2026l[?2026h[?25l[A[1Gpulling manifest [K
pulling 96c415656d37:  56% ▕██████████        ▏ 2.6 GB/4.7 GB   23 MB/s   1m26s[K[?25h[?2026l[?2026h[?25l[A[1Gpulling manifest [K
pulling 96c415656d37:  56% ▕██████████        ▏ 2.6 GB/4.7 GB   23 MB/s   1m26s[K[?25h[?2026l[?2026h[?25l[A[1Gpulling manifest [K
pulling 96c415656d37:  56% ▕██████████        ▏ 2.6 GB/4.7 GB   23 MB/s   1m26s[K[?25h[?2026l[?2026h[?25l[A[1Gpulling manifest [K
pulling 96c415656d37:  56% ▕██████████        ▏ 2.6 GB/4.7 GB   23 MB/s   1m26s[K[?25h[?2026l[?2026h[?25l[A[1Gpulling manifest [K
pulling 96c415656d37:  56% ▕██████████        ▏ 2.6 GB/4.7 GB   23 MB/s   1m26s[K[?25h[?2026l[?2026h[?25l[A[1Gpulling manifest [K
pulling 96c415656d37:  56% ▕██████████        ▏ 2.6 GB/4.7 GB   23 MB/s   1m26s[K[?25h[?2026l[?2026h[?25l[A[1Gpulling manifest [K
pulling 96c415656d37:  56% ▕██████████        ▏ 2.6 GB/4.7 GB   23 MB/s   1m26s[K[?25h[?2026l[?2026h[?25l[A[1Gpulling manifest [K
pulling 96c415656d37:  56% ▕██████████        ▏ 2.6 GB/4.7 GB   22 MB/s   1m32s[K[?25h[?2026l[?2026h[?25l[A[1Gpulling manifest [K
pulling 96c415656d37:  56% ▕██████████        ▏ 2.6 GB/4.7 GB   22 MB/s   1m32s[K[?25h[?2026l[?2026h[?25l[A[1Gpulling manifest [K
pulling 96c415656d37:  56% ▕██████████        ▏ 2.6 GB/4.7 GB   22 MB/s   1m32s[K[?25h[?2026l[?2026h[?25l[A[1Gpulling manifest [K
pulling 96c415656d37:  56% ▕██████████        ▏ 2.6 GB/4.7 GB   22 MB/s   1m31s[K[?25h[?2026l[?2026h[?25l[A[1Gpulling manifest [K
pulling 96c415656d37:  56% ▕██████████        ▏ 2.6 GB/4.7 GB   22 MB/s   1m31s[K[?25h[?2026l[?2026h[?25l[A[1Gpulling manifest [K
pulling 96c415656d37:  56% ▕██████████        ▏ 2.6 GB/4.7 GB   22 MB/s   1m31s[K[?25h[?2026l[?2026h[?25l[A[1Gpulling manifest [K
pulling 96c415656d37:  56% ▕██████████        ▏ 2.6 GB/4.7 GB   22 MB/s   1m31s[K[?25h[?2026l[?2026h[?25l[A[1Gpulling manifest [K
pulling 96c415656d37:  56% ▕██████████        ▏ 2.6 GB/4.7 GB   22 MB/s   1m31s[K[?25h[?2026l[?2026h[?25l[A[1Gpulling manifest [K
pulling 96c415656d37:  57% ▕██████████        ▏ 2.6 GB/4.7 GB   22 MB/s   1m31s[K[?25h[?2026l[?2026h[?25l[A[1Gpulling manifest [K
pulling 96c415656d37:  57% ▕██████████        ▏ 2.6 GB/4.7 GB   22 MB/s   1m31s[K[?25h[?2026l[?2026h[?25l[A[1Gpulling manifest [K
pulling 96c415656d37:  57% ▕██████████        ▏ 2.7 GB/4.7 GB   22 MB/s   1m28s[K[?25h[?2026l[?2026h[?25l[A[1Gpulling manifest [K
pulling 96c415656d37:  57% ▕██████████        ▏ 2.7 GB/4.7 GB   22 MB/s   1m28s[K[?25h[?2026l[?2026h[?25l[A[1Gpulling manifest [K
pulling 96c415656d37:  57% ▕██████████        ▏ 2.7 GB/4.7 GB   22 MB/s   1m27s[K[?25h[?2026l[?2026h[?25l[A[1Gpulling manifest [K
pulling 96c415656d37:  57% ▕██████████        ▏ 2.7 GB/4.7 GB   22 MB/s   1m27s[K[?25h[?2026l[?2026h[?25l[A[1Gpulling manifest [K
pulling 96c415656d37:  57% ▕██████████        ▏ 2.7 GB/4.7 GB   22 MB/s   1m27s[K[?25h[?2026l[?2026h[?25l[A[1Gpulling manifest [K
pulling 96c415656d37:  57% ▕██████████        ▏ 2.7 GB/4.7 GB   22 MB/s   1m27s[K[?25h[?2026l[?2026h[?25l[A[1Gpulling manifest [K
pulling 96c415656d37:  57% ▕██████████        ▏ 2.7 GB/4.7 GB   22 MB/s   1m27s[K[?25h[?2026l[?2026h[?25l[A[1Gpulling manifest [K
pulling 96c415656d37:  57% ▕██████████        ▏ 2.7 GB/4.7 GB   22 MB/s   1m27s[K[?25h[?2026l[?2026h[?25l[A[1Gpulling manifest [K
pulling 96c415656d37:  57% ▕██████████        ▏ 2.7 GB/4.7 GB   22 MB/s   1m27s[K[?25h[?2026l[?2026h[?25l[A[1Gpulling manifest [K
pulling 96c415656d37:  57% ▕██████████        ▏ 2.7 GB/4.7 GB   22 MB/s   1m27s[K[?25h[?2026l[?2026h[?25l[A[1Gpulling manifest [K
pulling 96c415656d37:  57% ▕██████████        ▏ 2.7 GB/4.7 GB   22 MB/s   1m28s[K[?25h[?2026l[?2026h[?25l[A[1Gpulling manifest [K
pulling 96c415656d37:  57% ▕██████████        ▏ 2.7 GB/4.7 GB   22 MB/s   1m28s[K[?25h[?2026l[?2026h[?25l[A[1Gpulling manifest [K
pulling 96c415656d37:  57% ▕██████████        ▏ 2.7 GB/4.7 GB   22 MB/s   1m28s[K[?25h[?2026l[?2026h[?25l[A[1Gpulling manifest [K
pulling 96c415656d37:  57% ▕██████████        ▏ 2.7 GB/4.7 GB   22 MB/s   1m28s[K[?25h[?2026l[?2026h[?25l[A[1Gpulling manifest [K
pulling 96c415656d37:  57% ▕██████████        ▏ 2.7 GB/4.7 GB   22 MB/s   1m28s[K[?25h[?2026l[?2026h[?25l[A[1Gpulling manifest [K
pulling 96c415656d37:  57% ▕██████████        ▏ 2.7 GB/4.7 GB   22 MB/s   1m27s[K[?25h[?2026l[?2026h[?25l[A[1Gpulling manifest [K
pulling 96c415656d37:  57% ▕██████████        ▏ 2.7 GB/4.7 GB   22 MB/s   1m27s[K[?25h[?2026l[?2026h[?25l[A[1Gpulling manifest [K
pulling 96c415656d37:  57% ▕██████████        ▏ 2.7 GB/4.7 GB   22 MB/s   1m27s[K[?25h[?2026l[?2026h[?25l[A[1Gpulling manifest [K
pulling 96c415656d37:  57% ▕██████████        ▏ 2.7 GB/4.7 GB   22 MB/s   1m27s[K[?25h[?2026l[?2026h[?25l[A[1Gpulling manifest [K
pulling 96c415656d37:  58% ▕██████████        ▏ 2.7 GB/4.7 GB   22 MB/s   1m27s[K[?25h[?2026l[?2026h[?25l[A[1Gpulling manifest [K
pulling 96c415656d37:  58% ▕██████████        ▏ 2.7 GB/4.7 GB   23 MB/s   1m23s[K[?25h[?2026l[?2026h[?25l[A[1Gpulling manifest [K
pulling 96c415656d37:  58% ▕██████████        ▏ 2.7 GB/4.7 GB   23 MB/s   1m23s[K[?25h[?2026l[?2026h[?25l[A[1Gpulling manifest [K
pulling 96c415656d37:  58% ▕██████████        ▏ 2.7 GB/4.7 GB   23 MB/s   1m23s[K[?25h[?2026l[?2026h[?25l[A[1Gpulling manifest [K
pulling 96c415656d37:  58% ▕██████████        ▏ 2.7 GB/4.7 GB   23 MB/s   1m23s[K[?25h[?2026l[?2026h[?25l[A[1Gpulling manifest [K
pulling 96c415656d37:  58% ▕██████████        ▏ 2.7 GB/4.7 GB   23 MB/s   1m23s[K[?25h[?2026l[?2026h[?25l[A[1Gpulling manifest [K
pulling 96c415656d37:  58% ▕██████████        ▏ 2.7 GB/4.7 GB   23 MB/s   1m23s[K[?25h[?2026l[?2026h[?25l[A[1Gpulling manifest [K
pulling 96c415656d37:  58% ▕██████████        ▏ 2.7 GB/4.7 GB   23 MB/s   1m23s[K[?25h[?2026l[?2026h[?25l[A[1Gpulling manifest [K
pulling 96c415656d37:  58% ▕██████████        ▏ 2.7 GB/4.7 GB   23 MB/s   1m23s[K[?25h[?2026l[?2026h[?25l[A[1Gpulling manifest [K
pulling 96c415656d37:  58% ▕██████████        ▏ 2.7 GB/4.7 GB   23 MB/s   1m23s[K[?25h[?2026l[?2026h[?25l[A[1Gpulling manifest [K
pulling 96c415656d37:  58% ▕██████████        ▏ 2.7 GB/4.7 GB   23 MB/s   1m23s[K[?25h[?2026l[?2026h[?25l[A[1Gpulling manifest [K
pulling 96c415656d37:  58% ▕██████████        ▏ 2.7 GB/4.7 GB   23 MB/s   1m23s[K[?25h[?2026l[?2026h[?25l[A[1Gpulling manifest [K
pulling 96c415656d37:  58% ▕██████████        ▏ 2.7 GB/4.7 GB   21 MB/s   1m29s[K[?25h[?2026l[?2026h[?25l[A[1Gpulling manifest [K
pulling 96c415656d37:  58% ▕██████████        ▏ 2.7 GB/4.7 GB   21 MB/s   1m29s[K[?25h[?2026l[?2026h[?25l[A[1Gpulling manifest [K
pulling 96c415656d37:  58% ▕██████████        ▏ 2.7 GB/4.7 GB   21 MB/s   1m29s[K[?25h[?2026l[?2026h[?25l[A[1Gpulling manifest [K
pulling 96c415656d37:  58% ▕██████████        ▏ 2.7 GB/4.7 GB   21 MB/s   1m29s[K[?25h[?2026l[?2026h[?25l[A[1Gpulling manifest [K
pulling 96c415656d37:  58% ▕██████████        ▏ 2.7 GB/4.7 GB   21 MB/s   1m29s[K[?25h[?2026l[?2026h[?25l[A[1Gpulling manifest [K
pulling 96c415656d37:  58% ▕██████████        ▏ 2.7 GB/4.7 GB   21 MB/s   1m29s[K[?25h[?2026l[?2026h[?25l[A[1Gpulling manifest [K
pulling 96c415656d37:  58% ▕██████████        ▏ 2.7 GB/4.7 GB   21 MB/s   1m28s[K[?25h[?2026l[?2026h[?25l[A[1Gpulling manifest [K
pulling 96c415656d37:  58% ▕██████████        ▏ 2.7 GB/4.7 GB   21 MB/s   1m28s[K[?25h[?2026l[?2026h[?25l[A[1Gpulling manifest [K
pulling 96c415656d37:  58% ▕██████████        ▏ 2.7 GB/4.7 GB   21 MB/s   1m28s[K[?25h[?2026l[?2026h[?25l[A[1Gpulling manifest [K
pulling 96c415656d37:  59% ▕██████████        ▏ 2.7 GB/4.7 GB   21 MB/s   1m28s[K[?25h[?2026l[?2026h[?25l[A[1Gpulling manifest [K
pulling 96c415656d37:  59% ▕██████████        ▏ 2.7 GB/4.7 GB   21 MB/s   1m29s[K[?25h[?2026l[?2026h[?25l[A[1Gpulling manifest [K
pulling 96c415656d37:  59% ▕██████████        ▏ 2.7 GB/4.7 GB   21 MB/s   1m29s[K[?25h[?2026l[?2026h[?25l[A[1Gpulling manifest [K
pulling 96c415656d37:  59% ▕██████████        ▏ 2.8 GB/4.7 GB   21 MB/s   1m29s[K[?25h[?2026l[?2026h[?25l[A[1Gpulling manifest [K
pulling 96c415656d37:  59% ▕██████████        ▏ 2.8 GB/4.7 GB   21 MB/s   1m29s[K[?25h[?2026l[?2026h[?25l[A[1Gpulling manifest [K
pulling 96c415656d37:  59% ▕██████████        ▏ 2.8 GB/4.7 GB   21 MB/s   1m29s[K[?25h[?2026l[?2026h[?25l[A[1Gpulling manifest [K
pulling 96c415656d37:  59% ▕██████████        ▏ 2.8 GB/4.7 GB   21 MB/s   1m28s[K[?25h[?2026l[?2026h[?25l[A[1Gpulling manifest [K
pulling 96c415656d37:  59% ▕██████████        ▏ 2.8 GB/4.7 GB   21 MB/s   1m28s[K[?25h[?2026l[?2026h[?25l[A[1Gpulling manifest [K
pulling 96c415656d37:  59% ▕██████████        ▏ 2.8 GB/4.7 GB   21 MB/s   1m28s[K[?25h[?2026l[?2026h[?25l[A[1Gpulling manifest [K
pulling 96c415656d37:  59% ▕██████████        ▏ 2.8 GB/4.7 GB   21 MB/s   1m28s[K[?25h[?2026l[?2026h[?25l[A[1Gpulling manifest [K
pulling 96c415656d37:  59% ▕██████████        ▏ 2.8 GB/4.7 GB   21 MB/s   1m28s[K[?25h[?2026l[?2026h[?25l[A[1Gpulling manifest [K
pulling 96c415656d37:  59% ▕██████████        ▏ 2.8 GB/4.7 GB   22 MB/s   1m23s[K[?25h[?2026l[?2026h[?25l[A[1Gpulling manifest [K
pulling 96c415656d37:  59% ▕██████████        ▏ 2.8 GB/4.7 GB   22 MB/s   1m23s[K[?25h[?2026l[?2026h[?25l[A[1Gpulling manifest [K
pulling 96c415656d37:  59% ▕██████████        ▏ 2.8 GB/4.7 GB   22 MB/s   1m23s[K[?25h[?2026l[?2026h[?25l[A[1Gpulling manifest [K
pulling 96c415656d37:  59% ▕██████████        ▏ 2.8 GB/4.7 GB   22 MB/s   1m23s[K[?25h[?2026l[?2026h[?25l[A[1Gpulling manifest [K
pulling 96c415656d37:  59% ▕██████████        ▏ 2.8 GB/4.7 GB   22 MB/s   1m23s[K[?25h[?2026l[?2026h[?25l[A[1Gpulling manifest [K
pulling 96c415656d37:  59% ▕██████████        ▏ 2.8 GB/4.7 GB   22 MB/s   1m23s[K[?25h[?2026l[?2026h[?25l[A[1Gpulling manifest [K
pulling 96c415656d37:  59% ▕██████████        ▏ 2.8 GB/4.7 GB   22 MB/s   1m23s[K[?25h[?2026l[?2026h[?25l[A[1Gpulling manifest [K
pulling 96c415656d37:  60% ▕██████████        ▏ 2.8 GB/4.7 GB   22 MB/s   1m23s[K[?25h[?2026l[?2026h[?25l[A[1Gpulling manifest [K
pulling 96c415656d37:  60% ▕██████████        ▏ 2.8 GB/4.7 GB   22 MB/s   1m23s[K[?25h[?2026l[?2026h[?25l[A[1Gpulling manifest [K
pulling 96c415656d37:  60% ▕██████████        ▏ 2.8 GB/4.7 GB   22 MB/s   1m23s[K[?25h[?2026l[?2026h[?25l[A[1Gpulling manifest [K
pulling 96c415656d37:  60% ▕██████████        ▏ 2.8 GB/4.7 GB   22 MB/s   1m22s[K[?25h[?2026l[?2026h[?25l[A[1Gpulling manifest [K
pulling 96c415656d37:  60% ▕██████████        ▏ 2.8 GB/4.7 GB   22 MB/s   1m22s[K[?25h[?2026l[?2026h[?25l[A[1Gpulling manifest [K
pulling 96c415656d37:  60% ▕██████████        ▏ 2.8 GB/4.7 GB   22 MB/s   1m22s[K[?25h[?2026l[?2026h[?25l[A[1Gpulling manifest [K
pulling 96c415656d37:  60% ▕██████████        ▏ 2.8 GB/4.7 GB   22 MB/s   1m22s[K[?25h[?2026l[?2026h[?25l[A[1Gpulling manifest [K
pulling 96c415656d37:  60% ▕██████████        ▏ 2.8 GB/4.7 GB   22 MB/s   1m21s[K[?25h[?2026l[?2026h[?25l[A[1Gpulling manifest [K
pulling 96c415656d37:  60% ▕██████████        ▏ 2.8 GB/4.7 GB   22 MB/s   1m21s[K[?25h[?2026l[?2026h[?25l[A[1Gpulling manifest [K
pulling 96c415656d37:  60% ▕██████████        ▏ 2.8 GB/4.7 GB   22 MB/s   1m21s[K[?25h[?2026l[?2026h[?25l[A[1Gpulling manifest [K
pulling 96c415656d37:  60% ▕██████████        ▏ 2.8 GB/4.7 GB   22 MB/s   1m21s[K[?25h[?2026l[?2026h[?25l[A[1Gpulling manifest [K
pulling 96c415656d37:  60% ▕██████████        ▏ 2.8 GB/4.7 GB   22 MB/s   1m21s[K[?25h[?2026l[?2026h[?25l[A[1Gpulling manifest [K
pulling 96c415656d37:  60% ▕██████████        ▏ 2.8 GB/4.7 GB   22 MB/s   1m21s[K[?25h[?2026l[?2026h[?25l[A[1Gpulling manifest [K
pulling 96c415656d37:  60% ▕██████████        ▏ 2.8 GB/4.7 GB   22 MB/s   1m23s[K[?25h[?2026l[?2026h[?25l[A[1Gpulling manifest [K
pulling 96c415656d37:  60% ▕██████████        ▏ 2.8 GB/4.7 GB   22 MB/s   1m23s[K[?25h[?2026l[?2026h[?25l[A[1Gpulling manifest [K
pulling 96c415656d37:  60% ▕██████████        ▏ 2.8 GB/4.7 GB   22 MB/s   1m23s[K[?25h[?2026l[?2026h[?25l[A[1Gpulling manifest [K
pulling 96c415656d37:  60% ▕██████████        ▏ 2.8 GB/4.7 GB   22 MB/s   1m23s[K[?25h[?2026l[?2026h[?25l[A[1Gpulling manifest [K
pulling 96c415656d37:  60% ▕██████████        ▏ 2.8 GB/4.7 GB   22 MB/s   1m23s[K[?25h[?2026l[?2026h[?25l[A[1Gpulling manifest [K
pulling 96c415656d37:  60% ▕██████████        ▏ 2.8 GB/4.7 GB   22 MB/s   1m23s[K[?25h[?2026l[?2026h[?25l[A[1Gpulling manifest [K
pulling 96c415656d37:  61% ▕██████████        ▏ 2.8 GB/4.7 GB   22 MB/s   1m22s[K[?25h[?2026l[?2026h[?25l[A[1Gpulling manifest [K
pulling 96c415656d37:  61% ▕██████████        ▏ 2.8 GB/4.7 GB   22 MB/s   1m22s[K[?25h[?2026l[?2026h[?25l[A[1Gpulling manifest [K
pulling 96c415656d37:  61% ▕██████████        ▏ 2.8 GB/4.7 GB   22 MB/s   1m22s[K[?25h[?2026l[?2026h[?25l[A[1Gpulling manifest [K
pulling 96c415656d37:  61% ▕██████████        ▏ 2.8 GB/4.7 GB   22 MB/s   1m22s[K[?25h[?2026l[?2026h[?25l[A[1Gpulling manifest [K
pulling 96c415656d37:  61% ▕██████████        ▏ 2.8 GB/4.7 GB   22 MB/s   1m22s[K[?25h[?2026l[?2026h[?25l[A[1Gpulling manifest [K
pulling 96c415656d37:  61% ▕██████████        ▏ 2.9 GB/4.7 GB   23 MB/s   1m16s[K[?25h[?2026l[?2026h[?25l[A[1Gpulling manifest [K
pulling 96c415656d37:  61% ▕██████████        ▏ 2.9 GB/4.7 GB   23 MB/s   1m16s[K[?25h[?2026l[?2026h[?25l[A[1Gpulling manifest [K
pulling 96c415656d37:  61% ▕██████████        ▏ 2.9 GB/4.7 GB   23 MB/s   1m16s[K[?25h[?2026l[?2026h[?25l[A[1Gpulling manifest [K
pulling 96c415656d37:  61% ▕██████████        ▏ 2.9 GB/4.7 GB   23 MB/s   1m16s[K[?25h[?2026l[?2026h[?25l[A[1Gpulling manifest [K
pulling 96c415656d37:  61% ▕██████████        ▏ 2.9 GB/4.7 GB   23 MB/s   1m16s[K[?25h[?2026l[?2026h[?25l[A[1Gpulling manifest [K
pulling 96c415656d37:  61% ▕██████████        ▏ 2.9 GB/4.7 GB   23 MB/s   1m16s[K[?25h[?2026l[?2026h[?25l[A[1Gpulling manifest [K
pulling 96c415656d37:  61% ▕██████████        ▏ 2.9 GB/4.7 GB   23 MB/s   1m16s[K[?25h[?2026l[?2026h[?25l[A[1Gpulling manifest [K
pulling 96c415656d37:  61% ▕███████████       ▏ 2.9 GB/4.7 GB   23 MB/s   1m16s[K[?25h[?2026l[?2026h[?25l[A[1Gpulling manifest [K
pulling 96c415656d37:  61% ▕███████████       ▏ 2.9 GB/4.7 GB   23 MB/s   1m16s[K[?25h[?2026l[?2026h[?25l[A[1Gpulling manifest [K
pulling 96c415656d37:  61% ▕███████████       ▏ 2.9 GB/4.7 GB   23 MB/s   1m16s[K[?25h[?2026l[?2026h[?25l[A[1Gpulling manifest [K
pulling 96c415656d37:  61% ▕███████████       ▏ 2.9 GB/4.7 GB   23 MB/s   1m16s[K[?25h[?2026l[?2026h[?25l[A[1Gpulling manifest [K
pulling 96c415656d37:  61% ▕███████████       ▏ 2.9 GB/4.7 GB   23 MB/s   1m16s[K[?25h[?2026l[?2026h[?25l[A[1Gpulling manifest [K
pulling 96c415656d37:  61% ▕███████████       ▏ 2.9 GB/4.7 GB   23 MB/s   1m16s[K[?25h[?2026l[?2026h[?25l[A[1Gpulling manifest [K
pulling 96c415656d37:  61% ▕███████████       ▏ 2.9 GB/4.7 GB   23 MB/s   1m16s[K[?25h[?2026l[?2026h[?25l[A[1Gpulling manifest [K
pulling 96c415656d37:  61% ▕███████████       ▏ 2.9 GB/4.7 GB   23 MB/s   1m16s[K[?25h[?2026l[?2026h[?25l[A[1Gpulling manifest [K
pulling 96c415656d37:  61% ▕███████████       ▏ 2.9 GB/4.7 GB   23 MB/s   1m16s[K[?25h[?2026l[?2026h[?25l[A[1Gpulling manifest [K
pulling 96c415656d37:  62% ▕███████████       ▏ 2.9 GB/4.7 GB   23 MB/s   1m16s[K[?25h[?2026l[?2026h[?25l[A[1Gpulling manifest [K
pulling 96c415656d37:  62% ▕███████████       ▏ 2.9 GB/4.7 GB   23 MB/s   1m16s[K[?25h[?2026l[?2026h[?25l[A[1Gpulling manifest [K
pulling 96c415656d37:  62% ▕███████████       ▏ 2.9 GB/4.7 GB   23 MB/s   1m16s[K[?25h[?2026l[?2026h[?25l[A[1Gpulling manifest [K
pulling 96c415656d37:  62% ▕███████████       ▏ 2.9 GB/4.7 GB   23 MB/s   1m15s[K[?25h[?2026l[?2026h[?25l[A[1Gpulling manifest [K
pulling 96c415656d37:  62% ▕███████████       ▏ 2.9 GB/4.7 GB   23 MB/s   1m16s[K[?25h[?2026l[?2026h[?25l[A[1Gpulling manifest [K
pulling 96c415656d37:  62% ▕███████████       ▏ 2.9 GB/4.7 GB   23 MB/s   1m16s[K[?25h[?2026l[?2026h[?25l[A[1Gpulling manifest [K
pulling 96c415656d37:  62% ▕███████████       ▏ 2.9 GB/4.7 GB   23 MB/s   1m16s[K[?25h[?2026l[?2026h[?25l[A[1Gpulling manifest [K
pulling 96c415656d37:  62% ▕███████████       ▏ 2.9 GB/4.7 GB   23 MB/s   1m16s[K[?25h[?2026l[?2026h[?25l[A[1Gpulling manifest [K
pulling 96c415656d37:  62% ▕███████████       ▏ 2.9 GB/4.7 GB   23 MB/s   1m16s[K[?25h[?2026l[?2026h[?25l[A[1Gpulling manifest [K
pulling 96c415656d37:  62% ▕███████████       ▏ 2.9 GB/4.7 GB   23 MB/s   1m15s[K[?25h[?2026l[?2026h[?25l[A[1Gpulling manifest [K
pulling 96c415656d37:  62% ▕███████████       ▏ 2.9 GB/4.7 GB   23 MB/s   1m15s[K[?25h[?2026l[?2026h[?25l[A[1Gpulling manifest [K
pulling 96c415656d37:  62% ▕███████████       ▏ 2.9 GB/4.7 GB   23 MB/s   1m15s[K[?25h[?2026l[?2026h[?25l[A[1Gpulling manifest [K
pulling 96c415656d37:  62% ▕███████████       ▏ 2.9 GB/4.7 GB   23 MB/s   1m15s[K[?25h[?2026l[?2026h[?25l[A[1Gpulling manifest [K
pulling 96c415656d37:  62% ▕███████████       ▏ 2.9 GB/4.7 GB   23 MB/s   1m15s[K[?25h[?2026l[?2026h[?25l[A[1Gpulling manifest [K
pulling 96c415656d37:  62% ▕███████████       ▏ 2.9 GB/4.7 GB   24 MB/s   1m12s[K[?25h[?2026l[?2026h[?25l[A[1Gpulling manifest [K
pulling 96c415656d37:  62% ▕███████████       ▏ 2.9 GB/4.7 GB   24 MB/s   1m12s[K[?25h[?2026l[?2026h[?25l[A[1Gpulling manifest [K
pulling 96c415656d37:  63% ▕███████████       ▏ 2.9 GB/4.7 GB   24 MB/s   1m12s[K[?25h[?2026l[?2026h[?25l[A[1Gpulling manifest [K
pulling 96c415656d37:  63% ▕███████████       ▏ 2.9 GB/4.7 GB   24 MB/s   1m11s[K[?25h[?2026l[?2026h[?25l[A[1Gpulling manifest [K
pulling 96c415656d37:  63% ▕███████████       ▏ 2.9 GB/4.7 GB   24 MB/s   1m11s[K[?25h[?2026l[?2026h[?25l[A[1Gpulling manifest [K
pulling 96c415656d37:  63% ▕███████████       ▏ 2.9 GB/4.7 GB   24 MB/s   1m11s[K[?25h[?2026l[?2026h[?25l[A[1Gpulling manifest [K
pulling 96c415656d37:  63% ▕███████████       ▏ 2.9 GB/4.7 GB   24 MB/s   1m11s[K[?25h[?2026l[?2026h[?25l[A[1Gpulling manifest [K
pulling 96c415656d37:  63% ▕███████████       ▏ 2.9 GB/4.7 GB   24 MB/s   1m11s[K[?25h[?2026l[?2026h[?25l[A[1Gpulling manifest [K
pulling 96c415656d37:  63% ▕███████████       ▏ 2.9 GB/4.7 GB   24 MB/s   1m11s[K[?25h[?2026l[?2026h[?25l[A[1Gpulling manifest [K
pulling 96c415656d37:  63% ▕███████████       ▏ 2.9 GB/4.7 GB   24 MB/s   1m11s[K[?25h[?2026l[?2026h[?25l[A[1Gpulling manifest [K
pulling 96c415656d37:  63% ▕███████████       ▏ 2.9 GB/4.7 GB   24 MB/s    1m9s[K[?25h[?2026l[?2026h[?25l[A[1Gpulling manifest [K
pulling 96c415656d37:  63% ▕███████████       ▏ 2.9 GB/4.7 GB   24 MB/s    1m9s[K[?25h[?2026l[?2026h[?25l[A[1Gpulling manifest [K
pulling 96c415656d37:  63% ▕███████████       ▏ 3.0 GB/4.7 GB   24 MB/s    1m9s[K[?25h[?2026l[?2026h[?25l[A[1Gpulling manifest [K
pulling 96c415656d37:  63% ▕███████████       ▏ 3.0 GB/4.7 GB   24 MB/s    1m9s[K[?25h[?2026l[?2026h[?25l[A[1Gpulling manifest [K
pulling 96c415656d37:  63% ▕███████████       ▏ 3.0 GB/4.7 GB   24 MB/s    1m9s[K[?25h[?2026l[?2026h[?25l[A[1Gpulling manifest [K
pulling 96c415656d37:  63% ▕███████████       ▏ 3.0 GB/4.7 GB   24 MB/s    1m9s[K[?25h[?2026l[?2026h[?25l[A[1Gpulling manifest [K
pulling 96c415656d37:  63% ▕███████████       ▏ 3.0 GB/4.7 GB   24 MB/s    1m9s[K[?25h[?2026l[?2026h[?25l[A[1Gpulling manifest [K
pulling 96c415656d37:  63% ▕███████████       ▏ 3.0 GB/4.7 GB   24 MB/s    1m8s[K[?25h[?2026l[?2026h[?25l[A[1Gpulling manifest [K
pulling 96c415656d37:  63% ▕███████████       ▏ 3.0 GB/4.7 GB   24 MB/s    1m8s[K[?25h[?2026l[?2026h[?25l[A[1Gpulling manifest [K
pulling 96c415656d37:  63% ▕███████████       ▏ 3.0 GB/4.7 GB   24 MB/s    1m8s[K[?25h[?2026l[?2026h[?25l[A[1Gpulling manifest [K
pulling 96c415656d37:  63% ▕███████████       ▏ 3.0 GB/4.7 GB   24 MB/s    1m8s[K[?25h[?2026l[?2026h[?25l[A[1Gpulling manifest [K
pulling 96c415656d37:  63% ▕███████████       ▏ 3.0 GB/4.7 GB   25 MB/s    1m8s[K[?25h[?2026l[?2026h[?25l[A[1Gpulling manifest [K
pulling 96c415656d37:  63% ▕███████████       ▏ 3.0 GB/4.7 GB   25 MB/s    1m8s[K[?25h[?2026l[?2026h[?25l[A[1Gpulling manifest [K
pulling 96c415656d37:  63% ▕███████████       ▏ 3.0 GB/4.7 GB   25 MB/s    1m8s[K[?25h[?2026l[?2026h[?25l[A[1Gpulling manifest [K
pulling 96c415656d37:  63% ▕███████████       ▏ 3.0 GB/4.7 GB   25 MB/s    1m8s[K[?25h[?2026l[?2026h[?25l[A[1Gpulling manifest [K
pulling 96c415656d37:  64% ▕███████████       ▏ 3.0 GB/4.7 GB   25 MB/s    1m8s[K[?25h[?2026l[?2026h[?25l[A[1Gpulling manifest [K
pulling 96c415656d37:  64% ▕███████████       ▏ 3.0 GB/4.7 GB   25 MB/s    1m8s[K[?25h[?2026l[?2026h[?25l[A[1Gpulling manifest [K
pulling 96c415656d37:  64% ▕███████████       ▏ 3.0 GB/4.7 GB   25 MB/s    1m8s[K[?25h[?2026l[?2026h[?25l[A[1Gpulling manifest [K
pulling 96c415656d37:  64% ▕███████████       ▏ 3.0 GB/4.7 GB   25 MB/s    1m8s[K[?25h[?2026l[?2026h[?25l[A[1Gpulling manifest [K
pulling 96c415656d37:  64% ▕███████████       ▏ 3.0 GB/4.7 GB   25 MB/s    1m8s[K[?25h[?2026l[?2026h[?25l[A[1Gpulling manifest [K
pulling 96c415656d37:  64% ▕███████████       ▏ 3.0 GB/4.7 GB   25 MB/s    1m7s[K[?25h[?2026l[?2026h[?25l[A[1Gpulling manifest [K
pulling 96c415656d37:  64% ▕███████████       ▏ 3.0 GB/4.7 GB   23 MB/s   1m13s[K[?25h[?2026l[?2026h[?25l[A[1Gpulling manifest [K
pulling 96c415656d37:  64% ▕███████████       ▏ 3.0 GB/4.7 GB   23 MB/s   1m12s[K[?25h[?2026l[?2026h[?25l[A[1Gpulling manifest [K
pulling 96c415656d37:  64% ▕███████████       ▏ 3.0 GB/4.7 GB   23 MB/s   1m12s[K[?25h[?2026l[?2026h[?25l[A[1Gpulling manifest [K
pulling 96c415656d37:  64% ▕███████████       ▏ 3.0 GB/4.7 GB   23 MB/s   1m12s[K[?25h[?2026l[?2026h[?25l[A[1Gpulling manifest [K
pulling 96c415656d37:  64% ▕███████████       ▏ 3.0 GB/4.7 GB   23 MB/s   1m12s[K[?25h[?2026l[?2026h[?25l[A[1Gpulling manifest [K
pulling 96c415656d37:  64% ▕███████████       ▏ 3.0 GB/4.7 GB   23 MB/s   1m12s[K[?25h[?2026l[?2026h[?25l[A[1Gpulling manifest [K
pulling 96c415656d37:  64% ▕███████████       ▏ 3.0 GB/4.7 GB   23 MB/s   1m12s[K[?25h[?2026l[?2026h[?25l[A[1Gpulling manifest [K
pulling 96c415656d37:  64% ▕███████████       ▏ 3.0 GB/4.7 GB   23 MB/s   1m12s[K[?25h[?2026l[?2026h[?25l[A[1Gpulling manifest [K
pulling 96c415656d37:  64% ▕███████████       ▏ 3.0 GB/4.7 GB   23 MB/s   1m12s[K[?25h[?2026l[?2026h[?25l[A[1Gpulling manifest [K
pulling 96c415656d37:  64% ▕███████████       ▏ 3.0 GB/4.7 GB   23 MB/s   1m12s[K[?25h[?2026l[?2026h[?25l[A[1Gpulling manifest [K
pulling 96c415656d37:  64% ▕███████████       ▏ 3.0 GB/4.7 GB   23 MB/s    1m9s[K[?25h[?2026l[?2026h[?25l[A[1Gpulling manifest [K
pulling 96c415656d37:  64% ▕███████████       ▏ 3.0 GB/4.7 GB   23 MB/s    1m9s[K[?25h[?2026l[?2026h[?25l[A[1Gpulling manifest [K
pulling 96c415656d37:  64% ▕███████████       ▏ 3.0 GB/4.7 GB   23 MB/s    1m9s[K[?25h[?2026l[?2026h[?25l[A[1Gpulling manifest [K
pulling 96c415656d37:  64% ▕███████████       ▏ 3.0 GB/4.7 GB   23 MB/s    1m9s[K[?25h[?2026l[?2026h[?25l[A[1Gpulling manifest [K
pulling 96c415656d37:  64% ▕███████████       ▏ 3.0 GB/4.7 GB   23 MB/s    1m9s[K[?25h[?2026l[?2026h[?25l[A[1Gpulling manifest [K
pulling 96c415656d37:  65% ▕███████████       ▏ 3.0 GB/4.7 GB   23 MB/s    1m9s[K[?25h[?2026l[?2026h[?25l[A[1Gpulling manifest [K
pulling 96c415656d37:  65% ▕███████████       ▏ 3.0 GB/4.7 GB   23 MB/s    1m9s[K[?25h[?2026l[?2026h[?25l[A[1Gpulling manifest [K
pulling 96c415656d37:  65% ▕███████████       ▏ 3.0 GB/4.7 GB   23 MB/s    1m9s[K[?25h[?2026l[?2026h[?25l[A[1Gpulling manifest [K
pulling 96c415656d37:  65% ▕███████████       ▏ 3.0 GB/4.7 GB   23 MB/s    1m9s[K[?25h[?2026l[?2026h[?25l[A[1Gpulling manifest [K
pulling 96c415656d37:  65% ▕███████████       ▏ 3.0 GB/4.7 GB   23 MB/s    1m9s[K[?25h[?2026l[?2026h[?25l[A[1Gpulling manifest [K
pulling 96c415656d37:  65% ▕███████████       ▏ 3.0 GB/4.7 GB   23 MB/s    1m8s[K[?25h[?2026l[?2026h[?25l[A[1Gpulling manifest [K
pulling 96c415656d37:  65% ▕███████████       ▏ 3.0 GB/4.7 GB   23 MB/s    1m8s[K[?25h[?2026l[?2026h[?25l[A[1Gpulling manifest [K
pulling 96c415656d37:  65% ▕███████████       ▏ 3.0 GB/4.7 GB   23 MB/s    1m8s[K[?25h[?2026l[?2026h[?25l[A[1Gpulling manifest [K
pulling 96c415656d37:  65% ▕███████████       ▏ 3.0 GB/4.7 GB   23 MB/s    1m8s[K[?25h[?2026l[?2026h[?25l[A[1Gpulling manifest [K
pulling 96c415656d37:  65% ▕███████████       ▏ 3.0 GB/4.7 GB   23 MB/s    1m8s[K[?25h[?2026l[?2026h[?25l[A[1Gpulling manifest [K
pulling 96c415656d37:  65% ▕███████████       ▏ 3.0 GB/4.7 GB   23 MB/s    1m8s[K[?25h[?2026l[?2026h[?25l[A[1Gpulling manifest [K
pulling 96c415656d37:  65% ▕███████████       ▏ 3.0 GB/4.7 GB   23 MB/s    1m8s[K[?25h[?2026l[?2026h[?25l[A[1Gpulling manifest [K
pulling 96c415656d37:  65% ▕███████████       ▏ 3.1 GB/4.7 GB   23 MB/s    1m8s[K[?25h[?2026l[?2026h[?25l[A[1Gpulling manifest [K
pulling 96c415656d37:  65% ▕███████████       ▏ 3.1 GB/4.7 GB   23 MB/s    1m8s[K[?25h[?2026l[?2026h[?25l[A[1Gpulling manifest [K
pulling 96c415656d37:  65% ▕███████████       ▏ 3.1 GB/4.7 GB   23 MB/s    1m8s[K[?25h[?2026l[?2026h[?25l[A[1Gpulling manifest [K
pulling 96c415656d37:  65% ▕███████████       ▏ 3.1 GB/4.7 GB   23 MB/s   1m10s[K[?25h[?2026l[?2026h[?25l[A[1Gpulling manifest [K
pulling 96c415656d37:  65% ▕███████████       ▏ 3.1 GB/4.7 GB   23 MB/s   1m10s[K[?25h[?2026l[?2026h[?25l[A[1Gpulling manifest [K
pulling 96c415656d37:  65% ▕███████████       ▏ 3.1 GB/4.7 GB   23 MB/s   1m10s[K[?25h[?2026l[?2026h[?25l[A[1Gpulling manifest [K
pulling 96c415656d37:  65% ▕███████████       ▏ 3.1 GB/4.7 GB   23 MB/s    1m9s[K[?25h[?2026l[?2026h[?25l[A[1Gpulling manifest [K
pulling 96c415656d37:  65% ▕███████████       ▏ 3.1 GB/4.7 GB   23 MB/s    1m9s[K[?25h[?2026l[?2026h[?25l[A[1Gpulling manifest [K
pulling 96c415656d37:  66% ▕███████████       ▏ 3.1 GB/4.7 GB   23 MB/s    1m9s[K[?25h[?2026l[?2026h[?25l[A[1Gpulling manifest [K
pulling 96c415656d37:  66% ▕███████████       ▏ 3.1 GB/4.7 GB   23 MB/s    1m9s[K[?25h[?2026l[?2026h[?25l[A[1Gpulling manifest [K
pulling 96c415656d37:  66% ▕███████████       ▏ 3.1 GB/4.7 GB   23 MB/s    1m9s[K[?25h[?2026l[?2026h[?25l[A[1Gpulling manifest [K
pulling 96c415656d37:  66% ▕███████████       ▏ 3.1 GB/4.7 GB   23 MB/s    1m9s[K[?25h[?2026l[?2026h[?25l[A[1Gpulling manifest [K
pulling 96c415656d37:  66% ▕███████████       ▏ 3.1 GB/4.7 GB   23 MB/s    1m9s[K[?25h[?2026l[?2026h[?25l[A[1Gpulling manifest [K
pulling 96c415656d37:  66% ▕███████████       ▏ 3.1 GB/4.7 GB   23 MB/s    1m9s[K[?25h[?2026l[?2026h[?25l[A[1Gpulling manifest [K
pulling 96c415656d37:  66% ▕███████████       ▏ 3.1 GB/4.7 GB   23 MB/s    1m7s[K[?25h[?2026l[?2026h[?25l[A[1Gpulling manifest [K
pulling 96c415656d37:  66% ▕███████████       ▏ 3.1 GB/4.7 GB   23 MB/s    1m7s[K[?25h[?2026l[?2026h[?25l[A[1Gpulling manifest [K
pulling 96c415656d37:  66% ▕███████████       ▏ 3.1 GB/4.7 GB   23 MB/s    1m7s[K[?25h[?2026l[?2026h[?25l[A[1Gpulling manifest [K
pulling 96c415656d37:  66% ▕███████████       ▏ 3.1 GB/4.7 GB   23 MB/s    1m7s[K[?25h[?2026l[?2026h[?25l[A[1Gpulling manifest [K
pulling 96c415656d37:  66% ▕███████████       ▏ 3.1 GB/4.7 GB   23 MB/s    1m7s[K[?25h[?2026l[?2026h[?25l[A[1Gpulling manifest [K
pulling 96c415656d37:  66% ▕███████████       ▏ 3.1 GB/4.7 GB   23 MB/s    1m6s[K[?25h[?2026l[?2026h[?25l[A[1Gpulling manifest [K
pulling 96c415656d37:  66% ▕███████████       ▏ 3.1 GB/4.7 GB   23 MB/s    1m6s[K[?25h[?2026l[?2026h[?25l[A[1Gpulling manifest [K
pulling 96c415656d37:  66% ▕███████████       ▏ 3.1 GB/4.7 GB   23 MB/s    1m6s[K[?25h[?2026l[?2026h[?25l[A[1Gpulling manifest [K
pulling 96c415656d37:  66% ▕███████████       ▏ 3.1 GB/4.7 GB   23 MB/s    1m6s[K[?25h[?2026l[?2026h[?25l[A[1Gpulling manifest [K
pulling 96c415656d37:  67% ▕███████████       ▏ 3.1 GB/4.7 GB   23 MB/s    1m6s[K[?25h[?2026l[?2026h[?25l[A[1Gpulling manifest [K
pulling 96c415656d37:  67% ▕███████████       ▏ 3.1 GB/4.7 GB   25 MB/s    1m2s[K[?25h[?2026l[?2026h[?25l[A[1Gpulling manifest [K
pulling 96c415656d37:  67% ▕███████████       ▏ 3.1 GB/4.7 GB   25 MB/s    1m2s[K[?25h[?2026l[?2026h[?25l[A[1Gpulling manifest [K
pulling 96c415656d37:  67% ▕███████████       ▏ 3.1 GB/4.7 GB   25 MB/s    1m2s[K[?25h[?2026l[?2026h[?25l[A[1Gpulling manifest [K
pulling 96c415656d37:  67% ▕███████████       ▏ 3.1 GB/4.7 GB   25 MB/s    1m2s[K[?25h[?2026l[?2026h[?25l[A[1Gpulling manifest [K
pulling 96c415656d37:  67% ▕███████████       ▏ 3.1 GB/4.7 GB   25 MB/s    1m2s[K[?25h[?2026l[?2026h[?25l[A[1Gpulling manifest [K
pulling 96c415656d37:  67% ▕████████████      ▏ 3.1 GB/4.7 GB   25 MB/s    1m2s[K[?25h[?2026l[?2026h[?25l[A[1Gpulling manifest [K
pulling 96c415656d37:  67% ▕████████████      ▏ 3.1 GB/4.7 GB   25 MB/s    1m1s[K[?25h[?2026l[?2026h[?25l[A[1Gpulling manifest [K
pulling 96c415656d37:  67% ▕████████████      ▏ 3.1 GB/4.7 GB   25 MB/s    1m1s[K[?25h[?2026l[?2026h[?25l[A[1Gpulling manifest [K
pulling 96c415656d37:  67% ▕████████████      ▏ 3.1 GB/4.7 GB   25 MB/s    1m1s[K[?25h[?2026l[?2026h[?25l[A[1Gpulling manifest [K
pulling 96c415656d37:  67% ▕████████████      ▏ 3.1 GB/4.7 GB   25 MB/s    1m1s[K[?25h[?2026l[?2026h[?25l[A[1Gpulling manifest [K
pulling 96c415656d37:  67% ▕████████████      ▏ 3.1 GB/4.7 GB   23 MB/s    1m7s[K[?25h[?2026l[?2026h[?25l[A[1Gpulling manifest [K
pulling 96c415656d37:  67% ▕████████████      ▏ 3.1 GB/4.7 GB   23 MB/s    1m7s[K[?25h[?2026l[?2026h[?25l[A[1Gpulling manifest [K
pulling 96c415656d37:  67% ▕████████████      ▏ 3.1 GB/4.7 GB   23 MB/s    1m7s[K[?25h[?2026l[?2026h[?25l[A[1Gpulling manifest [K
pulling 96c415656d37:  67% ▕████████████      ▏ 3.1 GB/4.7 GB   23 MB/s    1m7s[K[?25h[?2026l[?2026h[?25l[A[1Gpulling manifest [K
pulling 96c415656d37:  67% ▕████████████      ▏ 3.1 GB/4.7 GB   23 MB/s    1m7s[K[?25h[?2026l[?2026h[?25l[A[1Gpulling manifest [K
pulling 96c415656d37:  67% ▕████████████      ▏ 3.1 GB/4.7 GB   23 MB/s    1m7s[K[?25h[?2026l[?2026h[?25l[A[1Gpulling manifest [K
pulling 96c415656d37:  67% ▕████████████      ▏ 3.1 GB/4.7 GB   23 MB/s    1m7s[K[?25h[?2026l[?2026h[?25l[A[1Gpulling manifest [K
pulling 96c415656d37:  67% ▕████████████      ▏ 3.1 GB/4.7 GB   23 MB/s    1m6s[K[?25h[?2026l[?2026h[?25l[A[1Gpulling manifest [K
pulling 96c415656d37:  67% ▕████████████      ▏ 3.1 GB/4.7 GB   23 MB/s    1m6s[K[?25h[?2026l[?2026h[?25l[A[1Gpulling manifest [K
pulling 96c415656d37:  67% ▕████████████      ▏ 3.1 GB/4.7 GB   23 MB/s    1m6s[K[?25h[?2026l[?2026h[?25l[A[1Gpulling manifest [K
pulling 96c415656d37:  67% ▕████████████      ▏ 3.1 GB/4.7 GB   22 MB/s    1m7s[K[?25h[?2026l[?2026h[?25l[A[1Gpulling manifest [K
pulling 96c415656d37:  67% ▕████████████      ▏ 3.2 GB/4.7 GB   22 MB/s    1m6s[K[?25h[?2026l[?2026h[?25l[A[1Gpulling manifest [K
pulling 96c415656d37:  67% ▕████████████      ▏ 3.2 GB/4.7 GB   22 MB/s    1m6s[K[?25h[?2026l[?2026h[?25l[A[1Gpulling manifest [K
pulling 96c415656d37:  68% ▕████████████      ▏ 3.2 GB/4.7 GB   22 MB/s    1m6s[K[?25h[?2026l[?2026h[?25l[A[1Gpulling manifest [K
pulling 96c415656d37:  68% ▕████████████      ▏ 3.2 GB/4.7 GB   22 MB/s    1m6s[K[?25h[?2026l[?2026h[?25l[A[1Gpulling manifest [K
pulling 96c415656d37:  68% ▕████████████      ▏ 3.2 GB/4.7 GB   22 MB/s    1m6s[K[?25h[?2026l[?2026h[?25l[A[1Gpulling manifest [K
pulling 96c415656d37:  68% ▕████████████      ▏ 3.2 GB/4.7 GB   22 MB/s    1m6s[K[?25h[?2026l[?2026h[?25l[A[1Gpulling manifest [K
pulling 96c415656d37:  68% ▕████████████      ▏ 3.2 GB/4.7 GB   22 MB/s    1m6s[K[?25h[?2026l[?2026h[?25l[A[1Gpulling manifest [K
pulling 96c415656d37:  68% ▕████████████      ▏ 3.2 GB/4.7 GB   22 MB/s    1m6s[K[?25h[?2026l[?2026h[?25l[A[1Gpulling manifest [K
pulling 96c415656d37:  68% ▕████████████      ▏ 3.2 GB/4.7 GB   22 MB/s    1m6s[K[?25h[?2026l[?2026h[?25l[A[1Gpulling manifest [K
pulling 96c415656d37:  68% ▕████████████      ▏ 3.2 GB/4.7 GB   23 MB/s    1m3s[K[?25h[?2026l[?2026h[?25l[A[1Gpulling manifest [K
pulling 96c415656d37:  68% ▕████████████      ▏ 3.2 GB/4.7 GB   23 MB/s    1m3s[K[?25h[?2026l[?2026h[?25l[A[1Gpulling manifest [K
pulling 96c415656d37:  68% ▕████████████      ▏ 3.2 GB/4.7 GB   23 MB/s    1m3s[K[?25h[?2026l[?2026h[?25l[A[1Gpulling manifest [K
pulling 96c415656d37:  68% ▕████████████      ▏ 3.2 GB/4.7 GB   23 MB/s    1m3s[K[?25h[?2026l[?2026h[?25l[A[1Gpulling manifest [K
pulling 96c415656d37:  68% ▕████████████      ▏ 3.2 GB/4.7 GB   23 MB/s    1m3s[K[?25h[?2026l[?2026h[?25l[A[1Gpulling manifest [K
pulling 96c415656d37:  68% ▕████████████      ▏ 3.2 GB/4.7 GB   23 MB/s    1m2s[K[?25h[?2026l[?2026h[?25l[A[1Gpulling manifest [K
pulling 96c415656d37:  68% ▕████████████      ▏ 3.2 GB/4.7 GB   23 MB/s    1m2s[K[?25h[?2026l[?2026h[?25l[A[1Gpulling manifest [K
pulling 96c415656d37:  68% ▕████████████      ▏ 3.2 GB/4.7 GB   23 MB/s    1m2s[K[?25h[?2026l[?2026h[?25l[A[1Gpulling manifest [K
pulling 96c415656d37:  68% ▕████████████      ▏ 3.2 GB/4.7 GB   23 MB/s    1m2s[K[?25h[?2026l[?2026h[?25l[A[1Gpulling manifest [K
pulling 96c415656d37:  68% ▕████████████      ▏ 3.2 GB/4.7 GB   23 MB/s    1m2s[K[?25h[?2026l[?2026h[?25l[A[1Gpulling manifest [K
pulling 96c415656d37:  68% ▕████████████      ▏ 3.2 GB/4.7 GB   23 MB/s    1m2s[K[?25h[?2026l[?2026h[?25l[A[1Gpulling manifest [K
pulling 96c415656d37:  69% ▕████████████      ▏ 3.2 GB/4.7 GB   24 MB/s     59s[K[?25h[?2026l[?2026h[?25l[A[1Gpulling manifest [K
pulling 96c415656d37:  69% ▕████████████      ▏ 3.2 GB/4.7 GB   24 MB/s     59s[K[?25h[?2026l[?2026h[?25l[A[1Gpulling manifest [K
pulling 96c415656d37:  69% ▕████████████      ▏ 3.2 GB/4.7 GB   24 MB/s     59s[K[?25h[?2026l[?2026h[?25l[A[1Gpulling manifest [K
pulling 96c415656d37:  69% ▕████████████      ▏ 3.2 GB/4.7 GB   24 MB/s     59s[K[?25h[?2026l[?2026h[?25l[A[1Gpulling manifest [K
pulling 96c415656d37:  69% ▕████████████      ▏ 3.2 GB/4.7 GB   24 MB/s     59s[K[?25h[?2026l[?2026h[?25l[A[1Gpulling manifest [K
pulling 96c415656d37:  69% ▕████████████      ▏ 3.2 GB/4.7 GB   24 MB/s     58s[K[?25h[?2026l[?2026h[?25l[A[1Gpulling manifest [K
pulling 96c415656d37:  69% ▕████████████      ▏ 3.2 GB/4.7 GB   24 MB/s     58s[K[?25h[?2026l[?2026h[?25l[A[1Gpulling manifest [K
pulling 96c415656d37:  69% ▕████████████      ▏ 3.2 GB/4.7 GB   24 MB/s     58s[K[?25h[?2026l[?2026h[?25l[A[1Gpulling manifest [K
pulling 96c415656d37:  69% ▕████████████      ▏ 3.2 GB/4.7 GB   24 MB/s     58s[K[?25h[?2026l[?2026h[?25l[A[1Gpulling manifest [K
pulling 96c415656d37:  69% ▕████████████      ▏ 3.2 GB/4.7 GB   24 MB/s     58s[K[?25h[?2026l[?2026h[?25l[A[1Gpulling manifest [K
pulling 96c415656d37:  69% ▕████████████      ▏ 3.2 GB/4.7 GB   23 MB/s    1m2s[K[?25h[?2026l[?2026h[?25l[A[1Gpulling manifest [K
pulling 96c415656d37:  69% ▕████████████      ▏ 3.2 GB/4.7 GB   23 MB/s    1m1s[K[?25h[?2026l[?2026h[?25l[A[1Gpulling manifest [K
pulling 96c415656d37:  69% ▕████████████      ▏ 3.2 GB/4.7 GB   23 MB/s    1m1s[K[?25h[?2026l[?2026h[?25l[A[1Gpulling manifest [K
pulling 96c415656d37:  69% ▕████████████      ▏ 3.2 GB/4.7 GB   23 MB/s    1m1s[K[?25h[?2026l[?2026h[?25l[A[1Gpulling manifest [K
pulling 96c415656d37:  69% ▕████████████      ▏ 3.2 GB/4.7 GB   23 MB/s    1m1s[K[?25h[?2026l[?2026h[?25l[A[1Gpulling manifest [K
pulling 96c415656d37:  69% ▕████████████      ▏ 3.2 GB/4.7 GB   23 MB/s    1m1s[K[?25h[?2026l[?2026h[?25l[A[1Gpulling manifest [K
pulling 96c415656d37:  69% ▕████████████      ▏ 3.2 GB/4.7 GB   23 MB/s    1m1s[K[?25h[?2026l[?2026h[?25l[A[1Gpulling manifest [K
pulling 96c415656d37:  69% ▕████████████      ▏ 3.3 GB/4.7 GB   23 MB/s    1m0s[K[?25h[?2026l[?2026h[?25l[A[1Gpulling manifest [K
pulling 96c415656d37:  70% ▕████████████      ▏ 3.3 GB/4.7 GB   23 MB/s    1m0s[K[?25h[?2026l[?2026h[?25l[A[1Gpulling manifest [K
pulling 96c415656d37:  70% ▕████████████      ▏ 3.3 GB/4.7 GB   23 MB/s    1m0s[K[?25h[?2026l[?2026h[?25l[A[1Gpulling manifest [K
pulling 96c415656d37:  70% ▕████████████      ▏ 3.3 GB/4.7 GB   25 MB/s     56s[K[?25h[?2026l[?2026h[?25l[A[1Gpulling manifest [K
pulling 96c415656d37:  70% ▕████████████      ▏ 3.3 GB/4.7 GB   25 MB/s     56s[K[?25h[?2026l[?2026h[?25l[A[1Gpulling manifest [K
pulling 96c415656d37:  70% ▕████████████      ▏ 3.3 GB/4.7 GB   25 MB/s     56s[K[?25h[?2026l[?2026h[?25l[A[1Gpulling manifest [K
pulling 96c415656d37:  70% ▕████████████      ▏ 3.3 GB/4.7 GB   25 MB/s     56s[K[?25h[?2026l[?2026h[?25l[A[1Gpulling manifest [K
pulling 96c415656d37:  70% ▕████████████      ▏ 3.3 GB/4.7 GB   25 MB/s     56s[K[?25h[?2026l[?2026h[?25l[A[1Gpulling manifest [K
pulling 96c415656d37:  70% ▕████████████      ▏ 3.3 GB/4.7 GB   25 MB/s     55s[K[?25h[?2026l[?2026h[?25l[A[1Gpulling manifest [K
pulling 96c415656d37:  70% ▕████████████      ▏ 3.3 GB/4.7 GB   25 MB/s     55s[K[?25h[?2026l[?2026h[?25l[A[1Gpulling manifest [K
pulling 96c415656d37:  70% ▕████████████      ▏ 3.3 GB/4.7 GB   25 MB/s     55s[K[?25h[?2026l[?2026h[?25l[A[1Gpulling manifest [K
pulling 96c415656d37:  70% ▕████████████      ▏ 3.3 GB/4.7 GB   25 MB/s     55s[K[?25h[?2026l[?2026h[?25l[A[1Gpulling manifest [K
pulling 96c415656d37:  70% ▕████████████      ▏ 3.3 GB/4.7 GB   25 MB/s     55s[K[?25h[?2026l[?2026h[?25l[A[1Gpulling manifest [K
pulling 96c415656d37:  70% ▕████████████      ▏ 3.3 GB/4.7 GB   24 MB/s     57s[K[?25h[?2026l[?2026h[?25l[A[1Gpulling manifest [K
pulling 96c415656d37:  70% ▕████████████      ▏ 3.3 GB/4.7 GB   24 MB/s     57s[K[?25h[?2026l[?2026h[?25l[A[1Gpulling manifest [K
pulling 96c415656d37:  70% ▕████████████      ▏ 3.3 GB/4.7 GB   24 MB/s     57s[K[?25h[?2026l[?2026h[?25l[A[1Gpulling manifest [K
pulling 96c415656d37:  70% ▕████████████      ▏ 3.3 GB/4.7 GB   24 MB/s     57s[K[?25h[?2026l[?2026h[?25l[A[1Gpulling manifest [K
pulling 96c415656d37:  70% ▕████████████      ▏ 3.3 GB/4.7 GB   24 MB/s     56s[K[?25h[?2026l[?2026h[?25l[A[1Gpulling manifest [K
pulling 96c415656d37:  70% ▕████████████      ▏ 3.3 GB/4.7 GB   24 MB/s     56s[K[?25h[?2026l[?2026h[?25l[A[1Gpulling manifest [K
pulling 96c415656d37:  70% ▕████████████      ▏ 3.3 GB/4.7 GB   24 MB/s     56s[K[?25h[?2026l[?2026h[?25l[A[1Gpulling manifest [K
pulling 96c415656d37:  70% ▕████████████      ▏ 3.3 GB/4.7 GB   24 MB/s     56s[K[?25h[?2026l[?2026h[?25l[A[1Gpulling manifest [K
pulling 96c415656d37:  70% ▕████████████      ▏ 3.3 GB/4.7 GB   24 MB/s     56s[K[?25h[?2026l[?2026h[?25l[A[1Gpulling manifest [K
pulling 96c415656d37:  70% ▕████████████      ▏ 3.3 GB/4.7 GB   24 MB/s     56s[K[?25h[?2026l[?2026h[?25l[A[1Gpulling manifest [K
pulling 96c415656d37:  70% ▕████████████      ▏ 3.3 GB/4.7 GB   24 MB/s     56s[K[?25h[?2026l[?2026h[?25l[A[1Gpulling manifest [K
pulling 96c415656d37:  70% ▕████████████      ▏ 3.3 GB/4.7 GB   24 MB/s     56s[K[?25h[?2026l[?2026h[?25l[A[1Gpulling manifest [K
pulling 96c415656d37:  71% ▕████████████      ▏ 3.3 GB/4.7 GB   24 MB/s     56s[K[?25h[?2026l[?2026h[?25l[A[1Gpulling manifest [K
pulling 96c415656d37:  71% ▕████████████      ▏ 3.3 GB/4.7 GB   24 MB/s     56s[K[?25h[?2026l[?2026h[?25l[A[1Gpulling manifest [K
pulling 96c415656d37:  71% ▕████████████      ▏ 3.3 GB/4.7 GB   24 MB/s     56s[K[?25h[?2026l[?2026h[?25l[A[1Gpulling manifest [K
pulling 96c415656d37:  71% ▕████████████      ▏ 3.3 GB/4.7 GB   24 MB/s     56s[K[?25h[?2026l[?2026h[?25l[A[1Gpulling manifest [K
pulling 96c415656d37:  71% ▕████████████      ▏ 3.3 GB/4.7 GB   24 MB/s     55s[K[?25h[?2026l[?2026h[?25l[A[1Gpulling manifest [K
pulling 96c415656d37:  71% ▕████████████      ▏ 3.3 GB/4.7 GB   24 MB/s     55s[K[?25h[?2026l[?2026h[?25l[A[1Gpulling manifest [K
pulling 96c415656d37:  71% ▕████████████      ▏ 3.3 GB/4.7 GB   24 MB/s     55s[K[?25h[?2026l[?2026h[?25l[A[1Gpulling manifest [K
pulling 96c415656d37:  71% ▕████████████      ▏ 3.3 GB/4.7 GB   24 MB/s     55s[K[?25h[?2026l[?2026h[?25l[A[1Gpulling manifest [K
pulling 96c415656d37:  71% ▕████████████      ▏ 3.3 GB/4.7 GB   24 MB/s     55s[K[?25h[?2026l[?2026h[?25l[A[1Gpulling manifest [K
pulling 96c415656d37:  71% ▕████████████      ▏ 3.3 GB/4.7 GB   23 MB/s     58s[K[?25h[?2026l[?2026h[?25l[A[1Gpulling manifest [K
pulling 96c415656d37:  71% ▕████████████      ▏ 3.3 GB/4.7 GB   23 MB/s     58s[K[?25h[?2026l[?2026h[?25l[A[1Gpulling manifest [K
pulling 96c415656d37:  71% ▕████████████      ▏ 3.3 GB/4.7 GB   23 MB/s     58s[K[?25h[?2026l[?2026h[?25l[A[1Gpulling manifest [K
pulling 96c415656d37:  71% ▕████████████      ▏ 3.3 GB/4.7 GB   23 MB/s     58s[K[?25h[?2026l[?2026h[?25l[A[1Gpulling manifest [K
pulling 96c415656d37:  71% ▕████████████      ▏ 3.3 GB/4.7 GB   23 MB/s     58s[K[?25h[?2026l[?2026h[?25l[A[1Gpulling manifest [K
pulling 96c415656d37:  71% ▕████████████      ▏ 3.3 GB/4.7 GB   23 MB/s     58s[K[?25h[?2026l[?2026h[?25l[A[1Gpulling manifest [K
pulling 96c415656d37:  71% ▕████████████      ▏ 3.3 GB/4.7 GB   23 MB/s     58s[K[?25h[?2026l[?2026h[?25l[A[1Gpulling manifest [K
pulling 96c415656d37:  71% ▕████████████      ▏ 3.3 GB/4.7 GB   23 MB/s     58s[K[?25h[?2026l[?2026h[?25l[A[1Gpulling manifest [K
pulling 96c415656d37:  71% ▕████████████      ▏ 3.3 GB/4.7 GB   23 MB/s     58s[K[?25h[?2026l[?2026h[?25l[A[1Gpulling manifest [K
pulling 96c415656d37:  72% ▕████████████      ▏ 3.3 GB/4.7 GB   23 MB/s     57s[K[?25h[?2026l[?2026h[?25l[A[1Gpulling manifest [K
pulling 96c415656d37:  72% ▕████████████      ▏ 3.4 GB/4.7 GB   24 MB/s     54s[K[?25h[?2026l[?2026h[?25l[A[1Gpulling manifest [K
pulling 96c415656d37:  72% ▕████████████      ▏ 3.4 GB/4.7 GB   24 MB/s     53s[K[?25h[?2026l[?2026h[?25l[A[1Gpulling manifest [K
pulling 96c415656d37:  72% ▕████████████      ▏ 3.4 GB/4.7 GB   24 MB/s     53s[K[?25h[?2026l[?2026h[?25l[A[1Gpulling manifest [K
pulling 96c415656d37:  72% ▕████████████      ▏ 3.4 GB/4.7 GB   24 MB/s     53s[K[?25h[?2026l[?2026h[?25l[A[1Gpulling manifest [K
pulling 96c415656d37:  72% ▕████████████      ▏ 3.4 GB/4.7 GB   24 MB/s     53s[K[?25h[?2026l[?2026h[?25l[A[1Gpulling manifest [K
pulling 96c415656d37:  72% ▕████████████      ▏ 3.4 GB/4.7 GB   24 MB/s     53s[K[?25h[?2026l[?2026h[?25l[A[1Gpulling manifest [K
pulling 96c415656d37:  72% ▕████████████      ▏ 3.4 GB/4.7 GB   24 MB/s     53s[K[?25h[?2026l[?2026h[?25l[A[1Gpulling manifest [K
pulling 96c415656d37:  72% ▕████████████      ▏ 3.4 GB/4.7 GB   24 MB/s     53s[K[?25h[?2026l[?2026h[?25l[A[1Gpulling manifest [K
pulling 96c415656d37:  72% ▕████████████      ▏ 3.4 GB/4.7 GB   24 MB/s     53s[K[?25h[?2026l[?2026h[?25l[A[1Gpulling manifest [K
pulling 96c415656d37:  72% ▕████████████      ▏ 3.4 GB/4.7 GB   24 MB/s     53s[K[?25h[?2026l[?2026h[?25l[A[1Gpulling manifest [K
pulling 96c415656d37:  72% ▕████████████      ▏ 3.4 GB/4.7 GB   24 MB/s     54s[K[?25h[?2026l[?2026h[?25l[A[1Gpulling manifest [K
pulling 96c415656d37:  72% ▕████████████      ▏ 3.4 GB/4.7 GB   24 MB/s     54s[K[?25h[?2026l[?2026h[?25l[A[1Gpulling manifest [K
pulling 96c415656d37:  72% ▕████████████      ▏ 3.4 GB/4.7 GB   24 MB/s     54s[K[?25h[?2026l[?2026h[?25l[A[1Gpulling manifest [K
pulling 96c415656d37:  72% ▕████████████      ▏ 3.4 GB/4.7 GB   24 MB/s     54s[K[?25h[?2026l[?2026h[?25l[A[1Gpulling manifest [K
pulling 96c415656d37:  72% ▕████████████      ▏ 3.4 GB/4.7 GB   24 MB/s     54s[K[?25h[?2026l[?2026h[?25l[A[1Gpulling manifest [K
pulling 96c415656d37:  72% ▕████████████      ▏ 3.4 GB/4.7 GB   24 MB/s     54s[K[?25h[?2026l[?2026h[?25l[A[1Gpulling manifest [K
pulling 96c415656d37:  72% ▕████████████      ▏ 3.4 GB/4.7 GB   24 MB/s     54s[K[?25h[?2026l[?2026h[?25l[A[1Gpulling manifest [K
pulling 96c415656d37:  72% ▕████████████      ▏ 3.4 GB/4.7 GB   24 MB/s     53s[K[?25h[?2026l[?2026h[?25l[A[1Gpulling manifest [K
pulling 96c415656d37:  72% ▕█████████████     ▏ 3.4 GB/4.7 GB   24 MB/s     53s[K[?25h[?2026l[?2026h[?25l[A[1Gpulling manifest [K
pulling 96c415656d37:  72% ▕█████████████     ▏ 3.4 GB/4.7 GB   24 MB/s     53s[K[?25h[?2026l[?2026h[?25l[A[1Gpulling manifest [K
pulling 96c415656d37:  73% ▕█████████████     ▏ 3.4 GB/4.7 GB   23 MB/s     53s[K[?25h[?2026l[?2026h[?25l[A[1Gpulling manifest [K
pulling 96c415656d37:  73% ▕█████████████     ▏ 3.4 GB/4.7 GB   23 MB/s     53s[K[?25h[?2026l[?2026h[?25l[A[1Gpulling manifest [K
pulling 96c415656d37:  73% ▕█████████████     ▏ 3.4 GB/4.7 GB   23 MB/s     53s[K[?25h[?2026l[?2026h[?25l[A[1Gpulling manifest [K
pulling 96c415656d37:  73% ▕█████████████     ▏ 3.4 GB/4.7 GB   23 MB/s     53s[K[?25h[?2026l[?2026h[?25l[A[1Gpulling manifest [K
pulling 96c415656d37:  73% ▕█████████████     ▏ 3.4 GB/4.7 GB   23 MB/s     53s[K[?25h[?2026l[?2026h[?25l[A[1Gpulling manifest [K
pulling 96c415656d37:  73% ▕█████████████     ▏ 3.4 GB/4.7 GB   23 MB/s     53s[K[?25h[?2026l[?2026h[?25l[A[1Gpulling manifest [K
pulling 96c415656d37:  73% ▕█████████████     ▏ 3.4 GB/4.7 GB   23 MB/s     53s[K[?25h[?2026l[?2026h[?25l[A[1Gpulling manifest [K
pulling 96c415656d37:  73% ▕█████████████     ▏ 3.4 GB/4.7 GB   23 MB/s     52s[K[?25h[?2026l[?2026h[?25l[A[1Gpulling manifest [K
pulling 96c415656d37:  73% ▕█████████████     ▏ 3.4 GB/4.7 GB   23 MB/s     52s[K[?25h[?2026l[?2026h[?25l[A[1Gpulling manifest [K
pulling 96c415656d37:  73% ▕█████████████     ▏ 3.4 GB/4.7 GB   23 MB/s     52s[K[?25h[?2026l[?2026h[?25l[A[1Gpulling manifest [K
pulling 96c415656d37:  73% ▕█████████████     ▏ 3.4 GB/4.7 GB   23 MB/s     52s[K[?25h[?2026l[?2026h[?25l[A[1Gpulling manifest [K
pulling 96c415656d37:  73% ▕█████████████     ▏ 3.4 GB/4.7 GB   23 MB/s     52s[K[?25h[?2026l[?2026h[?25l[A[1Gpulling manifest [K
pulling 96c415656d37:  73% ▕█████████████     ▏ 3.4 GB/4.7 GB   23 MB/s     52s[K[?25h[?2026l[?2026h[?25l[A[1Gpulling manifest [K
pulling 96c415656d37:  73% ▕█████████████     ▏ 3.4 GB/4.7 GB   23 MB/s     52s[K[?25h[?2026l[?2026h[?25l[A[1Gpulling manifest [K
pulling 96c415656d37:  73% ▕█████████████     ▏ 3.4 GB/4.7 GB   23 MB/s     52s[K[?25h[?2026l[?2026h[?25l[A[1Gpulling manifest [K
pulling 96c415656d37:  73% ▕█████████████     ▏ 3.4 GB/4.7 GB   23 MB/s     52s[K[?25h[?2026l[?2026h[?25l[A[1Gpulling manifest [K
pulling 96c415656d37:  73% ▕█████████████     ▏ 3.4 GB/4.7 GB   23 MB/s     52s[K[?25h[?2026l[?2026h[?25l[A[1Gpulling manifest [K
pulling 96c415656d37:  73% ▕█████████████     ▏ 3.4 GB/4.7 GB   23 MB/s     52s[K[?25h[?2026l[?2026h[?25l[A[1Gpulling manifest [K
pulling 96c415656d37:  73% ▕█████████████     ▏ 3.4 GB/4.7 GB   23 MB/s     52s[K[?25h[?2026l[?2026h[?25l[A[1Gpulling manifest [K
pulling 96c415656d37:  74% ▕█████████████     ▏ 3.4 GB/4.7 GB   23 MB/s     51s[K[?25h[?2026l[?2026h[?25l[A[1Gpulling manifest [K
pulling 96c415656d37:  74% ▕█████████████     ▏ 3.4 GB/4.7 GB   23 MB/s     51s[K[?25h[?2026l[?2026h[?25l[A[1Gpulling manifest [K
pulling 96c415656d37:  74% ▕█████████████     ▏ 3.5 GB/4.7 GB   25 MB/s     48s[K[?25h[?2026l[?2026h[?25l[A[1Gpulling manifest [K
pulling 96c415656d37:  74% ▕█████████████     ▏ 3.5 GB/4.7 GB   25 MB/s     48s[K[?25h[?2026l[?2026h[?25l[A[1Gpulling manifest [K
pulling 96c415656d37:  74% ▕█████████████     ▏ 3.5 GB/4.7 GB   25 MB/s     48s[K[?25h[?2026l[?2026h[?25l[A[1Gpulling manifest [K
pulling 96c415656d37:  74% ▕█████████████     ▏ 3.5 GB/4.7 GB   25 MB/s     48s[K[?25h[?2026l[?2026h[?25l[A[1Gpulling manifest [K
pulling 96c415656d37:  74% ▕█████████████     ▏ 3.5 GB/4.7 GB   25 MB/s     48s[K[?25h[?2026l[?2026h[?25l[A[1Gpulling manifest [K
pulling 96c415656d37:  74% ▕█████████████     ▏ 3.5 GB/4.7 GB   25 MB/s     48s[K[?25h[?2026l[?2026h[?25l[A[1Gpulling manifest [K
pulling 96c415656d37:  74% ▕█████████████     ▏ 3.5 GB/4.7 GB   25 MB/s     48s[K[?25h[?2026l[?2026h[?25l[A[1Gpulling manifest [K
pulling 96c415656d37:  74% ▕█████████████     ▏ 3.5 GB/4.7 GB   25 MB/s     48s[K[?25h[?2026l[?2026h[?25l[A[1Gpulling manifest [K
pulling 96c415656d37:  74% ▕█████████████     ▏ 3.5 GB/4.7 GB   25 MB/s     48s[K[?25h[?2026l[?2026h[?25l[A[1Gpulling manifest [K
pulling 96c415656d37:  74% ▕█████████████     ▏ 3.5 GB/4.7 GB   25 MB/s     48s[K[?25h[?2026l[?2026h[?25l[A[1Gpulling manifest [K
pulling 96c415656d37:  74% ▕█████████████     ▏ 3.5 GB/4.7 GB   22 MB/s     54s[K[?25h[?2026l[?2026h[?25l[A[1Gpulling manifest [K
pulling 96c415656d37:  74% ▕█████████████     ▏ 3.5 GB/4.7 GB   22 MB/s     53s[K[?25h[?2026l[?2026h[?25l[A[1Gpulling manifest [K
pulling 96c415656d37:  74% ▕█████████████     ▏ 3.5 GB/4.7 GB   22 MB/s     53s[K[?25h[?2026l[?2026h[?25l[A[1Gpulling manifest [K
pulling 96c415656d37:  74% ▕█████████████     ▏ 3.5 GB/4.7 GB   22 MB/s     53s[K[?25h[?2026l[?2026h[?25l[A[1Gpulling manifest [K
pulling 96c415656d37:  74% ▕█████████████     ▏ 3.5 GB/4.7 GB   22 MB/s     53s[K[?25h[?2026l[?2026h[?25l[A[1Gpulling manifest [K
pulling 96c415656d37:  74% ▕█████████████     ▏ 3.5 GB/4.7 GB   22 MB/s     53s[K[?25h[?2026l[?2026h[?25l[A[1Gpulling manifest [K
pulling 96c415656d37:  74% ▕█████████████     ▏ 3.5 GB/4.7 GB   22 MB/s     53s[K[?25h[?2026l[?2026h[?25l[A[1Gpulling manifest [K
pulling 96c415656d37:  74% ▕█████████████     ▏ 3.5 GB/4.7 GB   22 MB/s     53s[K[?25h[?2026l[?2026h[?25l[A[1Gpulling manifest [K
pulling 96c415656d37:  74% ▕█████████████     ▏ 3.5 GB/4.7 GB   22 MB/s     53s[K[?25h[?2026l[?2026h[?25l[A[1Gpulling manifest [K
pulling 96c415656d37:  74% ▕█████████████     ▏ 3.5 GB/4.7 GB   22 MB/s     53s[K[?25h[?2026l[?2026h[?25l[A[1Gpulling manifest [K
pulling 96c415656d37:  74% ▕█████████████     ▏ 3.5 GB/4.7 GB   22 MB/s     53s[K[?25h[?2026l[?2026h[?25l[A[1Gpulling manifest [K
pulling 96c415656d37:  74% ▕█████████████     ▏ 3.5 GB/4.7 GB   22 MB/s     53s[K[?25h[?2026l[?2026h[?25l[A[1Gpulling manifest [K
pulling 96c415656d37:  74% ▕█████████████     ▏ 3.5 GB/4.7 GB   22 MB/s     53s[K[?25h[?2026l[?2026h[?25l[A[1Gpulling manifest [K
pulling 96c415656d37:  74% ▕█████████████     ▏ 3.5 GB/4.7 GB   22 MB/s     53s[K[?25h[?2026l[?2026h[?25l[A[1Gpulling manifest [K
pulling 96c415656d37:  75% ▕█████████████     ▏ 3.5 GB/4.7 GB   22 MB/s     53s[K[?25h[?2026l[?2026h[?25l[A[1Gpulling manifest [K
pulling 96c415656d37:  75% ▕█████████████     ▏ 3.5 GB/4.7 GB   22 MB/s     52s[K[?25h[?2026l[?2026h[?25l[A[1Gpulling manifest [K
pulling 96c415656d37:  75% ▕█████████████     ▏ 3.5 GB/4.7 GB   22 MB/s     52s[K[?25h[?2026l[?2026h[?25l[A[1Gpulling manifest [K
pulling 96c415656d37:  75% ▕█████████████     ▏ 3.5 GB/4.7 GB   22 MB/s     52s[K[?25h[?2026l[?2026h[?25l[A[1Gpulling manifest [K
pulling 96c415656d37:  75% ▕█████████████     ▏ 3.5 GB/4.7 GB   22 MB/s     52s[K[?25h[?2026l[?2026h[?25l[A[1Gpulling manifest [K
pulling 96c415656d37:  75% ▕█████████████     ▏ 3.5 GB/4.7 GB   22 MB/s     52s[K[?25h[?2026l[?2026h[?25l[A[1Gpulling manifest [K
pulling 96c415656d37:  75% ▕█████████████     ▏ 3.5 GB/4.7 GB   22 MB/s     51s[K[?25h[?2026l[?2026h[?25l[A[1Gpulling manifest [K
pulling 96c415656d37:  75% ▕█████████████     ▏ 3.5 GB/4.7 GB   22 MB/s     51s[K[?25h[?2026l[?2026h[?25l[A[1Gpulling manifest [K
pulling 96c415656d37:  75% ▕█████████████     ▏ 3.5 GB/4.7 GB   22 MB/s     51s[K[?25h[?2026l[?2026h[?25l[A[1Gpulling manifest [K
pulling 96c415656d37:  75% ▕█████████████     ▏ 3.5 GB/4.7 GB   22 MB/s     50s[K[?25h[?2026l[?2026h[?25l[A[1Gpulling manifest [K
pulling 96c415656d37:  75% ▕█████████████     ▏ 3.5 GB/4.7 GB   22 MB/s     50s[K[?25h[?2026l[?2026h[?25l[A[1Gpulling manifest [K
pulling 96c415656d37:  75% ▕█████████████     ▏ 3.5 GB/4.7 GB   22 MB/s     50s[K[?25h[?2026l[?2026h[?25l[A[1Gpulling manifest [K
pulling 96c415656d37:  76% ▕█████████████     ▏ 3.5 GB/4.7 GB   22 MB/s     49s[K[?25h[?2026l[?2026h[?25l[A[1Gpulling manifest [K
pulling 96c415656d37:  76% ▕█████████████     ▏ 3.5 GB/4.7 GB   22 MB/s     49s[K[?25h[?2026l[?2026h[?25l[A[1Gpulling manifest [K
pulling 96c415656d37:  76% ▕█████████████     ▏ 3.5 GB/4.7 GB   22 MB/s     49s[K[?25h[?2026l[?2026h[?25l[A[1Gpulling manifest [K
pulling 96c415656d37:  76% ▕█████████████     ▏ 3.5 GB/4.7 GB   22 MB/s     49s[K[?25h[?2026l[?2026h[?25l[A[1Gpulling manifest [K
pulling 96c415656d37:  76% ▕█████████████     ▏ 3.5 GB/4.7 GB   24 MB/s     46s[K[?25h[?2026l[?2026h[?25l[A[1Gpulling manifest [K
pulling 96c415656d37:  76% ▕█████████████     ▏ 3.5 GB/4.7 GB   24 MB/s     46s[K[?25h[?2026l[?2026h[?25l[A[1Gpulling manifest [K
pulling 96c415656d37:  76% ▕█████████████     ▏ 3.5 GB/4.7 GB   24 MB/s     46s[K[?25h[?2026l[?2026h[?25l[A[1Gpulling manifest [K
pulling 96c415656d37:  76% ▕█████████████     ▏ 3.5 GB/4.7 GB   24 MB/s     46s[K[?25h[?2026l[?2026h[?25l[A[1Gpulling manifest [K
pulling 96c415656d37:  76% ▕█████████████     ▏ 3.5 GB/4.7 GB   24 MB/s     46s[K[?25h[?2026l[?2026h[?25l[A[1Gpulling manifest [K
pulling 96c415656d37:  76% ▕█████████████     ▏ 3.6 GB/4.7 GB   24 MB/s     46s[K[?25h[?2026l[?2026h[?25l[A[1Gpulling manifest [K
pulling 96c415656d37:  76% ▕█████████████     ▏ 3.6 GB/4.7 GB   24 MB/s     46s[K[?25h[?2026l[?2026h[?25l[A[1Gpulling manifest [K
pulling 96c415656d37:  76% ▕█████████████     ▏ 3.6 GB/4.7 GB   24 MB/s     46s[K[?25h[?2026l[?2026h[?25l[A[1Gpulling manifest [K
pulling 96c415656d37:  76% ▕█████████████     ▏ 3.6 GB/4.7 GB   24 MB/s     46s[K[?25h[?2026l[?2026h[?25l[A[1Gpulling manifest [K
pulling 96c415656d37:  76% ▕█████████████     ▏ 3.6 GB/4.7 GB   24 MB/s     45s[K[?25h[?2026l[?2026h[?25l[A[1Gpulling manifest [K
pulling 96c415656d37:  76% ▕█████████████     ▏ 3.6 GB/4.7 GB   24 MB/s     45s[K[?25h[?2026l[?2026h[?25l[A[1Gpulling manifest [K
pulling 96c415656d37:  76% ▕█████████████     ▏ 3.6 GB/4.7 GB   23 MB/s     48s[K[?25h[?2026l[?2026h[?25l[A[1Gpulling manifest [K
pulling 96c415656d37:  76% ▕█████████████     ▏ 3.6 GB/4.7 GB   23 MB/s     48s[K[?25h[?2026l[?2026h[?25l[A[1Gpulling manifest [K
pulling 96c415656d37:  76% ▕█████████████     ▏ 3.6 GB/4.7 GB   23 MB/s     48s[K[?25h[?2026l[?2026h[?25l[A[1Gpulling manifest [K
pulling 96c415656d37:  76% ▕█████████████     ▏ 3.6 GB/4.7 GB   23 MB/s     47s[K[?25h[?2026l[?2026h[?25l[A[1Gpulling manifest [K
pulling 96c415656d37:  76% ▕█████████████     ▏ 3.6 GB/4.7 GB   23 MB/s     47s[K[?25h[?2026l[?2026h[?25l[A[1Gpulling manifest [K
pulling 96c415656d37:  76% ▕█████████████     ▏ 3.6 GB/4.7 GB   23 MB/s     47s[K[?25h[?2026l[?2026h[?25l[A[1Gpulling manifest [K
pulling 96c415656d37:  76% ▕█████████████     ▏ 3.6 GB/4.7 GB   23 MB/s     47s[K[?25h[?2026l[?2026h[?25l[A[1Gpulling manifest [K
pulling 96c415656d37:  76% ▕█████████████     ▏ 3.6 GB/4.7 GB   23 MB/s     47s[K[?25h[?2026l[?2026h[?25l[A[1Gpulling manifest [K
pulling 96c415656d37:  76% ▕█████████████     ▏ 3.6 GB/4.7 GB   23 MB/s     47s[K[?25h[?2026l[?2026h[?25l[A[1Gpulling manifest [K
pulling 96c415656d37:  76% ▕█████████████     ▏ 3.6 GB/4.7 GB   23 MB/s     47s[K[?25h[?2026l[?2026h[?25l[A[1Gpulling manifest [K
pulling 96c415656d37:  77% ▕█████████████     ▏ 3.6 GB/4.7 GB   23 MB/s     45s[K[?25h[?2026l[?2026h[?25l[A[1Gpulling manifest [K
pulling 96c415656d37:  77% ▕█████████████     ▏ 3.6 GB/4.7 GB   23 MB/s     45s[K[?25h[?2026l[?2026h[?25l[A[1Gpulling manifest [K
pulling 96c415656d37:  77% ▕█████████████     ▏ 3.6 GB/4.7 GB   23 MB/s     45s[K[?25h[?2026l[?2026h[?25l[A[1Gpulling manifest [K
pulling 96c415656d37:  77% ▕█████████████     ▏ 3.6 GB/4.7 GB   23 MB/s     45s[K[?25h[?2026l[?2026h[?25l[A[1Gpulling manifest [K
pulling 96c415656d37:  77% ▕█████████████     ▏ 3.6 GB/4.7 GB   23 MB/s     45s[K[?25h[?2026l[?2026h[?25l[A[1Gpulling manifest [K
pulling 96c415656d37:  77% ▕█████████████     ▏ 3.6 GB/4.7 GB   23 MB/s     45s[K[?25h[?2026l[?2026h[?25l[A[1Gpulling manifest [K
pulling 96c415656d37:  77% ▕█████████████     ▏ 3.6 GB/4.7 GB   23 MB/s     45s[K[?25h[?2026l[?2026h[?25l[A[1Gpulling manifest [K
pulling 96c415656d37:  77% ▕█████████████     ▏ 3.6 GB/4.7 GB   23 MB/s     45s[K[?25h[?2026l[?2026h[?25l[A[1Gpulling manifest [K
pulling 96c415656d37:  77% ▕█████████████     ▏ 3.6 GB/4.7 GB   23 MB/s     45s[K[?25h[?2026l[?2026h[?25l[A[1Gpulling manifest [K
pulling 96c415656d37:  77% ▕█████████████     ▏ 3.6 GB/4.7 GB   23 MB/s     45s[K[?25h[?2026l[?2026h[?25l[A[1Gpulling manifest [K
pulling 96c415656d37:  77% ▕█████████████     ▏ 3.6 GB/4.7 GB   23 MB/s     46s[K[?25h[?2026l[?2026h[?25l[A[1Gpulling manifest [K
pulling 96c415656d37:  77% ▕█████████████     ▏ 3.6 GB/4.7 GB   23 MB/s     46s[K[?25h[?2026l[?2026h[?25l[A[1Gpulling manifest [K
pulling 96c415656d37:  77% ▕█████████████     ▏ 3.6 GB/4.7 GB   23 MB/s     46s[K[?25h[?2026l[?2026h[?25l[A[1Gpulling manifest [K
pulling 96c415656d37:  77% ▕█████████████     ▏ 3.6 GB/4.7 GB   23 MB/s     46s[K[?25h[?2026l[?2026h[?25l[A[1Gpulling manifest [K
pulling 96c415656d37:  77% ▕█████████████     ▏ 3.6 GB/4.7 GB   23 MB/s     46s[K[?25h[?2026l[?2026h[?25l[A[1Gpulling manifest [K
pulling 96c415656d37:  77% ▕█████████████     ▏ 3.6 GB/4.7 GB   23 MB/s     45s[K[?25h[?2026l[?2026h[?25l[A[1Gpulling manifest [K
pulling 96c415656d37:  77% ▕█████████████     ▏ 3.6 GB/4.7 GB   23 MB/s     45s[K[?25h[?2026l[?2026h[?25l[A[1Gpulling manifest [K
pulling 96c415656d37:  77% ▕█████████████     ▏ 3.6 GB/4.7 GB   23 MB/s     45s[K[?25h[?2026l[?2026h[?25l[A[1Gpulling manifest [K
pulling 96c415656d37:  77% ▕█████████████     ▏ 3.6 GB/4.7 GB   23 MB/s     45s[K[?25h[?2026l[?2026h[?25l[A[1Gpulling manifest [K
pulling 96c415656d37:  78% ▕█████████████     ▏ 3.6 GB/4.7 GB   23 MB/s     45s[K[?25h[?2026l[?2026h[?25l[A[1Gpulling manifest [K
pulling 96c415656d37:  78% ▕█████████████     ▏ 3.6 GB/4.7 GB   23 MB/s     43s[K[?25h[?2026l[?2026h[?25l[A[1Gpulling manifest [K
pulling 96c415656d37:  78% ▕█████████████     ▏ 3.6 GB/4.7 GB   23 MB/s     43s[K[?25h[?2026l[?2026h[?25l[A[1Gpulling manifest [K
pulling 96c415656d37:  78% ▕█████████████     ▏ 3.6 GB/4.7 GB   23 MB/s     43s[K[?25h[?2026l[?2026h[?25l[A[1Gpulling manifest [K
pulling 96c415656d37:  78% ▕██████████████    ▏ 3.6 GB/4.7 GB   23 MB/s     43s[K[?25h[?2026l[?2026h[?25l[A[1Gpulling manifest [K
pulling 96c415656d37:  78% ▕██████████████    ▏ 3.6 GB/4.7 GB   23 MB/s     43s[K[?25h[?2026l[?2026h[?25l[A[1Gpulling manifest [K
pulling 96c415656d37:  78% ▕██████████████    ▏ 3.6 GB/4.7 GB   23 MB/s     43s[K[?25h[?2026l[?2026h[?25l[A[1Gpulling manifest [K
pulling 96c415656d37:  78% ▕██████████████    ▏ 3.7 GB/4.7 GB   23 MB/s     43s[K[?25h[?2026l[?2026h[?25l[A[1Gpulling manifest [K
pulling 96c415656d37:  78% ▕██████████████    ▏ 3.7 GB/4.7 GB   23 MB/s     43s[K[?25h[?2026l[?2026h[?25l[A[1Gpulling manifest [K
pulling 96c415656d37:  78% ▕██████████████    ▏ 3.7 GB/4.7 GB   23 MB/s     42s[K[?25h[?2026l[?2026h[?25l[A[1Gpulling manifest [K
pulling 96c415656d37:  78% ▕██████████████    ▏ 3.7 GB/4.7 GB   23 MB/s     42s[K[?25h[?2026l[?2026h[?25l[A[1Gpulling manifest [K
pulling 96c415656d37:  78% ▕██████████████    ▏ 3.7 GB/4.7 GB   23 MB/s     43s[K[?25h[?2026l[?2026h[?25l[A[1Gpulling manifest [K
pulling 96c415656d37:  78% ▕██████████████    ▏ 3.7 GB/4.7 GB   23 MB/s     43s[K[?25h[?2026l[?2026h[?25l[A[1Gpulling manifest [K
pulling 96c415656d37:  78% ▕██████████████    ▏ 3.7 GB/4.7 GB   23 MB/s     43s[K[?25h[?2026l[?2026h[?25l[A[1Gpulling manifest [K
pulling 96c415656d37:  78% ▕██████████████    ▏ 3.7 GB/4.7 GB   23 MB/s     43s[K[?25h[?2026l[?2026h[?25l[A[1Gpulling manifest [K
pulling 96c415656d37:  78% ▕██████████████    ▏ 3.7 GB/4.7 GB   23 MB/s     43s[K[?25h[?2026l[?2026h[?25l[A[1Gpulling manifest [K
pulling 96c415656d37:  78% ▕██████████████    ▏ 3.7 GB/4.7 GB   23 MB/s     43s[K[?25h[?2026l[?2026h[?25l[A[1Gpulling manifest [K
pulling 96c415656d37:  78% ▕██████████████    ▏ 3.7 GB/4.7 GB   23 MB/s     42s[K[?25h[?2026l[?2026h[?25l[A[1Gpulling manifest [K
pulling 96c415656d37:  78% ▕██████████████    ▏ 3.7 GB/4.7 GB   23 MB/s     42s[K[?25h[?2026l[?2026h[?25l[A[1Gpulling manifest [K
pulling 96c415656d37:  79% ▕██████████████    ▏ 3.7 GB/4.7 GB   23 MB/s     42s[K[?25h[?2026l[?2026h[?25l[A[1Gpulling manifest [K
pulling 96c415656d37:  79% ▕██████████████    ▏ 3.7 GB/4.7 GB   23 MB/s     42s[K[?25h[?2026l[?2026h[?25l[A[1Gpulling manifest [K
pulling 96c415656d37:  79% ▕██████████████    ▏ 3.7 GB/4.7 GB   23 MB/s     42s[K[?25h[?2026l[?2026h[?25l[A[1Gpulling manifest [K
pulling 96c415656d37:  79% ▕██████████████    ▏ 3.7 GB/4.7 GB   24 MB/s     41s[K[?25h[?2026l[?2026h[?25l[A[1Gpulling manifest [K
pulling 96c415656d37:  79% ▕██████████████    ▏ 3.7 GB/4.7 GB   24 MB/s     41s[K[?25h[?2026l[?2026h[?25l[A[1Gpulling manifest [K
pulling 96c415656d37:  79% ▕██████████████    ▏ 3.7 GB/4.7 GB   24 MB/s     41s[K[?25h[?2026l[?2026h[?25l[A[1Gpulling manifest [K
pulling 96c415656d37:  79% ▕██████████████    ▏ 3.7 GB/4.7 GB   24 MB/s     41s[K[?25h[?2026l[?2026h[?25l[A[1Gpulling manifest [K
pulling 96c415656d37:  79% ▕██████████████    ▏ 3.7 GB/4.7 GB   24 MB/s     41s[K[?25h[?2026l[?2026h[?25l[A[1Gpulling manifest [K
pulling 96c415656d37:  79% ▕██████████████    ▏ 3.7 GB/4.7 GB   24 MB/s     41s[K[?25h[?2026l[?2026h[?25l[A[1Gpulling manifest [K
pulling 96c415656d37:  79% ▕██████████████    ▏ 3.7 GB/4.7 GB   24 MB/s     41s[K[?25h[?2026l[?2026h[?25l[A[1Gpulling manifest [K
pulling 96c415656d37:  79% ▕██████████████    ▏ 3.7 GB/4.7 GB   24 MB/s     40s[K[?25h[?2026l[?2026h[?25l[A[1Gpulling manifest [K
pulling 96c415656d37:  79% ▕██████████████    ▏ 3.7 GB/4.7 GB   24 MB/s     40s[K[?25h[?2026l[?2026h[?25l[A[1Gpulling manifest [K
pulling 96c415656d37:  79% ▕██████████████    ▏ 3.7 GB/4.7 GB   24 MB/s     40s[K[?25h[?2026l[?2026h[?25l[A[1Gpulling manifest [K
pulling 96c415656d37:  79% ▕██████████████    ▏ 3.7 GB/4.7 GB   25 MB/s     38s[K[?25h[?2026l[?2026h[?25l[A[1Gpulling manifest [K
pulling 96c415656d37:  79% ▕██████████████    ▏ 3.7 GB/4.7 GB   25 MB/s     38s[K[?25h[?2026l[?2026h[?25l[A[1Gpulling manifest [K
pulling 96c415656d37:  79% ▕██████████████    ▏ 3.7 GB/4.7 GB   25 MB/s     38s[K[?25h[?2026l[?2026h[?25l[A[1Gpulling manifest [K
pulling 96c415656d37:  79% ▕██████████████    ▏ 3.7 GB/4.7 GB   25 MB/s     38s[K[?25h[?2026l[?2026h[?25l[A[1Gpulling manifest [K
pulling 96c415656d37:  79% ▕██████████████    ▏ 3.7 GB/4.7 GB   25 MB/s     38s[K[?25h[?2026l[?2026h[?25l[A[1Gpulling manifest [K
pulling 96c415656d37:  79% ▕██████████████    ▏ 3.7 GB/4.7 GB   25 MB/s     38s[K[?25h[?2026l[?2026h[?25l[A[1Gpulling manifest [K
pulling 96c415656d37:  79% ▕██████████████    ▏ 3.7 GB/4.7 GB   25 MB/s     37s[K[?25h[?2026l[?2026h[?25l[A[1Gpulling manifest [K
pulling 96c415656d37:  79% ▕██████████████    ▏ 3.7 GB/4.7 GB   25 MB/s     37s[K[?25h[?2026l[?2026h[?25l[A[1Gpulling manifest [K
pulling 96c415656d37:  80% ▕██████████████    ▏ 3.7 GB/4.7 GB   25 MB/s     37s[K[?25h[?2026l[?2026h[?25l[A[1Gpulling manifest [K
pulling 96c415656d37:  80% ▕██████████████    ▏ 3.7 GB/4.7 GB   25 MB/s     37s[K[?25h[?2026l[?2026h[?25l[A[1Gpulling manifest [K
pulling 96c415656d37:  80% ▕██████████████    ▏ 3.7 GB/4.7 GB   25 MB/s     37s[K[?25h[?2026l[?2026h[?25l[A[1Gpulling manifest [K
pulling 96c415656d37:  80% ▕██████████████    ▏ 3.7 GB/4.7 GB   25 MB/s     37s[K[?25h[?2026l[?2026h[?25l[A[1Gpulling manifest [K
pulling 96c415656d37:  80% ▕██████████████    ▏ 3.7 GB/4.7 GB   25 MB/s     37s[K[?25h[?2026l[?2026h[?25l[A[1Gpulling manifest [K
pulling 96c415656d37:  80% ▕██████████████    ▏ 3.7 GB/4.7 GB   25 MB/s     37s[K[?25h[?2026l[?2026h[?25l[A[1Gpulling manifest [K
pulling 96c415656d37:  80% ▕██████████████    ▏ 3.7 GB/4.7 GB   25 MB/s     36s[K[?25h[?2026l[?2026h[?25l[A[1Gpulling manifest [K
pulling 96c415656d37:  80% ▕██████████████    ▏ 3.7 GB/4.7 GB   25 MB/s     36s[K[?25h[?2026l[?2026h[?25l[A[1Gpulling manifest [K
pulling 96c415656d37:  80% ▕██████████████    ▏ 3.7 GB/4.7 GB   25 MB/s     36s[K[?25h[?2026l[?2026h[?25l[A[1Gpulling manifest [K
pulling 96c415656d37:  80% ▕██████████████    ▏ 3.7 GB/4.7 GB   25 MB/s     36s[K[?25h[?2026l[?2026h[?25l[A[1Gpulling manifest [K
pulling 96c415656d37:  80% ▕██████████████    ▏ 3.8 GB/4.7 GB   25 MB/s     36s[K[?25h[?2026l[?2026h[?25l[A[1Gpulling manifest [K
pulling 96c415656d37:  80% ▕██████████████    ▏ 3.8 GB/4.7 GB   25 MB/s     36s[K[?25h[?2026l[?2026h[?25l[A[1Gpulling manifest [K
pulling 96c415656d37:  80% ▕██████████████    ▏ 3.8 GB/4.7 GB   24 MB/s     38s[K[?25h[?2026l[?2026h[?25l[A[1Gpulling manifest [K
pulling 96c415656d37:  80% ▕██████████████    ▏ 3.8 GB/4.7 GB   24 MB/s     38s[K[?25h[?2026l[?2026h[?25l[A[1Gpulling manifest [K
pulling 96c415656d37:  80% ▕██████████████    ▏ 3.8 GB/4.7 GB   24 MB/s     38s[K[?25h[?2026l[?2026h[?25l[A[1Gpulling manifest [K
pulling 96c415656d37:  80% ▕██████████████    ▏ 3.8 GB/4.7 GB   24 MB/s     38s[K[?25h[?2026l[?2026h[?25l[A[1Gpulling manifest [K
pulling 96c415656d37:  80% ▕██████████████    ▏ 3.8 GB/4.7 GB   24 MB/s     38s[K[?25h[?2026l[?2026h[?25l[A[1Gpulling manifest [K
pulling 96c415656d37:  80% ▕██████████████    ▏ 3.8 GB/4.7 GB   24 MB/s     37s[K[?25h[?2026l[?2026h[?25l[A[1Gpulling manifest [K
pulling 96c415656d37:  80% ▕██████████████    ▏ 3.8 GB/4.7 GB   24 MB/s     37s[K[?25h[?2026l[?2026h[?25l[A[1Gpulling manifest [K
pulling 96c415656d37:  80% ▕██████████████    ▏ 3.8 GB/4.7 GB   24 MB/s     37s[K[?25h[?2026l[?2026h[?25l[A[1Gpulling manifest [K
pulling 96c415656d37:  80% ▕██████████████    ▏ 3.8 GB/4.7 GB   24 MB/s     37s[K[?25h[?2026l[?2026h[?25l[A[1Gpulling manifest [K
pulling 96c415656d37:  81% ▕██████████████    ▏ 3.8 GB/4.7 GB   24 MB/s     37s[K[?25h[?2026l[?2026h[?25l[A[1Gpulling manifest [K
pulling 96c415656d37:  81% ▕██████████████    ▏ 3.8 GB/4.7 GB   24 MB/s     36s[K[?25h[?2026l[?2026h[?25l[A[1Gpulling manifest [K
pulling 96c415656d37:  81% ▕██████████████    ▏ 3.8 GB/4.7 GB   24 MB/s     36s[K[?25h[?2026l[?2026h[?25l[A[1Gpulling manifest [K
pulling 96c415656d37:  81% ▕██████████████    ▏ 3.8 GB/4.7 GB   24 MB/s     36s[K[?25h[?2026l[?2026h[?25l[A[1Gpulling manifest [K
pulling 96c415656d37:  81% ▕██████████████    ▏ 3.8 GB/4.7 GB   24 MB/s     35s[K[?25h[?2026l[?2026h[?25l[A[1Gpulling manifest [K
pulling 96c415656d37:  81% ▕██████████████    ▏ 3.8 GB/4.7 GB   24 MB/s     35s[K[?25h[?2026l[?2026h[?25l[A[1Gpulling manifest [K
pulling 96c415656d37:  81% ▕██████████████    ▏ 3.8 GB/4.7 GB   24 MB/s     35s[K[?25h[?2026l[?2026h[?25l[A[1Gpulling manifest [K
pulling 96c415656d37:  81% ▕██████████████    ▏ 3.8 GB/4.7 GB   24 MB/s     35s[K[?25h[?2026l[?2026h[?25l[A[1Gpulling manifest [K
pulling 96c415656d37:  81% ▕██████████████    ▏ 3.8 GB/4.7 GB   24 MB/s     35s[K[?25h[?2026l[?2026h[?25l[A[1Gpulling manifest [K
pulling 96c415656d37:  81% ▕██████████████    ▏ 3.8 GB/4.7 GB   24 MB/s     35s[K[?25h[?2026l[?2026h[?25l[A[1Gpulling manifest [K
pulling 96c415656d37:  81% ▕██████████████    ▏ 3.8 GB/4.7 GB   24 MB/s     35s[K[?25h[?2026l[?2026h[?25l[A[1Gpulling manifest [K
pulling 96c415656d37:  81% ▕██████████████    ▏ 3.8 GB/4.7 GB   24 MB/s     35s[K[?25h[?2026l[?2026h[?25l[A[1Gpulling manifest [K
pulling 96c415656d37:  81% ▕██████████████    ▏ 3.8 GB/4.7 GB   24 MB/s     35s[K[?25h[?2026l[?2026h[?25l[A[1Gpulling manifest [K
pulling 96c415656d37:  81% ▕██████████████    ▏ 3.8 GB/4.7 GB   24 MB/s     35s[K[?25h[?2026l[?2026h[?25l[A[1Gpulling manifest [K
pulling 96c415656d37:  81% ▕██████████████    ▏ 3.8 GB/4.7 GB   24 MB/s     35s[K[?25h[?2026l[?2026h[?25l[A[1Gpulling manifest [K
pulling 96c415656d37:  81% ▕██████████████    ▏ 3.8 GB/4.7 GB   24 MB/s     35s[K[?25h[?2026l[?2026h[?25l[A[1Gpulling manifest [K
pulling 96c415656d37:  81% ▕██████████████    ▏ 3.8 GB/4.7 GB   24 MB/s     35s[K[?25h[?2026l[?2026h[?25l[A[1Gpulling manifest [K
pulling 96c415656d37:  81% ▕██████████████    ▏ 3.8 GB/4.7 GB   24 MB/s     35s[K[?25h[?2026l[?2026h[?25l[A[1Gpulling manifest [K
pulling 96c415656d37:  81% ▕██████████████    ▏ 3.8 GB/4.7 GB   24 MB/s     35s[K[?25h[?2026l[?2026h[?25l[A[1Gpulling manifest [K
pulling 96c415656d37:  81% ▕██████████████    ▏ 3.8 GB/4.7 GB   24 MB/s     35s[K[?25h[?2026l[?2026h[?25l[A[1Gpulling manifest [K
pulling 96c415656d37:  82% ▕██████████████    ▏ 3.8 GB/4.7 GB   24 MB/s     35s[K[?25h[?2026l[?2026h[?25l[A[1Gpulling manifest [K
pulling 96c415656d37:  82% ▕██████████████    ▏ 3.8 GB/4.7 GB   24 MB/s     34s[K[?25h[?2026l[?2026h[?25l[A[1Gpulling manifest [K
pulling 96c415656d37:  82% ▕██████████████    ▏ 3.8 GB/4.7 GB   24 MB/s     35s[K[?25h[?2026l[?2026h[?25l[A[1Gpulling manifest [K
pulling 96c415656d37:  82% ▕██████████████    ▏ 3.8 GB/4.7 GB   24 MB/s     35s[K[?25h[?2026l[?2026h[?25l[A[1Gpulling manifest [K
pulling 96c415656d37:  82% ▕██████████████    ▏ 3.8 GB/4.7 GB   24 MB/s     35s[K[?25h[?2026l[?2026h[?25l[A[1Gpulling manifest [K
pulling 96c415656d37:  82% ▕██████████████    ▏ 3.8 GB/4.7 GB   24 MB/s     35s[K[?25h[?2026l[?2026h[?25l[A[1Gpulling manifest [K
pulling 96c415656d37:  82% ▕██████████████    ▏ 3.8 GB/4.7 GB   24 MB/s     35s[K[?25h[?2026l[?2026h[?25l[A[1Gpulling manifest [K
pulling 96c415656d37:  82% ▕██████████████    ▏ 3.8 GB/4.7 GB   24 MB/s     35s[K[?25h[?2026l[?2026h[?25l[A[1Gpulling manifest [K
pulling 96c415656d37:  82% ▕██████████████    ▏ 3.8 GB/4.7 GB   24 MB/s     35s[K[?25h[?2026l[?2026h[?25l[A[1Gpulling manifest [K
pulling 96c415656d37:  82% ▕██████████████    ▏ 3.8 GB/4.7 GB   24 MB/s     34s[K[?25h[?2026l[?2026h[?25l[A[1Gpulling manifest [K
pulling 96c415656d37:  82% ▕██████████████    ▏ 3.8 GB/4.7 GB   24 MB/s     34s[K[?25h[?2026l[?2026h[?25l[A[1Gpulling manifest [K
pulling 96c415656d37:  82% ▕██████████████    ▏ 3.8 GB/4.7 GB   24 MB/s     34s[K[?25h[?2026l[?2026h[?25l[A[1Gpulling manifest [K
pulling 96c415656d37:  82% ▕██████████████    ▏ 3.8 GB/4.7 GB   23 MB/s     35s[K[?25h[?2026l[?2026h[?25l[A[1Gpulling manifest [K
pulling 96c415656d37:  82% ▕██████████████    ▏ 3.9 GB/4.7 GB   23 MB/s     35s[K[?25h[?2026l[?2026h[?25l[A[1Gpulling manifest [K
pulling 96c415656d37:  82% ▕██████████████    ▏ 3.9 GB/4.7 GB   23 MB/s     35s[K[?25h[?2026l[?2026h[?25l[A[1Gpulling manifest [K
pulling 96c415656d37:  82% ▕██████████████    ▏ 3.9 GB/4.7 GB   23 MB/s     35s[K[?25h[?2026l[?2026h[?25l[A[1Gpulling manifest [K
pulling 96c415656d37:  82% ▕██████████████    ▏ 3.9 GB/4.7 GB   23 MB/s     35s[K[?25h[?2026l[?2026h[?25l[A[1Gpulling manifest [K
pulling 96c415656d37:  82% ▕██████████████    ▏ 3.9 GB/4.7 GB   23 MB/s     35s[K[?25h[?2026l[?2026h[?25l[A[1Gpulling manifest [K
pulling 96c415656d37:  82% ▕██████████████    ▏ 3.9 GB/4.7 GB   23 MB/s     35s[K[?25h[?2026l[?2026h[?25l[A[1Gpulling manifest [K
pulling 96c415656d37:  83% ▕██████████████    ▏ 3.9 GB/4.7 GB   23 MB/s     34s[K[?25h[?2026l[?2026h[?25l[A[1Gpulling manifest [K
pulling 96c415656d37:  83% ▕██████████████    ▏ 3.9 GB/4.7 GB   23 MB/s     34s[K[?25h[?2026l[?2026h[?25l[A[1Gpulling manifest [K
pulling 96c415656d37:  83% ▕██████████████    ▏ 3.9 GB/4.7 GB   23 MB/s     34s[K[?25h[?2026l[?2026h[?25l[A[1Gpulling manifest [K
pulling 96c415656d37:  83% ▕██████████████    ▏ 3.9 GB/4.7 GB   24 MB/s     33s[K[?25h[?2026l[?2026h[?25l[A[1Gpulling manifest [K
pulling 96c415656d37:  83% ▕██████████████    ▏ 3.9 GB/4.7 GB   24 MB/s     33s[K[?25h[?2026l[?2026h[?25l[A[1Gpulling manifest [K
pulling 96c415656d37:  83% ▕██████████████    ▏ 3.9 GB/4.7 GB   24 MB/s     33s[K[?25h[?2026l[?2026h[?25l[A[1Gpulling manifest [K
pulling 96c415656d37:  83% ▕██████████████    ▏ 3.9 GB/4.7 GB   24 MB/s     32s[K[?25h[?2026l[?2026h[?25l[A[1Gpulling manifest [K
pulling 96c415656d37:  83% ▕██████████████    ▏ 3.9 GB/4.7 GB   24 MB/s     32s[K[?25h[?2026l[?2026h[?25l[A[1Gpulling manifest [K
pulling 96c415656d37:  83% ▕██████████████    ▏ 3.9 GB/4.7 GB   24 MB/s     32s[K[?25h[?2026l[?2026h[?25l[A[1Gpulling manifest [K
pulling 96c415656d37:  83% ▕██████████████    ▏ 3.9 GB/4.7 GB   24 MB/s     32s[K[?25h[?2026l[?2026h[?25l[A[1Gpulling manifest [K
pulling 96c415656d37:  83% ▕██████████████    ▏ 3.9 GB/4.7 GB   24 MB/s     32s[K[?25h[?2026l[?2026h[?25l[A[1Gpulling manifest [K
pulling 96c415656d37:  83% ▕██████████████    ▏ 3.9 GB/4.7 GB   24 MB/s     32s[K[?25h[?2026l[?2026h[?25l[A[1Gpulling manifest [K
pulling 96c415656d37:  83% ▕██████████████    ▏ 3.9 GB/4.7 GB   24 MB/s     32s[K[?25h[?2026l[?2026h[?25l[A[1Gpulling manifest [K
pulling 96c415656d37:  83% ▕██████████████    ▏ 3.9 GB/4.7 GB   24 MB/s     32s[K[?25h[?2026l[?2026h[?25l[A[1Gpulling manifest [K
pulling 96c415656d37:  83% ▕██████████████    ▏ 3.9 GB/4.7 GB   24 MB/s     32s[K[?25h[?2026l[?2026h[?25l[A[1Gpulling manifest [K
pulling 96c415656d37:  83% ▕███████████████   ▏ 3.9 GB/4.7 GB   24 MB/s     32s[K[?25h[?2026l[?2026h[?25l[A[1Gpulling manifest [K
pulling 96c415656d37:  83% ▕███████████████   ▏ 3.9 GB/4.7 GB   24 MB/s     31s[K[?25h[?2026l[?2026h[?25l[A[1Gpulling manifest [K
pulling 96c415656d37:  83% ▕███████████████   ▏ 3.9 GB/4.7 GB   24 MB/s     31s[K[?25h[?2026l[?2026h[?25l[A[1Gpulling manifest [K
pulling 96c415656d37:  83% ▕███████████████   ▏ 3.9 GB/4.7 GB   24 MB/s     31s[K[?25h[?2026l[?2026h[?25l[A[1Gpulling manifest [K
pulling 96c415656d37:  84% ▕███████████████   ▏ 3.9 GB/4.7 GB   24 MB/s     31s[K[?25h[?2026l[?2026h[?25l[A[1Gpulling manifest [K
pulling 96c415656d37:  84% ▕███████████████   ▏ 3.9 GB/4.7 GB   24 MB/s     31s[K[?25h[?2026l[?2026h[?25l[A[1Gpulling manifest [K
pulling 96c415656d37:  84% ▕███████████████   ▏ 3.9 GB/4.7 GB   24 MB/s     31s[K[?25h[?2026l[?2026h[?25l[A[1Gpulling manifest [K
pulling 96c415656d37:  84% ▕███████████████   ▏ 3.9 GB/4.7 GB   24 MB/s     31s[K[?25h[?2026l[?2026h[?25l[A[1Gpulling manifest [K
pulling 96c415656d37:  84% ▕███████████████   ▏ 3.9 GB/4.7 GB   24 MB/s     31s[K[?25h[?2026l[?2026h[?25l[A[1Gpulling manifest [K
pulling 96c415656d37:  84% ▕███████████████   ▏ 3.9 GB/4.7 GB   23 MB/s     32s[K[?25h[?2026l[?2026h[?25l[A[1Gpulling manifest [K
pulling 96c415656d37:  84% ▕███████████████   ▏ 3.9 GB/4.7 GB   23 MB/s     32s[K[?25h[?2026l[?2026h[?25l[A[1Gpulling manifest [K
pulling 96c415656d37:  84% ▕███████████████   ▏ 3.9 GB/4.7 GB   23 MB/s     32s[K[?25h[?2026l[?2026h[?25l[A[1Gpulling manifest [K
pulling 96c415656d37:  84% ▕███████████████   ▏ 3.9 GB/4.7 GB   23 MB/s     31s[K[?25h[?2026l[?2026h[?25l[A[1Gpulling manifest [K
pulling 96c415656d37:  84% ▕███████████████   ▏ 3.9 GB/4.7 GB   23 MB/s     31s[K[?25h[?2026l[?2026h[?25l[A[1Gpulling manifest [K
pulling 96c415656d37:  84% ▕███████████████   ▏ 3.9 GB/4.7 GB   23 MB/s     31s[K[?25h[?2026l[?2026h[?25l[A[1Gpulling manifest [K
pulling 96c415656d37:  84% ▕███████████████   ▏ 3.9 GB/4.7 GB   23 MB/s     31s[K[?25h[?2026l[?2026h[?25l[A[1Gpulling manifest [K
pulling 96c415656d37:  84% ▕███████████████   ▏ 3.9 GB/4.7 GB   23 MB/s     31s[K[?25h[?2026l[?2026h[?25l[A[1Gpulling manifest [K
pulling 96c415656d37:  84% ▕███████████████   ▏ 3.9 GB/4.7 GB   23 MB/s     31s[K[?25h[?2026l[?2026h[?25l[A[1Gpulling manifest [K
pulling 96c415656d37:  84% ▕███████████████   ▏ 3.9 GB/4.7 GB   23 MB/s     31s[K[?25h[?2026l[?2026h[?25l[A[1Gpulling manifest [K
pulling 96c415656d37:  84% ▕███████████████   ▏ 3.9 GB/4.7 GB   23 MB/s     31s[K[?25h[?2026l[?2026h[?25l[A[1Gpulling manifest [K
pulling 96c415656d37:  84% ▕███████████████   ▏ 3.9 GB/4.7 GB   23 MB/s     31s[K[?25h[?2026l[?2026h[?25l[A[1Gpulling manifest [K
pulling 96c415656d37:  84% ▕███████████████   ▏ 4.0 GB/4.7 GB   23 MB/s     31s[K[?25h[?2026l[?2026h[?25l[A[1Gpulling manifest [K
pulling 96c415656d37:  84% ▕███████████████   ▏ 4.0 GB/4.7 GB   23 MB/s     31s[K[?25h[?2026l[?2026h[?25l[A[1Gpulling manifest [K
pulling 96c415656d37:  85% ▕███████████████   ▏ 4.0 GB/4.7 GB   23 MB/s     31s[K[?25h[?2026l[?2026h[?25l[A[1Gpulling manifest [K
pulling 96c415656d37:  85% ▕███████████████   ▏ 4.0 GB/4.7 GB   23 MB/s     30s[K[?25h[?2026l[?2026h[?25l[A[1Gpulling manifest [K
pulling 96c415656d37:  85% ▕███████████████   ▏ 4.0 GB/4.7 GB   23 MB/s     30s[K[?25h[?2026l[?2026h[?25l[A[1Gpulling manifest [K
pulling 96c415656d37:  85% ▕███████████████   ▏ 4.0 GB/4.7 GB   23 MB/s     30s[K[?25h[?2026l[?2026h[?25l[A[1Gpulling manifest [K
pulling 96c415656d37:  85% ▕███████████████   ▏ 4.0 GB/4.7 GB   23 MB/s     30s[K[?25h[?2026l[?2026h[?25l[A[1Gpulling manifest [K
pulling 96c415656d37:  85% ▕███████████████   ▏ 4.0 GB/4.7 GB   23 MB/s     30s[K[?25h[?2026l[?2026h[?25l[A[1Gpulling manifest [K
pulling 96c415656d37:  85% ▕███████████████   ▏ 4.0 GB/4.7 GB   23 MB/s     30s[K[?25h[?2026l[?2026h[?25l[A[1Gpulling manifest [K
pulling 96c415656d37:  85% ▕███████████████   ▏ 4.0 GB/4.7 GB   23 MB/s     30s[K[?25h[?2026l[?2026h[?25l[A[1Gpulling manifest [K
pulling 96c415656d37:  85% ▕███████████████   ▏ 4.0 GB/4.7 GB   23 MB/s     30s[K[?25h[?2026l[?2026h[?25l[A[1Gpulling manifest [K
pulling 96c415656d37:  85% ▕███████████████   ▏ 4.0 GB/4.7 GB   23 MB/s     30s[K[?25h[?2026l[?2026h[?25l[A[1Gpulling manifest [K
pulling 96c415656d37:  85% ▕███████████████   ▏ 4.0 GB/4.7 GB   23 MB/s     29s[K[?25h[?2026l[?2026h[?25l[A[1Gpulling manifest [K
pulling 96c415656d37:  85% ▕███████████████   ▏ 4.0 GB/4.7 GB   23 MB/s     29s[K[?25h[?2026l[?2026h[?25l[A[1Gpulling manifest [K
pulling 96c415656d37:  85% ▕███████████████   ▏ 4.0 GB/4.7 GB   23 MB/s     29s[K[?25h[?2026l[?2026h[?25l[A[1Gpulling manifest [K
pulling 96c415656d37:  85% ▕███████████████   ▏ 4.0 GB/4.7 GB   23 MB/s     29s[K[?25h[?2026l[?2026h[?25l[A[1Gpulling manifest [K
pulling 96c415656d37:  85% ▕███████████████   ▏ 4.0 GB/4.7 GB   23 MB/s     29s[K[?25h[?2026l[?2026h[?25l[A[1Gpulling manifest [K
pulling 96c415656d37:  85% ▕███████████████   ▏ 4.0 GB/4.7 GB   23 MB/s     29s[K[?25h[?2026l[?2026h[?25l[A[1Gpulling manifest [K
pulling 96c415656d37:  85% ▕███████████████   ▏ 4.0 GB/4.7 GB   22 MB/s     30s[K[?25h[?2026l[?2026h[?25l[A[1Gpulling manifest [K
pulling 96c415656d37:  85% ▕███████████████   ▏ 4.0 GB/4.7 GB   22 MB/s     30s[K[?25h[?2026l[?2026h[?25l[A[1Gpulling manifest [K
pulling 96c415656d37:  85% ▕███████████████   ▏ 4.0 GB/4.7 GB   22 MB/s     30s[K[?25h[?2026l[?2026h[?25l[A[1Gpulling manifest [K
pulling 96c415656d37:  85% ▕███████████████   ▏ 4.0 GB/4.7 GB   22 MB/s     29s[K[?25h[?2026l[?2026h[?25l[A[1Gpulling manifest [K
pulling 96c415656d37:  85% ▕███████████████   ▏ 4.0 GB/4.7 GB   22 MB/s     29s[K[?25h[?2026l[?2026h[?25l[A[1Gpulling manifest [K
pulling 96c415656d37:  85% ▕███████████████   ▏ 4.0 GB/4.7 GB   22 MB/s     29s[K[?25h[?2026l[?2026h[?25l[A[1Gpulling manifest [K
pulling 96c415656d37:  85% ▕███████████████   ▏ 4.0 GB/4.7 GB   22 MB/s     29s[K[?25h[?2026l[?2026h[?25l[A[1Gpulling manifest [K
pulling 96c415656d37:  85% ▕███████████████   ▏ 4.0 GB/4.7 GB   22 MB/s     29s[K[?25h[?2026l[?2026h[?25l[A[1Gpulling manifest [K
pulling 96c415656d37:  85% ▕███████████████   ▏ 4.0 GB/4.7 GB   22 MB/s     29s[K[?25h[?2026l[?2026h[?25l[A[1Gpulling manifest [K
pulling 96c415656d37:  86% ▕███████████████   ▏ 4.0 GB/4.7 GB   22 MB/s     29s[K[?25h[?2026l[?2026h[?25l[A[1Gpulling manifest [K
pulling 96c415656d37:  86% ▕███████████████   ▏ 4.0 GB/4.7 GB   23 MB/s     29s[K[?25h[?2026l[?2026h[?25l[A[1Gpulling manifest [K
pulling 96c415656d37:  86% ▕███████████████   ▏ 4.0 GB/4.7 GB   23 MB/s     29s[K[?25h[?2026l[?2026h[?25l[A[1Gpulling manifest [K
pulling 96c415656d37:  86% ▕███████████████   ▏ 4.0 GB/4.7 GB   23 MB/s     28s[K[?25h[?2026l[?2026h[?25l[A[1Gpulling manifest [K
pulling 96c415656d37:  86% ▕███████████████   ▏ 4.0 GB/4.7 GB   23 MB/s     28s[K[?25h[?2026l[?2026h[?25l[A[1Gpulling manifest [K
pulling 96c415656d37:  86% ▕███████████████   ▏ 4.0 GB/4.7 GB   23 MB/s     28s[K[?25h[?2026l[?2026h[?25l[A[1Gpulling manifest [K
pulling 96c415656d37:  86% ▕███████████████   ▏ 4.0 GB/4.7 GB   23 MB/s     28s[K[?25h[?2026l[?2026h[?25l[A[1Gpulling manifest [K
pulling 96c415656d37:  86% ▕███████████████   ▏ 4.0 GB/4.7 GB   23 MB/s     28s[K[?25h[?2026l[?2026h[?25l[A[1Gpulling manifest [K
pulling 96c415656d37:  86% ▕███████████████   ▏ 4.0 GB/4.7 GB   23 MB/s     28s[K[?25h[?2026l[?2026h[?25l[A[1Gpulling manifest [K
pulling 96c415656d37:  86% ▕███████████████   ▏ 4.0 GB/4.7 GB   23 MB/s     28s[K[?25h[?2026l[?2026h[?25l[A[1Gpulling manifest [K
pulling 96c415656d37:  86% ▕███████████████   ▏ 4.0 GB/4.7 GB   23 MB/s     28s[K[?25h[?2026l[?2026h[?25l[A[1Gpulling manifest [K
pulling 96c415656d37:  86% ▕███████████████   ▏ 4.0 GB/4.7 GB   23 MB/s     28s[K[?25h[?2026l[?2026h[?25l[A[1Gpulling manifest [K
pulling 96c415656d37:  86% ▕███████████████   ▏ 4.0 GB/4.7 GB   23 MB/s     26s[K[?25h[?2026l[?2026h[?25l[A[1Gpulling manifest [K
pulling 96c415656d37:  86% ▕███████████████   ▏ 4.0 GB/4.7 GB   23 MB/s     26s[K[?25h[?2026l[?2026h[?25l[A[1Gpulling manifest [K
pulling 96c415656d37:  86% ▕███████████████   ▏ 4.0 GB/4.7 GB   23 MB/s     26s[K[?25h[?2026l[?2026h[?25l[A[1Gpulling manifest [K
pulling 96c415656d37:  87% ▕███████████████   ▏ 4.1 GB/4.7 GB   23 MB/s     26s[K[?25h[?2026l[?2026h[?25l[A[1Gpulling manifest [K
pulling 96c415656d37:  87% ▕███████████████   ▏ 4.1 GB/4.7 GB   23 MB/s     26s[K[?25h[?2026l[?2026h[?25l[A[1Gpulling manifest [K
pulling 96c415656d37:  87% ▕███████████████   ▏ 4.1 GB/4.7 GB   23 MB/s     26s[K[?25h[?2026l[?2026h[?25l[A[1Gpulling manifest [K
pulling 96c415656d37:  87% ▕███████████████   ▏ 4.1 GB/4.7 GB   23 MB/s     26s[K[?25h[?2026l[?2026h[?25l[A[1Gpulling manifest [K
pulling 96c415656d37:  87% ▕███████████████   ▏ 4.1 GB/4.7 GB   23 MB/s     26s[K[?25h[?2026l[?2026h[?25l[A[1Gpulling manifest [K
pulling 96c415656d37:  87% ▕███████████████   ▏ 4.1 GB/4.7 GB   23 MB/s     26s[K[?25h[?2026l[?2026h[?25l[A[1Gpulling manifest [K
pulling 96c415656d37:  87% ▕███████████████   ▏ 4.1 GB/4.7 GB   23 MB/s     25s[K[?25h[?2026l[?2026h[?25l[A[1Gpulling manifest [K
pulling 96c415656d37:  87% ▕███████████████   ▏ 4.1 GB/4.7 GB   24 MB/s     25s[K[?25h[?2026l[?2026h[?25l[A[1Gpulling manifest [K
pulling 96c415656d37:  87% ▕███████████████   ▏ 4.1 GB/4.7 GB   24 MB/s     25s[K[?25h[?2026l[?2026h[?25l[A[1Gpulling manifest [K
pulling 96c415656d37:  87% ▕███████████████   ▏ 4.1 GB/4.7 GB   24 MB/s     25s[K[?25h[?2026l[?2026h[?25l[A[1Gpulling manifest [K
pulling 96c415656d37:  87% ▕███████████████   ▏ 4.1 GB/4.7 GB   24 MB/s     25s[K[?25h[?2026l[?2026h[?25l[A[1Gpulling manifest [K
pulling 96c415656d37:  87% ▕███████████████   ▏ 4.1 GB/4.7 GB   24 MB/s     25s[K[?25h[?2026l[?2026h[?25l[A[1Gpulling manifest [K
pulling 96c415656d37:  87% ▕███████████████   ▏ 4.1 GB/4.7 GB   24 MB/s     25s[K[?25h[?2026l[?2026h[?25l[A[1Gpulling manifest [K
pulling 96c415656d37:  87% ▕███████████████   ▏ 4.1 GB/4.7 GB   24 MB/s     24s[K[?25h[?2026l[?2026h[?25l[A[1Gpulling manifest [K
pulling 96c415656d37:  87% ▕███████████████   ▏ 4.1 GB/4.7 GB   24 MB/s     24s[K[?25h[?2026l[?2026h[?25l[A[1Gpulling manifest [K
pulling 96c415656d37:  87% ▕███████████████   ▏ 4.1 GB/4.7 GB   24 MB/s     24s[K[?25h[?2026l[?2026h[?25l[A[1Gpulling manifest [K
pulling 96c415656d37:  87% ▕███████████████   ▏ 4.1 GB/4.7 GB   24 MB/s     24s[K[?25h[?2026l[?2026h[?25l[A[1Gpulling manifest [K
pulling 96c415656d37:  87% ▕███████████████   ▏ 4.1 GB/4.7 GB   22 MB/s     26s[K[?25h[?2026l[?2026h[?25l[A[1Gpulling manifest [K
pulling 96c415656d37:  87% ▕███████████████   ▏ 4.1 GB/4.7 GB   22 MB/s     26s[K[?25h[?2026l[?2026h[?25l[A[1Gpulling manifest [K
pulling 96c415656d37:  87% ▕███████████████   ▏ 4.1 GB/4.7 GB   22 MB/s     26s[K[?25h[?2026l[?2026h[?25l[A[1Gpulling manifest [K
pulling 96c415656d37:  87% ▕███████████████   ▏ 4.1 GB/4.7 GB   22 MB/s     26s[K[?25h[?2026l[?2026h[?25l[A[1Gpulling manifest [K
pulling 96c415656d37:  87% ▕███████████████   ▏ 4.1 GB/4.7 GB   22 MB/s     26s[K[?25h[?2026l[?2026h[?25l[A[1Gpulling manifest [K
pulling 96c415656d37:  87% ▕███████████████   ▏ 4.1 GB/4.7 GB   22 MB/s     26s[K[?25h[?2026l[?2026h[?25l[A[1Gpulling manifest [K
pulling 96c415656d37:  87% ▕███████████████   ▏ 4.1 GB/4.7 GB   22 MB/s     26s[K[?25h[?2026l[?2026h[?25l[A[1Gpulling manifest [K
pulling 96c415656d37:  88% ▕███████████████   ▏ 4.1 GB/4.7 GB   22 MB/s     26s[K[?25h[?2026l[?2026h[?25l[A[1Gpulling manifest [K
pulling 96c415656d37:  88% ▕███████████████   ▏ 4.1 GB/4.7 GB   22 MB/s     25s[K[?25h[?2026l[?2026h[?25l[A[1Gpulling manifest [K
pulling 96c415656d37:  88% ▕███████████████   ▏ 4.1 GB/4.7 GB   22 MB/s     25s[K[?25h[?2026l[?2026h[?25l[A[1Gpulling manifest [K
pulling 96c415656d37:  88% ▕███████████████   ▏ 4.1 GB/4.7 GB   22 MB/s     25s[K[?25h[?2026l[?2026h[?25l[A[1Gpulling manifest [K
pulling 96c415656d37:  88% ▕███████████████   ▏ 4.1 GB/4.7 GB   22 MB/s     24s[K[?25h[?2026l[?2026h[?25l[A[1Gpulling manifest [K
pulling 96c415656d37:  88% ▕███████████████   ▏ 4.1 GB/4.7 GB   22 MB/s     24s[K[?25h[?2026l[?2026h[?25l[A[1Gpulling manifest [K
pulling 96c415656d37:  88% ▕███████████████   ▏ 4.1 GB/4.7 GB   22 MB/s     24s[K[?25h[?2026l[?2026h[?25l[A[1Gpulling manifest [K
pulling 96c415656d37:  88% ▕███████████████   ▏ 4.1 GB/4.7 GB   22 MB/s     24s[K[?25h[?2026l[?2026h[?25l[A[1Gpulling manifest [K
pulling 96c415656d37:  88% ▕███████████████   ▏ 4.1 GB/4.7 GB   22 MB/s     24s[K[?25h[?2026l[?2026h[?25l[A[1Gpulling manifest [K
pulling 96c415656d37:  88% ▕███████████████   ▏ 4.1 GB/4.7 GB   22 MB/s     24s[K[?25h[?2026l[?2026h[?25l[A[1Gpulling manifest [K
pulling 96c415656d37:  88% ▕███████████████   ▏ 4.1 GB/4.7 GB   22 MB/s     24s[K[?25h[?2026l[?2026h[?25l[A[1Gpulling manifest [K
pulling 96c415656d37:  88% ▕███████████████   ▏ 4.1 GB/4.7 GB   22 MB/s     24s[K[?25h[?2026l[?2026h[?25l[A[1Gpulling manifest [K
pulling 96c415656d37:  88% ▕███████████████   ▏ 4.1 GB/4.7 GB   22 MB/s     24s[K[?25h[?2026l[?2026h[?25l[A[1Gpulling manifest [K
pulling 96c415656d37:  88% ▕███████████████   ▏ 4.1 GB/4.7 GB   24 MB/s     22s[K[?25h[?2026l[?2026h[?25l[A[1Gpulling manifest [K
pulling 96c415656d37:  88% ▕███████████████   ▏ 4.1 GB/4.7 GB   24 MB/s     22s[K[?25h[?2026l[?2026h[?25l[A[1Gpulling manifest [K
pulling 96c415656d37:  88% ▕███████████████   ▏ 4.1 GB/4.7 GB   24 MB/s     22s[K[?25h[?2026l[?2026h[?25l[A[1Gpulling manifest [K
pulling 96c415656d37:  89% ▕███████████████   ▏ 4.1 GB/4.7 GB   24 MB/s     22s[K[?25h[?2026l[?2026h[?25l[A[1Gpulling manifest [K
pulling 96c415656d37:  89% ▕███████████████   ▏ 4.1 GB/4.7 GB   24 MB/s     22s[K[?25h[?2026l[?2026h[?25l[A[1Gpulling manifest [K
pulling 96c415656d37:  89% ▕███████████████   ▏ 4.1 GB/4.7 GB   24 MB/s     22s[K[?25h[?2026l[?2026h[?25l[A[1Gpulling manifest [K
pulling 96c415656d37:  89% ▕███████████████   ▏ 4.1 GB/4.7 GB   24 MB/s     22s[K[?25h[?2026l[?2026h[?25l[A[1Gpulling manifest [K
pulling 96c415656d37:  89% ▕███████████████   ▏ 4.1 GB/4.7 GB   24 MB/s     22s[K[?25h[?2026l[?2026h[?25l[A[1Gpulling manifest [K
pulling 96c415656d37:  89% ▕███████████████   ▏ 4.1 GB/4.7 GB   24 MB/s     22s[K[?25h[?2026l[?2026h[?25l[A[1Gpulling manifest [K
pulling 96c415656d37:  89% ▕███████████████   ▏ 4.2 GB/4.7 GB   24 MB/s     21s[K[?25h[?2026l[?2026h[?25l[A[1Gpulling manifest [K
pulling 96c415656d37:  89% ▕███████████████   ▏ 4.2 GB/4.7 GB   24 MB/s     21s[K[?25h[?2026l[?2026h[?25l[A[1Gpulling manifest [K
pulling 96c415656d37:  89% ▕███████████████   ▏ 4.2 GB/4.7 GB   23 MB/s     21s[K[?25h[?2026l[?2026h[?25l[A[1Gpulling manifest [K
pulling 96c415656d37:  89% ▕████████████████  ▏ 4.2 GB/4.7 GB   23 MB/s     21s[K[?25h[?2026l[?2026h[?25l[A[1Gpulling manifest [K
pulling 96c415656d37:  89% ▕████████████████  ▏ 4.2 GB/4.7 GB   23 MB/s     21s[K[?25h[?2026l[?2026h[?25l[A[1Gpulling manifest [K
pulling 96c415656d37:  89% ▕████████████████  ▏ 4.2 GB/4.7 GB   23 MB/s     21s[K[?25h[?2026l[?2026h[?25l[A[1Gpulling manifest [K
pulling 96c415656d37:  89% ▕████████████████  ▏ 4.2 GB/4.7 GB   23 MB/s     21s[K[?25h[?2026l[?2026h[?25l[A[1Gpulling manifest [K
pulling 96c415656d37:  89% ▕████████████████  ▏ 4.2 GB/4.7 GB   23 MB/s     21s[K[?25h[?2026l[?2026h[?25l[A[1Gpulling manifest [K
pulling 96c415656d37:  89% ▕████████████████  ▏ 4.2 GB/4.7 GB   23 MB/s     21s[K[?25h[?2026l[?2026h[?25l[A[1Gpulling manifest [K
pulling 96c415656d37:  89% ▕████████████████  ▏ 4.2 GB/4.7 GB   23 MB/s     21s[K[?25h[?2026l[?2026h[?25l[A[1Gpulling manifest [K
pulling 96c415656d37:  89% ▕████████████████  ▏ 4.2 GB/4.7 GB   23 MB/s     21s[K[?25h[?2026l[?2026h[?25l[A[1Gpulling manifest [K
pulling 96c415656d37:  89% ▕████████████████  ▏ 4.2 GB/4.7 GB   23 MB/s     20s[K[?25h[?2026l[?2026h[?25l[A[1Gpulling manifest [K
pulling 96c415656d37:  89% ▕████████████████  ▏ 4.2 GB/4.7 GB   23 MB/s     20s[K[?25h[?2026l[?2026h[?25l[A[1Gpulling manifest [K
pulling 96c415656d37:  89% ▕████████████████  ▏ 4.2 GB/4.7 GB   23 MB/s     20s[K[?25h[?2026l[?2026h[?25l[A[1Gpulling manifest [K
pulling 96c415656d37:  90% ▕████████████████  ▏ 4.2 GB/4.7 GB   23 MB/s     20s[K[?25h[?2026l[?2026h[?25l[A[1Gpulling manifest [K
pulling 96c415656d37:  90% ▕████████████████  ▏ 4.2 GB/4.7 GB   23 MB/s     20s[K[?25h[?2026l[?2026h[?25l[A[1Gpulling manifest [K
pulling 96c415656d37:  90% ▕████████████████  ▏ 4.2 GB/4.7 GB   23 MB/s     20s[K[?25h[?2026l[?2026h[?25l[A[1Gpulling manifest [K
pulling 96c415656d37:  90% ▕████████████████  ▏ 4.2 GB/4.7 GB   23 MB/s     20s[K[?25h[?2026l[?2026h[?25l[A[1Gpulling manifest [K
pulling 96c415656d37:  90% ▕████████████████  ▏ 4.2 GB/4.7 GB   23 MB/s     20s[K[?25h[?2026l[?2026h[?25l[A[1Gpulling manifest [K
pulling 96c415656d37:  90% ▕████████████████  ▏ 4.2 GB/4.7 GB   23 MB/s     20s[K[?25h[?2026l[?2026h[?25l[A[1Gpulling manifest [K
pulling 96c415656d37:  90% ▕████████████████  ▏ 4.2 GB/4.7 GB   23 MB/s     20s[K[?25h[?2026l[?2026h[?25l[A[1Gpulling manifest [K
pulling 96c415656d37:  90% ▕████████████████  ▏ 4.2 GB/4.7 GB   23 MB/s     20s[K[?25h[?2026l[?2026h[?25l[A[1Gpulling manifest [K
pulling 96c415656d37:  90% ▕████████████████  ▏ 4.2 GB/4.7 GB   24 MB/s     19s[K[?25h[?2026l[?2026h[?25l[A[1Gpulling manifest [K
pulling 96c415656d37:  90% ▕████████████████  ▏ 4.2 GB/4.7 GB   24 MB/s     19s[K[?25h[?2026l[?2026h[?25l[A[1Gpulling manifest [K
pulling 96c415656d37:  90% ▕████████████████  ▏ 4.2 GB/4.7 GB   24 MB/s     19s[K[?25h[?2026l[?2026h[?25l[A[1Gpulling manifest [K
pulling 96c415656d37:  90% ▕████████████████  ▏ 4.2 GB/4.7 GB   24 MB/s     19s[K[?25h[?2026l[?2026h[?25l[A[1Gpulling manifest [K
pulling 96c415656d37:  90% ▕████████████████  ▏ 4.2 GB/4.7 GB   24 MB/s     19s[K[?25h[?2026l[?2026h[?25l[A[1Gpulling manifest [K
pulling 96c415656d37:  90% ▕████████████████  ▏ 4.2 GB/4.7 GB   24 MB/s     19s[K[?25h[?2026l[?2026h[?25l[A[1Gpulling manifest [K
pulling 96c415656d37:  90% ▕████████████████  ▏ 4.2 GB/4.7 GB   24 MB/s     19s[K[?25h[?2026l[?2026h[?25l[A[1Gpulling manifest [K
pulling 96c415656d37:  90% ▕████████████████  ▏ 4.2 GB/4.7 GB   24 MB/s     18s[K[?25h[?2026l[?2026h[?25l[A[1Gpulling manifest [K
pulling 96c415656d37:  90% ▕████████████████  ▏ 4.2 GB/4.7 GB   24 MB/s     18s[K[?25h[?2026l[?2026h[?25l[A[1Gpulling manifest [K
pulling 96c415656d37:  90% ▕████████████████  ▏ 4.2 GB/4.7 GB   24 MB/s     18s[K[?25h[?2026l[?2026h[?25l[A[1Gpulling manifest [K
pulling 96c415656d37:  90% ▕████████████████  ▏ 4.2 GB/4.7 GB   24 MB/s     18s[K[?25h[?2026l[?2026h[?25l[A[1Gpulling manifest [K
pulling 96c415656d37:  90% ▕████████████████  ▏ 4.2 GB/4.7 GB   24 MB/s     18s[K[?25h[?2026l[?2026h[?25l[A[1Gpulling manifest [K
pulling 96c415656d37:  90% ▕████████████████  ▏ 4.2 GB/4.7 GB   24 MB/s     18s[K[?25h[?2026l[?2026h[?25l[A[1Gpulling manifest [K
pulling 96c415656d37:  91% ▕████████████████  ▏ 4.2 GB/4.7 GB   24 MB/s     18s[K[?25h[?2026l[?2026h[?25l[A[1Gpulling manifest [K
pulling 96c415656d37:  91% ▕████████████████  ▏ 4.2 GB/4.7 GB   24 MB/s     18s[K[?25h[?2026l[?2026h[?25l[A[1Gpulling manifest [K
pulling 96c415656d37:  91% ▕████████████████  ▏ 4.2 GB/4.7 GB   24 MB/s     18s[K[?25h[?2026l[?2026h[?25l[A[1Gpulling manifest [K
pulling 96c415656d37:  91% ▕████████████████  ▏ 4.2 GB/4.7 GB   24 MB/s     18s[K[?25h[?2026l[?2026h[?25l[A[1Gpulling manifest [K
pulling 96c415656d37:  91% ▕████████████████  ▏ 4.2 GB/4.7 GB   24 MB/s     17s[K[?25h[?2026l[?2026h[?25l[A[1Gpulling manifest [K
pulling 96c415656d37:  91% ▕████████████████  ▏ 4.3 GB/4.7 GB   24 MB/s     17s[K[?25h[?2026l[?2026h[?25l[A[1Gpulling manifest [K
pulling 96c415656d37:  91% ▕████████████████  ▏ 4.3 GB/4.7 GB   24 MB/s     17s[K[?25h[?2026l[?2026h[?25l[A[1Gpulling manifest [K
pulling 96c415656d37:  91% ▕████████████████  ▏ 4.3 GB/4.7 GB   24 MB/s     17s[K[?25h[?2026l[?2026h[?25l[A[1Gpulling manifest [K
pulling 96c415656d37:  91% ▕████████████████  ▏ 4.3 GB/4.7 GB   24 MB/s     17s[K[?25h[?2026l[?2026h[?25l[A[1Gpulling manifest [K
pulling 96c415656d37:  91% ▕████████████████  ▏ 4.3 GB/4.7 GB   24 MB/s     17s[K[?25h[?2026l[?2026h[?25l[A[1Gpulling manifest [K
pulling 96c415656d37:  91% ▕████████████████  ▏ 4.3 GB/4.7 GB   24 MB/s     17s[K[?25h[?2026l[?2026h[?25l[A[1Gpulling manifest [K
pulling 96c415656d37:  91% ▕████████████████  ▏ 4.3 GB/4.7 GB   24 MB/s     17s[K[?25h[?2026l[?2026h[?25l[A[1Gpulling manifest [K
pulling 96c415656d37:  91% ▕████████████████  ▏ 4.3 GB/4.7 GB   24 MB/s     17s[K[?25h[?2026l[?2026h[?25l[A[1Gpulling manifest [K
pulling 96c415656d37:  91% ▕████████████████  ▏ 4.3 GB/4.7 GB   24 MB/s     17s[K[?25h[?2026l[?2026h[?25l[A[1Gpulling manifest [K
pulling 96c415656d37:  91% ▕████████████████  ▏ 4.3 GB/4.7 GB   24 MB/s     17s[K[?25h[?2026l[?2026h[?25l[A[1Gpulling manifest [K
pulling 96c415656d37:  91% ▕████████████████  ▏ 4.3 GB/4.7 GB   24 MB/s     16s[K[?25h[?2026l[?2026h[?25l[A[1Gpulling manifest [K
pulling 96c415656d37:  91% ▕████████████████  ▏ 4.3 GB/4.7 GB   24 MB/s     16s[K[?25h[?2026l[?2026h[?25l[A[1Gpulling manifest [K
pulling 96c415656d37:  91% ▕████████████████  ▏ 4.3 GB/4.7 GB   24 MB/s     16s[K[?25h[?2026l[?2026h[?25l[A[1Gpulling manifest [K
pulling 96c415656d37:  91% ▕████████████████  ▏ 4.3 GB/4.7 GB   22 MB/s     17s[K[?25h[?2026l[?2026h[?25l[A[1Gpulling manifest [K
pulling 96c415656d37:  91% ▕████████████████  ▏ 4.3 GB/4.7 GB   22 MB/s     17s[K[?25h[?2026l[?2026h[?25l[A[1Gpulling manifest [K
pulling 96c415656d37:  91% ▕████████████████  ▏ 4.3 GB/4.7 GB   22 MB/s     17s[K[?25h[?2026l[?2026h[?25l[A[1Gpulling manifest [K
pulling 96c415656d37:  91% ▕████████████████  ▏ 4.3 GB/4.7 GB   22 MB/s     17s[K[?25h[?2026l[?2026h[?25l[A[1Gpulling manifest [K
pulling 96c415656d37:  91% ▕████████████████  ▏ 4.3 GB/4.7 GB   22 MB/s     17s[K[?25h[?2026l[?2026h[?25l[A[1Gpulling manifest [K
pulling 96c415656d37:  91% ▕████████████████  ▏ 4.3 GB/4.7 GB   22 MB/s     17s[K[?25h[?2026l[?2026h[?25l[A[1Gpulling manifest [K
pulling 96c415656d37:  91% ▕████████████████  ▏ 4.3 GB/4.7 GB   22 MB/s     17s[K[?25h[?2026l[?2026h[?25l[A[1Gpulling manifest [K
pulling 96c415656d37:  92% ▕████████████████  ▏ 4.3 GB/4.7 GB   22 MB/s     17s[K[?25h[?2026l[?2026h[?25l[A[1Gpulling manifest [K
pulling 96c415656d37:  92% ▕████████████████  ▏ 4.3 GB/4.7 GB   22 MB/s     17s[K[?25h[?2026l[?2026h[?25l[A[1Gpulling manifest [K
pulling 96c415656d37:  92% ▕████████████████  ▏ 4.3 GB/4.7 GB   22 MB/s     17s[K[?25h[?2026l[?2026h[?25l[A[1Gpulling manifest [K
pulling 96c415656d37:  92% ▕████████████████  ▏ 4.3 GB/4.7 GB   22 MB/s     17s[K[?25h[?2026l[?2026h[?25l[A[1Gpulling manifest [K
pulling 96c415656d37:  92% ▕████████████████  ▏ 4.3 GB/4.7 GB   22 MB/s     16s[K[?25h[?2026l[?2026h[?25l[A[1Gpulling manifest [K
pulling 96c415656d37:  92% ▕████████████████  ▏ 4.3 GB/4.7 GB   22 MB/s     16s[K[?25h[?2026l[?2026h[?25l[A[1Gpulling manifest [K
pulling 96c415656d37:  92% ▕████████████████  ▏ 4.3 GB/4.7 GB   22 MB/s     16s[K[?25h[?2026l[?2026h[?25l[A[1Gpulling manifest [K
pulling 96c415656d37:  92% ▕████████████████  ▏ 4.3 GB/4.7 GB   22 MB/s     16s[K[?25h[?2026l[?2026h[?25l[A[1Gpulling manifest [K
pulling 96c415656d37:  92% ▕████████████████  ▏ 4.3 GB/4.7 GB   22 MB/s     16s[K[?25h[?2026l[?2026h[?25l[A[1Gpulling manifest [K
pulling 96c415656d37:  92% ▕████████████████  ▏ 4.3 GB/4.7 GB   22 MB/s     16s[K[?25h[?2026l[?2026h[?25l[A[1Gpulling manifest [K
pulling 96c415656d37:  92% ▕████████████████  ▏ 4.3 GB/4.7 GB   22 MB/s     16s[K[?25h[?2026l[?2026h[?25l[A[1Gpulling manifest [K
pulling 96c415656d37:  92% ▕████████████████  ▏ 4.3 GB/4.7 GB   22 MB/s     16s[K[?25h[?2026l[?2026h[?25l[A[1Gpulling manifest [K
pulling 96c415656d37:  92% ▕████████████████  ▏ 4.3 GB/4.7 GB   22 MB/s     16s[K[?25h[?2026l[?2026h[?25l[A[1Gpulling manifest [K
pulling 96c415656d37:  92% ▕████████████████  ▏ 4.3 GB/4.7 GB   22 MB/s     16s[K[?25h[?2026l[?2026h[?25l[A[1Gpulling manifest [K
pulling 96c415656d37:  92% ▕████████████████  ▏ 4.3 GB/4.7 GB   22 MB/s     16s[K[?25h[?2026l[?2026h[?25l[A[1Gpulling manifest [K
pulling 96c415656d37:  92% ▕████████████████  ▏ 4.3 GB/4.7 GB   22 MB/s     16s[K[?25h[?2026l[?2026h[?25l[A[1Gpulling manifest [K
pulling 96c415656d37:  92% ▕████████████████  ▏ 4.3 GB/4.7 GB   22 MB/s     16s[K[?25h[?2026l[?2026h[?25l[A[1Gpulling manifest [K
pulling 96c415656d37:  92% ▕████████████████  ▏ 4.3 GB/4.7 GB   22 MB/s     16s[K[?25h[?2026l[?2026h[?25l[A[1Gpulling manifest [K
pulling 96c415656d37:  92% ▕████████████████  ▏ 4.3 GB/4.7 GB   22 MB/s     16s[K[?25h[?2026l[?2026h[?25l[A[1Gpulling manifest [K
pulling 96c415656d37:  92% ▕████████████████  ▏ 4.3 GB/4.7 GB   22 MB/s     16s[K[?25h[?2026l[?2026h[?25l[A[1Gpulling manifest [K
pulling 96c415656d37:  92% ▕████████████████  ▏ 4.3 GB/4.7 GB   22 MB/s     16s[K[?25h[?2026l[?2026h[?25l[A[1Gpulling manifest [K
pulling 96c415656d37:  92% ▕████████████████  ▏ 4.3 GB/4.7 GB   22 MB/s     16s[K[?25h[?2026l[?2026h[?25l[A[1Gpulling manifest [K
pulling 96c415656d37:  92% ▕████████████████  ▏ 4.3 GB/4.7 GB   22 MB/s     15s[K[?25h[?2026l[?2026h[?25l[A[1Gpulling manifest [K
pulling 96c415656d37:  92% ▕████████████████  ▏ 4.3 GB/4.7 GB   21 MB/s     16s[K[?25h[?2026l[?2026h[?25l[A[1Gpulling manifest [K
pulling 96c415656d37:  92% ▕████████████████  ▏ 4.3 GB/4.7 GB   21 MB/s     16s[K[?25h[?2026l[?2026h[?25l[A[1Gpulling manifest [K
pulling 96c415656d37:  93% ▕████████████████  ▏ 4.3 GB/4.7 GB   21 MB/s     16s[K[?25h[?2026l[?2026h[?25l[A[1Gpulling manifest [K
pulling 96c415656d37:  93% ▕████████████████  ▏ 4.3 GB/4.7 GB   21 MB/s     16s[K[?25h[?2026l[?2026h[?25l[A[1Gpulling manifest [K
pulling 96c415656d37:  93% ▕████████████████  ▏ 4.3 GB/4.7 GB   21 MB/s     16s[K[?25h[?2026l[?2026h[?25l[A[1Gpulling manifest [K
pulling 96c415656d37:  93% ▕████████████████  ▏ 4.3 GB/4.7 GB   21 MB/s     16s[K[?25h[?2026l[?2026h[?25l[A[1Gpulling manifest [K
pulling 96c415656d37:  93% ▕████████████████  ▏ 4.3 GB/4.7 GB   21 MB/s     16s[K[?25h[?2026l[?2026h[?25l[A[1Gpulling manifest [K
pulling 96c415656d37:  93% ▕████████████████  ▏ 4.3 GB/4.7 GB   21 MB/s     16s[K[?25h[?2026l[?2026h[?25l[A[1Gpulling manifest [K
pulling 96c415656d37:  93% ▕████████████████  ▏ 4.3 GB/4.7 GB   21 MB/s     16s[K[?25h[?2026l[?2026h[?25l[A[1Gpulling manifest [K
pulling 96c415656d37:  93% ▕████████████████  ▏ 4.3 GB/4.7 GB   21 MB/s     16s[K[?25h[?2026l[?2026h[?25l[A[1Gpulling manifest [K
pulling 96c415656d37:  93% ▕████████████████  ▏ 4.3 GB/4.7 GB   20 MB/s     17s[K[?25h[?2026l[?2026h[?25l[A[1Gpulling manifest [K
pulling 96c415656d37:  93% ▕████████████████  ▏ 4.3 GB/4.7 GB   20 MB/s     16s[K[?25h[?2026l[?2026h[?25l[A[1Gpulling manifest [K
pulling 96c415656d37:  93% ▕████████████████  ▏ 4.3 GB/4.7 GB   20 MB/s     16s[K[?25h[?2026l[?2026h[?25l[A[1Gpulling manifest [K
pulling 96c415656d37:  93% ▕████████████████  ▏ 4.3 GB/4.7 GB   20 MB/s     16s[K[?25h[?2026l[?2026h[?25l[A[1Gpulling manifest [K
pulling 96c415656d37:  93% ▕████████████████  ▏ 4.4 GB/4.7 GB   20 MB/s     16s[K[?25h[?2026l[?2026h[?25l[A[1Gpulling manifest [K
pulling 96c415656d37:  93% ▕████████████████  ▏ 4.4 GB/4.7 GB   20 MB/s     16s[K[?25h[?2026l[?2026h[?25l[A[1Gpulling manifest [K
pulling 96c415656d37:  93% ▕████████████████  ▏ 4.4 GB/4.7 GB   20 MB/s     16s[K[?25h[?2026l[?2026h[?25l[A[1Gpulling manifest [K
pulling 96c415656d37:  93% ▕████████████████  ▏ 4.4 GB/4.7 GB   20 MB/s     16s[K[?25h[?2026l[?2026h[?25l[A[1Gpulling manifest [K
pulling 96c415656d37:  93% ▕████████████████  ▏ 4.4 GB/4.7 GB   20 MB/s     16s[K[?25h[?2026l[?2026h[?25l[A[1Gpulling manifest [K
pulling 96c415656d37:  93% ▕████████████████  ▏ 4.4 GB/4.7 GB   20 MB/s     16s[K[?25h[?2026l[?2026h[?25l[A[1Gpulling manifest [K
pulling 96c415656d37:  93% ▕████████████████  ▏ 4.4 GB/4.7 GB   20 MB/s     15s[K[?25h[?2026l[?2026h[?25l[A[1Gpulling manifest [K
pulling 96c415656d37:  93% ▕████████████████  ▏ 4.4 GB/4.7 GB   19 MB/s     15s[K[?25h[?2026l[?2026h[?25l[A[1Gpulling manifest [K
pulling 96c415656d37:  93% ▕████████████████  ▏ 4.4 GB/4.7 GB   19 MB/s     15s[K[?25h[?2026l[?2026h[?25l[A[1Gpulling manifest [K
pulling 96c415656d37:  93% ▕████████████████  ▏ 4.4 GB/4.7 GB   19 MB/s     15s[K[?25h[?2026l[?2026h[?25l[A[1Gpulling manifest [K
pulling 96c415656d37:  93% ▕████████████████  ▏ 4.4 GB/4.7 GB   19 MB/s     15s[K[?25h[?2026l[?2026h[?25l[A[1Gpulling manifest [K
pulling 96c415656d37:  93% ▕████████████████  ▏ 4.4 GB/4.7 GB   19 MB/s     15s[K[?25h[?2026l[?2026h[?25l[A[1Gpulling manifest [K
pulling 96c415656d37:  94% ▕████████████████  ▏ 4.4 GB/4.7 GB   19 MB/s     15s[K[?25h[?2026l[?2026h[?25l[A[1Gpulling manifest [K
pulling 96c415656d37:  94% ▕████████████████  ▏ 4.4 GB/4.7 GB   19 MB/s     15s[K[?25h[?2026l[?2026h[?25l[A[1Gpulling manifest [K
pulling 96c415656d37:  94% ▕████████████████  ▏ 4.4 GB/4.7 GB   19 MB/s     15s[K[?25h[?2026l[?2026h[?25l[A[1Gpulling manifest [K
pulling 96c415656d37:  94% ▕████████████████  ▏ 4.4 GB/4.7 GB   19 MB/s     15s[K[?25h[?2026l[?2026h[?25l[A[1Gpulling manifest [K
pulling 96c415656d37:  94% ▕████████████████  ▏ 4.4 GB/4.7 GB   19 MB/s     14s[K[?25h[?2026l[?2026h[?25l[A[1Gpulling manifest [K
pulling 96c415656d37:  94% ▕████████████████  ▏ 4.4 GB/4.7 GB   20 MB/s     14s[K[?25h[?2026l[?2026h[?25l[A[1Gpulling manifest [K
pulling 96c415656d37:  94% ▕████████████████  ▏ 4.4 GB/4.7 GB   20 MB/s     14s[K[?25h[?2026l[?2026h[?25l[A[1Gpulling manifest [K
pulling 96c415656d37:  94% ▕████████████████  ▏ 4.4 GB/4.7 GB   20 MB/s     13s[K[?25h[?2026l[?2026h[?25l[A[1Gpulling manifest [K
pulling 96c415656d37:  94% ▕████████████████  ▏ 4.4 GB/4.7 GB   20 MB/s     13s[K[?25h[?2026l[?2026h[?25l[A[1Gpulling manifest [K
pulling 96c415656d37:  94% ▕████████████████  ▏ 4.4 GB/4.7 GB   20 MB/s     13s[K[?25h[?2026l[?2026h[?25l[A[1Gpulling manifest [K
pulling 96c415656d37:  94% ▕████████████████  ▏ 4.4 GB/4.7 GB   20 MB/s     13s[K[?25h[?2026l[?2026h[?25l[A[1Gpulling manifest [K
pulling 96c415656d37:  94% ▕████████████████  ▏ 4.4 GB/4.7 GB   20 MB/s     13s[K[?25h[?2026l[?2026h[?25l[A[1Gpulling manifest [K
pulling 96c415656d37:  94% ▕████████████████  ▏ 4.4 GB/4.7 GB   20 MB/s     13s[K[?25h[?2026l[?2026h[?25l[A[1Gpulling manifest [K
pulling 96c415656d37:  94% ▕████████████████  ▏ 4.4 GB/4.7 GB   20 MB/s     13s[K[?25h[?2026l[?2026h[?25l[A[1Gpulling manifest [K
pulling 96c415656d37:  94% ▕████████████████  ▏ 4.4 GB/4.7 GB   20 MB/s     13s[K[?25h[?2026l[?2026h[?25l[A[1Gpulling manifest [K
pulling 96c415656d37:  94% ▕████████████████  ▏ 4.4 GB/4.7 GB   20 MB/s     12s[K[?25h[?2026l[?2026h[?25l[A[1Gpulling manifest [K
pulling 96c415656d37:  94% ▕████████████████  ▏ 4.4 GB/4.7 GB   20 MB/s     12s[K[?25h[?2026l[?2026h[?25l[A[1Gpulling manifest [K
pulling 96c415656d37:  94% ▕█████████████████ ▏ 4.4 GB/4.7 GB   20 MB/s     12s[K[?25h[?2026l[?2026h[?25l[A[1Gpulling manifest [K
pulling 96c415656d37:  94% ▕█████████████████ ▏ 4.4 GB/4.7 GB   20 MB/s     12s[K[?25h[?2026l[?2026h[?25l[A[1Gpulling manifest [K
pulling 96c415656d37:  95% ▕█████████████████ ▏ 4.4 GB/4.7 GB   20 MB/s     12s[K[?25h[?2026l[?2026h[?25l[A[1Gpulling manifest [K
pulling 96c415656d37:  95% ▕█████████████████ ▏ 4.4 GB/4.7 GB   20 MB/s     12s[K[?25h[?2026l[?2026h[?25l[A[1Gpulling manifest [K
pulling 96c415656d37:  95% ▕█████████████████ ▏ 4.4 GB/4.7 GB   20 MB/s     12s[K[?25h[?2026l[?2026h[?25l[A[1Gpulling manifest [K
pulling 96c415656d37:  95% ▕█████████████████ ▏ 4.4 GB/4.7 GB   20 MB/s     11s[K[?25h[?2026l[?2026h[?25l[A[1Gpulling manifest [K
pulling 96c415656d37:  95% ▕█████████████████ ▏ 4.4 GB/4.7 GB   20 MB/s     11s[K[?25h[?2026l[?2026h[?25l[A[1Gpulling manifest [K
pulling 96c415656d37:  95% ▕█████████████████ ▏ 4.4 GB/4.7 GB   20 MB/s     11s[K[?25h[?2026l[?2026h[?25l[A[1Gpulling manifest [K
pulling 96c415656d37:  95% ▕█████████████████ ▏ 4.4 GB/4.7 GB   21 MB/s     11s[K[?25h[?2026l[?2026h[?25l[A[1Gpulling manifest [K
pulling 96c415656d37:  95% ▕█████████████████ ▏ 4.4 GB/4.7 GB   21 MB/s     11s[K[?25h[?2026l[?2026h[?25l[A[1Gpulling manifest [K
pulling 96c415656d37:  95% ▕█████████████████ ▏ 4.4 GB/4.7 GB   21 MB/s     11s[K[?25h[?2026l[?2026h[?25l[A[1Gpulling manifest [K
pulling 96c415656d37:  95% ▕█████████████████ ▏ 4.5 GB/4.7 GB   21 MB/s     11s[K[?25h[?2026l[?2026h[?25l[A[1Gpulling manifest [K
pulling 96c415656d37:  95% ▕█████████████████ ▏ 4.5 GB/4.7 GB   21 MB/s     10s[K[?25h[?2026l[?2026h[?25l[A[1Gpulling manifest [K
pulling 96c415656d37:  95% ▕█████████████████ ▏ 4.5 GB/4.7 GB   21 MB/s     10s[K[?25h[?2026l[?2026h[?25l[A[1Gpulling manifest [K
pulling 96c415656d37:  95% ▕█████████████████ ▏ 4.5 GB/4.7 GB   21 MB/s     10s[K[?25h[?2026l[?2026h[?25l[A[1Gpulling manifest [K
pulling 96c415656d37:  95% ▕█████████████████ ▏ 4.5 GB/4.7 GB   21 MB/s     10s[K[?25h[?2026l[?2026h[?25l[A[1Gpulling manifest [K
pulling 96c415656d37:  95% ▕█████████████████ ▏ 4.5 GB/4.7 GB   21 MB/s     10s[K[?25h[?2026l[?2026h[?25l[A[1Gpulling manifest [K
pulling 96c415656d37:  95% ▕█████████████████ ▏ 4.5 GB/4.7 GB   21 MB/s     10s[K[?25h[?2026l[?2026h[?25l[A[1Gpulling manifest [K
pulling 96c415656d37:  96% ▕█████████████████ ▏ 4.5 GB/4.7 GB   22 MB/s      9s[K[?25h[?2026l[?2026h[?25l[A[1Gpulling manifest [K
pulling 96c415656d37:  96% ▕█████████████████ ▏ 4.5 GB/4.7 GB   22 MB/s      9s[K[?25h[?2026l[?2026h[?25l[A[1Gpulling manifest [K
pulling 96c415656d37:  96% ▕█████████████████ ▏ 4.5 GB/4.7 GB   22 MB/s      9s[K[?25h[?2026l[?2026h[?25l[A[1Gpulling manifest [K
pulling 96c415656d37:  96% ▕█████████████████ ▏ 4.5 GB/4.7 GB   22 MB/s      9s[K[?25h[?2026l[?2026h[?25l[A[1Gpulling manifest [K
pulling 96c415656d37:  96% ▕█████████████████ ▏ 4.5 GB/4.7 GB   22 MB/s      9s[K[?25h[?2026l[?2026h[?25l[A[1Gpulling manifest [K
pulling 96c415656d37:  96% ▕█████████████████ ▏ 4.5 GB/4.7 GB   22 MB/s      9s[K[?25h[?2026l[?2026h[?25l[A[1Gpulling manifest [K
pulling 96c415656d37:  96% ▕█████████████████ ▏ 4.5 GB/4.7 GB   22 MB/s      8s[K[?25h[?2026l[?2026h[?25l[A[1Gpulling manifest [K
pulling 96c415656d37:  96% ▕█████████████████ ▏ 4.5 GB/4.7 GB   22 MB/s      8s[K[?25h[?2026l[?2026h[?25l[A[1Gpulling manifest [K
pulling 96c415656d37:  96% ▕█████████████████ ▏ 4.5 GB/4.7 GB   22 MB/s      8s[K[?25h[?2026l[?2026h[?25l[A[1Gpulling manifest [K
pulling 96c415656d37:  96% ▕█████████████████ ▏ 4.5 GB/4.7 GB   22 MB/s      8s[K[?25h[?2026l[?2026h[?25l[A[1Gpulling manifest [K
pulling 96c415656d37:  96% ▕█████████████████ ▏ 4.5 GB/4.7 GB   22 MB/s      8s[K[?25h[?2026l[?2026h[?25l[A[1Gpulling manifest [K
pulling 96c415656d37:  96% ▕█████████████████ ▏ 4.5 GB/4.7 GB   22 MB/s      7s[K[?25h[?2026l[?2026h[?25l[A[1Gpulling manifest [K
pulling 96c415656d37:  96% ▕█████████████████ ▏ 4.5 GB/4.7 GB   22 MB/s      7s[K[?25h[?2026l[?2026h[?25l[A[1Gpulling manifest [K
pulling 96c415656d37:  96% ▕█████████████████ ▏ 4.5 GB/4.7 GB   22 MB/s      7s[K[?25h[?2026l[?2026h[?25l[A[1Gpulling manifest [K
pulling 96c415656d37:  96% ▕█████████████████ ▏ 4.5 GB/4.7 GB   22 MB/s      7s[K[?25h[?2026l[?2026h[?25l[A[1Gpulling manifest [K
pulling 96c415656d37:  96% ▕█████████████████ ▏ 4.5 GB/4.7 GB   22 MB/s      7s[K[?25h[?2026l[?2026h[?25l[A[1Gpulling manifest [K
pulling 96c415656d37:  96% ▕█████████████████ ▏ 4.5 GB/4.7 GB   22 MB/s      7s[K[?25h[?2026l[?2026h[?25l[A[1Gpulling manifest [K
pulling 96c415656d37:  96% ▕█████████████████ ▏ 4.5 GB/4.7 GB   22 MB/s      7s[K[?25h[?2026l[?2026h[?25l[A[1Gpulling manifest [K
pulling 96c415656d37:  96% ▕█████████████████ ▏ 4.5 GB/4.7 GB   22 MB/s      7s[K[?25h[?2026l[?2026h[?25l[A[1Gpulling manifest [K
pulling 96c415656d37:  96% ▕█████████████████ ▏ 4.5 GB/4.7 GB   22 MB/s      7s[K[?25h[?2026l[?2026h[?25l[A[1Gpulling manifest [K
pulling 96c415656d37:  96% ▕█████████████████ ▏ 4.5 GB/4.7 GB   22 MB/s      7s[K[?25h[?2026l[?2026h[?25l[A[1Gpulling manifest [K
pulling 96c415656d37:  96% ▕█████████████████ ▏ 4.5 GB/4.7 GB   21 MB/s      8s[K[?25h[?2026l[?2026h[?25l[A[1Gpulling manifest [K
pulling 96c415656d37:  96% ▕█████████████████ ▏ 4.5 GB/4.7 GB   21 MB/s      8s[K[?25h[?2026l[?2026h[?25l[A[1Gpulling manifest [K
pulling 96c415656d37:  96% ▕█████████████████ ▏ 4.5 GB/4.7 GB   21 MB/s      8s[K[?25h[?2026l[?2026h[?25l[A[1Gpulling manifest [K
pulling 96c415656d37:  96% ▕█████████████████ ▏ 4.5 GB/4.7 GB   21 MB/s      8s[K[?25h[?2026l[?2026h[?25l[A[1Gpulling manifest [K
pulling 96c415656d37:  96% ▕█████████████████ ▏ 4.5 GB/4.7 GB   21 MB/s      8s[K[?25h[?2026l[?2026h[?25l[A[1Gpulling manifest [K
pulling 96c415656d37:  96% ▕█████████████████ ▏ 4.5 GB/4.7 GB   21 MB/s      8s[K[?25h[?2026l[?2026h[?25l[A[1Gpulling manifest [K
pulling 96c415656d37:  96% ▕█████████████████ ▏ 4.5 GB/4.7 GB   21 MB/s      8s[K[?25h[?2026l[?2026h[?25l[A[1Gpulling manifest [K
pulling 96c415656d37:  96% ▕█████████████████ ▏ 4.5 GB/4.7 GB   21 MB/s      8s[K[?25h[?2026l[?2026h[?25l[A[1Gpulling manifest [K
pulling 96c415656d37:  96% ▕█████████████████ ▏ 4.5 GB/4.7 GB   21 MB/s      8s[K[?25h[?2026l[?2026h[?25l[A[1Gpulling manifest [K
pulling 96c415656d37:  96% ▕█████████████████ ▏ 4.5 GB/4.7 GB   21 MB/s      8s[K[?25h[?2026l[?2026h[?25l[A[1Gpulling manifest [K
pulling 96c415656d37:  96% ▕█████████████████ ▏ 4.5 GB/4.7 GB   19 MB/s      8s[K[?25h[?2026l[?2026h[?25l[A[1Gpulling manifest [K
pulling 96c415656d37:  96% ▕█████████████████ ▏ 4.5 GB/4.7 GB   19 MB/s      8s[K[?25h[?2026l[?2026h[?25l[A[1Gpulling manifest [K
pulling 96c415656d37:  96% ▕█████████████████ ▏ 4.5 GB/4.7 GB   19 MB/s      8s[K[?25h[?2026l[?2026h[?25l[A[1Gpulling manifest [K
pulling 96c415656d37:  96% ▕█████████████████ ▏ 4.5 GB/4.7 GB   19 MB/s      8s[K[?25h[?2026l[?2026h[?25l[A[1Gpulling manifest [K
pulling 96c415656d37:  96% ▕█████████████████ ▏ 4.5 GB/4.7 GB   19 MB/s      8s[K[?25h[?2026l[?2026h[?25l[A[1Gpulling manifest [K
pulling 96c415656d37:  96% ▕█████████████████ ▏ 4.5 GB/4.7 GB   19 MB/s      8s[K[?25h[?2026l[?2026h[?25l[A[1Gpulling manifest [K
pulling 96c415656d37:  96% ▕█████████████████ ▏ 4.5 GB/4.7 GB   19 MB/s      8s[K[?25h[?2026l[?2026h[?25l[A[1Gpulling manifest [K
pulling 96c415656d37:  96% ▕█████████████████ ▏ 4.5 GB/4.7 GB   19 MB/s      8s[K[?25h[?2026l[?2026h[?25l[A[1Gpulling manifest [K
pulling 96c415656d37:  96% ▕█████████████████ ▏ 4.5 GB/4.7 GB   19 MB/s      8s[K[?25h[?2026l[?2026h[?25l[A[1Gpulling manifest [K
pulling 96c415656d37:  96% ▕█████████████████ ▏ 4.5 GB/4.7 GB   19 MB/s      8s[K[?25h[?2026l[?2026h[?25l[A[1Gpulling manifest [K
pulling 96c415656d37:  96% ▕█████████████████ ▏ 4.5 GB/4.7 GB   18 MB/s      9s[K[?25h[?2026l[?2026h[?25l[A[1Gpulling manifest [K
pulling 96c415656d37:  96% ▕█████████████████ ▏ 4.5 GB/4.7 GB   18 MB/s      9s[K[?25h[?2026l[?2026h[?25l[A[1Gpulling manifest [K
pulling 96c415656d37:  96% ▕█████████████████ ▏ 4.5 GB/4.7 GB   18 MB/s      9s[K[?25h[?2026l[?2026h[?25l[A[1Gpulling manifest [K
pulling 96c415656d37:  96% ▕█████████████████ ▏ 4.5 GB/4.7 GB   18 MB/s      9s[K[?25h[?2026l[?2026h[?25l[A[1Gpulling manifest [K
pulling 96c415656d37:  96% ▕█████████████████ ▏ 4.5 GB/4.7 GB   18 MB/s      9s[K[?25h[?2026l[?2026h[?25l[A[1Gpulling manifest [K
pulling 96c415656d37:  96% ▕█████████████████ ▏ 4.5 GB/4.7 GB   18 MB/s      9s[K[?25h[?2026l[?2026h[?25l[A[1Gpulling manifest [K
pulling 96c415656d37:  96% ▕█████████████████ ▏ 4.5 GB/4.7 GB   18 MB/s      9s[K[?25h[?2026l[?2026h[?25l[A[1Gpulling manifest [K
pulling 96c415656d37:  96% ▕█████████████████ ▏ 4.5 GB/4.7 GB   18 MB/s      9s[K[?25h[?2026l[?2026h[?25l[A[1Gpulling manifest [K
pulling 96c415656d37:  96% ▕█████████████████ ▏ 4.5 GB/4.7 GB   18 MB/s      9s[K[?25h[?2026l[?2026h[?25l[A[1Gpulling manifest [K
pulling 96c415656d37:  96% ▕█████████████████ ▏ 4.5 GB/4.7 GB   18 MB/s      9s[K[?25h[?2026l[?2026h[?25l[A[1Gpulling manifest [K
pulling 96c415656d37:  96% ▕█████████████████ ▏ 4.5 GB/4.7 GB   15 MB/s     11s[K[?25h[?2026l[?2026h[?25l[A[1Gpulling manifest [K
pulling 96c415656d37:  96% ▕█████████████████ ▏ 4.5 GB/4.7 GB   15 MB/s     11s[K[?25h[?2026l[?2026h[?25l[A[1Gpulling manifest [K
pulling 96c415656d37:  96% ▕█████████████████ ▏ 4.5 GB/4.7 GB   15 MB/s     11s[K[?25h[?2026l[?2026h[?25l[A[1Gpulling manifest [K
pulling 96c415656d37:  96% ▕█████████████████ ▏ 4.5 GB/4.7 GB   15 MB/s     10s[K[?25h[?2026l[?2026h[?25l[A[1Gpulling manifest [K
pulling 96c415656d37:  96% ▕█████████████████ ▏ 4.5 GB/4.7 GB   15 MB/s     10s[K[?25h[?2026l[?2026h[?25l[A[1Gpulling manifest [K
pulling 96c415656d37:  96% ▕█████████████████ ▏ 4.5 GB/4.7 GB   15 MB/s     10s[K[?25h[?2026l[?2026h[?25l[A[1Gpulling manifest [K
pulling 96c415656d37:  96% ▕█████████████████ ▏ 4.5 GB/4.7 GB   15 MB/s     10s[K[?25h[?2026l[?2026h[?25l[A[1Gpulling manifest [K
pulling 96c415656d37:  96% ▕█████████████████ ▏ 4.5 GB/4.7 GB   15 MB/s     10s[K[?25h[?2026l[?2026h[?25l[A[1Gpulling manifest [K
pulling 96c415656d37:  96% ▕█████████████████ ▏ 4.5 GB/4.7 GB   15 MB/s     10s[K[?25h[?2026l[?2026h[?25l[A[1Gpulling manifest [K
pulling 96c415656d37:  96% ▕█████████████████ ▏ 4.5 GB/4.7 GB   15 MB/s     10s[K[?25h[?2026l[?2026h[?25l[A[1Gpulling manifest [K
pulling 96c415656d37:  96% ▕█████████████████ ▏ 4.5 GB/4.7 GB   15 MB/s     10s[K[?25h[?2026l[?2026h[?25l[A[1Gpulling manifest [K
pulling 96c415656d37:  96% ▕█████████████████ ▏ 4.5 GB/4.7 GB   13 MB/s     13s[K[?25h[?2026l[?2026h[?25l[A[1Gpulling manifest [K
pulling 96c415656d37:  96% ▕█████████████████ ▏ 4.5 GB/4.7 GB   13 MB/s     13s[K[?25h[?2026l[?2026h[?25l[A[1Gpulling manifest [K
pulling 96c415656d37:  96% ▕█████████████████ ▏ 4.5 GB/4.7 GB   13 MB/s     13s[K[?25h[?2026l[?2026h[?25l[A[1Gpulling manifest [K
pulling 96c415656d37:  96% ▕█████████████████ ▏ 4.5 GB/4.7 GB   13 MB/s     13s[K[?25h[?2026l[?2026h[?25l[A[1Gpulling manifest [K
pulling 96c415656d37:  96% ▕█████████████████ ▏ 4.5 GB/4.7 GB   13 MB/s     13s[K[?25h[?2026l[?2026h[?25l[A[1Gpulling manifest [K
pulling 96c415656d37:  96% ▕█████████████████ ▏ 4.5 GB/4.7 GB   13 MB/s     13s[K[?25h[?2026l[?2026h[?25l[A[1Gpulling manifest [K
pulling 96c415656d37:  96% ▕█████████████████ ▏ 4.5 GB/4.7 GB   13 MB/s     13s[K[?25h[?2026l[?2026h[?25l[A[1Gpulling manifest [K
pulling 96c415656d37:  96% ▕█████████████████ ▏ 4.5 GB/4.7 GB   13 MB/s     13s[K[?25h[?2026l[?2026h[?25l[A[1Gpulling manifest [K
pulling 96c415656d37:  96% ▕█████████████████ ▏ 4.5 GB/4.7 GB   13 MB/s     13s[K[?25h[?2026l[?2026h[?25l[A[1Gpulling manifest [K
pulling 96c415656d37:  96% ▕█████████████████ ▏ 4.5 GB/4.7 GB   13 MB/s     13s[K[?25h[?2026l[?2026h[?25l[A[1Gpulling manifest [K
pulling 96c415656d37:  96% ▕█████████████████ ▏ 4.5 GB/4.7 GB   10 MB/s     16s[K[?25h[?2026l[?2026h[?25l[A[1Gpulling manifest [K
pulling 96c415656d37:  96% ▕█████████████████ ▏ 4.5 GB/4.7 GB   10 MB/s     16s[K[?25h[?2026l[?2026h[?25l[A[1Gpulling manifest [K
pulling 96c415656d37:  96% ▕█████████████████ ▏ 4.5 GB/4.7 GB   10 MB/s     16s[K[?25h[?2026l[?2026h[?25l[A[1Gpulling manifest [K
pulling 96c415656d37:  96% ▕█████████████████ ▏ 4.5 GB/4.7 GB   10 MB/s     16s[K[?25h[?2026l[?2026h[?25l[A[1Gpulling manifest [K
pulling 96c415656d37:  96% ▕█████████████████ ▏ 4.5 GB/4.7 GB   10 MB/s     16s[K[?25h[?2026l[?2026h[?25l[A[1Gpulling manifest [K
pulling 96c415656d37:  96% ▕█████████████████ ▏ 4.5 GB/4.7 GB   10 MB/s     16s[K[?25h[?2026l[?2026h[?25l[A[1Gpulling manifest [K
pulling 96c415656d37:  96% ▕█████████████████ ▏ 4.5 GB/4.7 GB   10 MB/s     16s[K[?25h[?2026l[?2026h[?25l[A[1Gpulling manifest [K
pulling 96c415656d37:  96% ▕█████████████████ ▏ 4.5 GB/4.7 GB   10 MB/s     16s[K[?25h[?2026l[?2026h[?25l[A[1Gpulling manifest [K
pulling 96c415656d37:  96% ▕█████████████████ ▏ 4.5 GB/4.7 GB   10 MB/s     16s[K[?25h[?2026l[?2026h[?25l[A[1Gpulling manifest [K
pulling 96c415656d37:  96% ▕█████████████████ ▏ 4.5 GB/4.7 GB   10 MB/s     16s[K[?25h[?2026l[?2026h[?25l[A[1Gpulling manifest [K
pulling 96c415656d37:  96% ▕█████████████████ ▏ 4.5 GB/4.7 GB  7.5 MB/s     22s[K[?25h[?2026l[?2026h[?25l[A[1Gpulling manifest [K
pulling 96c415656d37:  96% ▕█████████████████ ▏ 4.5 GB/4.7 GB  7.5 MB/s     22s[K[?25h[?2026l[?2026h[?25l[A[1Gpulling manifest [K
pulling 96c415656d37:  96% ▕█████████████████ ▏ 4.5 GB/4.7 GB  7.5 MB/s     22s[K[?25h[?2026l[?2026h[?25l[A[1Gpulling manifest [K
pulling 96c415656d37:  96% ▕█████████████████ ▏ 4.5 GB/4.7 GB  7.5 MB/s     22s[K[?25h[?2026l[?2026h[?25l[A[1Gpulling manifest [K
pulling 96c415656d37:  96% ▕█████████████████ ▏ 4.5 GB/4.7 GB  7.5 MB/s     22s[K[?25h[?2026l[?2026h[?25l[A[1Gpulling manifest [K
pulling 96c415656d37:  96% ▕█████████████████ ▏ 4.5 GB/4.7 GB  7.5 MB/s     22s[K[?25h[?2026l[?2026h[?25l[A[1Gpulling manifest [K
pulling 96c415656d37:  96% ▕█████████████████ ▏ 4.5 GB/4.7 GB  7.5 MB/s     22s[K[?25h[?2026l[?2026h[?25l[A[1Gpulling manifest [K
pulling 96c415656d37:  96% ▕█████████████████ ▏ 4.5 GB/4.7 GB  7.5 MB/s     22s[K[?25h[?2026l[?2026h[?25l[A[1Gpulling manifest [K
pulling 96c415656d37:  96% ▕█████████████████ ▏ 4.5 GB/4.7 GB  7.5 MB/s     22s[K[?25h[?2026l[?2026h[?25l[A[1Gpulling manifest [K
pulling 96c415656d37:  96% ▕█████████████████ ▏ 4.5 GB/4.7 GB  7.5 MB/s     22s[K[?25h[?2026l[?2026h[?25l[A[1Gpulling manifest [K
pulling 96c415656d37:  96% ▕█████████████████ ▏ 4.5 GB/4.7 GB  4.5 MB/s     37s[K[?25h[?2026l[?2026h[?25l[A[1Gpulling manifest [K
pulling 96c415656d37:  96% ▕█████████████████ ▏ 4.5 GB/4.7 GB  4.5 MB/s     37s[K[?25h[?2026l[?2026h[?25l[A[1Gpulling manifest [K
pulling 96c415656d37:  96% ▕█████████████████ ▏ 4.5 GB/4.7 GB  4.5 MB/s     37s[K[?25h[?2026l[?2026h[?25l[A[1Gpulling manifest [K
pulling 96c415656d37:  96% ▕█████████████████ ▏ 4.5 GB/4.7 GB  4.5 MB/s     37s[K[?25h[?2026l[?2026h[?25l[A[1Gpulling manifest [K
pulling 96c415656d37:  96% ▕█████████████████ ▏ 4.5 GB/4.7 GB  4.5 MB/s     37s[K[?25h[?2026l[?2026h[?25l[A[1Gpulling manifest [K
pulling 96c415656d37:  96% ▕█████████████████ ▏ 4.5 GB/4.7 GB  4.5 MB/s     37s[K[?25h[?2026l[?2026h[?25l[A[1Gpulling manifest [K
pulling 96c415656d37:  96% ▕█████████████████ ▏ 4.5 GB/4.7 GB  4.5 MB/s     37s[K[?25h[?2026l[?2026h[?25l[A[1Gpulling manifest [K
pulling 96c415656d37:  96% ▕█████████████████ ▏ 4.5 GB/4.7 GB  4.5 MB/s     37s[K[?25h[?2026l[?2026h[?25l[A[1Gpulling manifest [K
pulling 96c415656d37:  96% ▕█████████████████ ▏ 4.5 GB/4.7 GB  4.5 MB/s     37s[K[?25h[?2026l[?2026h[?25l[A[1Gpulling manifest [K
pulling 96c415656d37:  96% ▕█████████████████ ▏ 4.5 GB/4.7 GB  4.5 MB/s     37s[K[?25h[?2026l[?2026h[?25l[A[1Gpulling manifest [K
pulling 96c415656d37:  96% ▕█████████████████ ▏ 4.5 GB/4.7 GB  2.4 MB/s   1m11s[K[?25h[?2026l[?2026h[?25l[A[1Gpulling manifest [K
pulling 96c415656d37:  96% ▕█████████████████ ▏ 4.5 GB/4.7 GB  2.4 MB/s   1m11s[K[?25h[?2026l[?2026h[?25l[A[1Gpulling manifest [K
pulling 96c415656d37:  96% ▕█████████████████ ▏ 4.5 GB/4.7 GB  2.4 MB/s   1m11s[K[?25h[?2026l[?2026h[?25l[A[1Gpulling manifest [K
pulling 96c415656d37:  96% ▕█████████████████ ▏ 4.5 GB/4.7 GB  2.4 MB/s   1m11s[K[?25h[?2026l[?2026h[?25l[A[1Gpulling manifest [K
pulling 96c415656d37:  96% ▕█████████████████ ▏ 4.5 GB/4.7 GB  2.4 MB/s   1m11s[K[?25h[?2026l[?2026h[?25l[A[1Gpulling manifest [K
pulling 96c415656d37:  96% ▕█████████████████ ▏ 4.5 GB/4.7 GB  2.4 MB/s   1m11s[K[?25h[?2026l[?2026h[?25l[A[1Gpulling manifest [K
pulling 96c415656d37:  96% ▕█████████████████ ▏ 4.5 GB/4.7 GB  2.4 MB/s   1m11s[K[?25h[?2026l[?2026h[?25l[A[1Gpulling manifest [K
pulling 96c415656d37:  96% ▕█████████████████ ▏ 4.5 GB/4.7 GB  2.4 MB/s   1m11s[K[?25h[?2026l[?2026h[?25l[A[1Gpulling manifest [K
pulling 96c415656d37:  96% ▕█████████████████ ▏ 4.5 GB/4.7 GB  2.4 MB/s   1m11s[K[?25h[?2026l[?2026h[?25l[A[1Gpulling manifest [K
pulling 96c415656d37:  96% ▕█████████████████ ▏ 4.5 GB/4.7 GB  2.4 MB/s   1m11s[K[?25h[?2026l[?2026h[?25l[A[1Gpulling manifest [K
pulling 96c415656d37:  96% ▕█████████████████ ▏ 4.5 GB/4.7 GB  2.4 MB/s   1m11s[K[?25h[?2026l[?2026h[?25l[A[1Gpulling manifest [K
pulling 96c415656d37:  96% ▕█████████████████ ▏ 4.5 GB/4.7 GB  1.1 MB/s   2m29s[K[?25h[?2026l[?2026h[?25l[A[1Gpulling manifest [K
pulling 96c415656d37:  96% ▕█████████████████ ▏ 4.5 GB/4.7 GB  1.1 MB/s   2m29s[K[?25h[?2026l[?2026h[?25l[A[1Gpulling manifest [K
pulling 96c415656d37:  96% ▕█████████████████ ▏ 4.5 GB/4.7 GB  1.1 MB/s   2m29s[K[?25h[?2026l[?2026h[?25l[A[1Gpulling manifest [K
pulling 96c415656d37:  96% ▕█████████████████ ▏ 4.5 GB/4.7 GB  1.1 MB/s   2m29s[K[?25h[?2026l[?2026h[?25l[A[1Gpulling manifest [K
pulling 96c415656d37:  96% ▕█████████████████ ▏ 4.5 GB/4.7 GB  1.1 MB/s   2m29s[K[?25h[?2026l[?2026h[?25l[A[1Gpulling manifest [K
pulling 96c415656d37:  96% ▕█████████████████ ▏ 4.5 GB/4.7 GB  1.1 MB/s   2m29s[K[?25h[?2026l[?2026h[?25l[A[1Gpulling manifest [K
pulling 96c415656d37:  96% ▕█████████████████ ▏ 4.5 GB/4.7 GB  1.1 MB/s   2m29s[K[?25h[?2026l[?2026h[?25l[A[1Gpulling manifest [K
pulling 96c415656d37:  96% ▕█████████████████ ▏ 4.5 GB/4.7 GB  1.1 MB/s   2m29s[K[?25h[?2026l[?2026h[?25l[A[1Gpulling manifest [K
pulling 96c415656d37:  96% ▕█████████████████ ▏ 4.5 GB/4.7 GB  1.1 MB/s   2m29s[K[?25h[?2026l[?2026h[?25l[A[1Gpulling manifest [K
pulling 96c415656d37:  96% ▕█████████████████ ▏ 4.5 GB/4.7 GB  1.1 MB/s   2m28s[K[?25h[?2026l[?2026h[?25l[A[1Gpulling manifest [K
pulling 96c415656d37:  96% ▕█████████████████ ▏ 4.5 GB/4.7 GB  1.2 MB/s   2m18s[K[?25h[?2026l[?2026h[?25l[A[1Gpulling manifest [K
pulling 96c415656d37:  96% ▕█████████████████ ▏ 4.5 GB/4.7 GB  1.2 MB/s   2m17s[K[?25h[?2026l[?2026h[?25l[A[1Gpulling manifest [K
pulling 96c415656d37:  96% ▕█████████████████ ▏ 4.5 GB/4.7 GB  1.2 MB/s   2m17s[K[?25h[?2026l[?2026h[?25l[A[1Gpulling manifest [K
pulling 96c415656d37:  96% ▕█████████████████ ▏ 4.5 GB/4.7 GB  1.2 MB/s   2m17s[K[?25h[?2026l[?2026h[?25l[A[1Gpulling manifest [K
pulling 96c415656d37:  96% ▕█████████████████ ▏ 4.5 GB/4.7 GB  1.2 MB/s   2m17s[K[?25h[?2026l[?2026h[?25l[A[1Gpulling manifest [K
pulling 96c415656d37:  96% ▕█████████████████ ▏ 4.5 GB/4.7 GB  1.2 MB/s   2m16s[K[?25h[?2026l[?2026h[?25l[A[1Gpulling manifest [K
pulling 96c415656d37:  96% ▕█████████████████ ▏ 4.5 GB/4.7 GB  1.2 MB/s   2m16s[K[?25h[?2026l[?2026h[?25l[A[1Gpulling manifest [K
pulling 96c415656d37:  96% ▕█████████████████ ▏ 4.5 GB/4.7 GB  1.2 MB/s   2m16s[K[?25h[?2026l[?2026h[?25l[A[1Gpulling manifest [K
pulling 96c415656d37:  96% ▕█████████████████ ▏ 4.5 GB/4.7 GB  1.2 MB/s   2m16s[K[?25h[?2026l[?2026h[?25l[A[1Gpulling manifest [K
pulling 96c415656d37:  96% ▕█████████████████ ▏ 4.5 GB/4.7 GB  1.2 MB/s   2m16s[K[?25h[?2026l[?2026h[?25l[A[1Gpulling manifest [K
pulling 96c415656d37:  96% ▕█████████████████ ▏ 4.5 GB/4.7 GB  1.3 MB/s   2m10s[K[?25h[?2026l[?2026h[?25l[A[1Gpulling manifest [K
pulling 96c415656d37:  97% ▕█████████████████ ▏ 4.5 GB/4.7 GB  1.3 MB/s   2m10s[K[?25h[?2026l[?2026h[?25l[A[1Gpulling manifest [K
pulling 96c415656d37:  97% ▕█████████████████ ▏ 4.5 GB/4.7 GB  1.3 MB/s   2m10s[K[?25h[?2026l[?2026h[?25l[A[1Gpulling manifest [K
pulling 96c415656d37:  97% ▕█████████████████ ▏ 4.5 GB/4.7 GB  1.3 MB/s    2m9s[K[?25h[?2026l[?2026h[?25l[A[1Gpulling manifest [K
pulling 96c415656d37:  97% ▕█████████████████ ▏ 4.5 GB/4.7 GB  1.3 MB/s    2m9s[K[?25h[?2026l[?2026h[?25l[A[1Gpulling manifest [K
pulling 96c415656d37:  97% ▕█████████████████ ▏ 4.5 GB/4.7 GB  1.3 MB/s    2m8s[K[?25h[?2026l[?2026h[?25l[A[1Gpulling manifest [K
pulling 96c415656d37:  97% ▕█████████████████ ▏ 4.5 GB/4.7 GB  1.3 MB/s    2m8s[K[?25h[?2026l[?2026h[?25l[A[1Gpulling manifest [K
pulling 96c415656d37:  97% ▕█████████████████ ▏ 4.5 GB/4.7 GB  1.3 MB/s    2m8s[K[?25h[?2026l[?2026h[?25l[A[1Gpulling manifest [K
pulling 96c415656d37:  97% ▕█████████████████ ▏ 4.5 GB/4.7 GB  1.3 MB/s    2m8s[K[?25h[?2026l[?2026h[?25l[A[1Gpulling manifest [K
pulling 96c415656d37:  97% ▕█████████████████ ▏ 4.5 GB/4.7 GB  1.3 MB/s    2m8s[K[?25h[?2026l[?2026h[?25l[A[1Gpulling manifest [K
pulling 96c415656d37:  97% ▕█████████████████ ▏ 4.5 GB/4.7 GB  1.5 MB/s   1m50s[K[?25h[?2026l[?2026h[?25l[A[1Gpulling manifest [K
pulling 96c415656d37:  97% ▕█████████████████ ▏ 4.5 GB/4.7 GB  1.5 MB/s   1m50s[K[?25h[?2026l[?2026h[?25l[A[1Gpulling manifest [K
pulling 96c415656d37:  97% ▕█████████████████ ▏ 4.5 GB/4.7 GB  1.5 MB/s   1m50s[K[?25h[?2026l[?2026h[?25l[A[1Gpulling manifest [K
pulling 96c415656d37:  97% ▕█████████████████ ▏ 4.5 GB/4.7 GB  1.5 MB/s   1m50s[K[?25h[?2026l[?2026h[?25l[A[1Gpulling manifest [K
pulling 96c415656d37:  97% ▕█████████████████ ▏ 4.5 GB/4.7 GB  1.5 MB/s   1m49s[K[?25h[?2026l[?2026h[?25l[A[1Gpulling manifest [K
pulling 96c415656d37:  97% ▕█████████████████ ▏ 4.5 GB/4.7 GB  1.5 MB/s   1m49s[K[?25h[?2026l[?2026h[?25l[A[1Gpulling manifest [K
pulling 96c415656d37:  97% ▕█████████████████ ▏ 4.5 GB/4.7 GB  1.5 MB/s   1m49s[K[?25h[?2026l[?2026h[?25l[A[1Gpulling manifest [K
pulling 96c415656d37:  97% ▕█████████████████ ▏ 4.5 GB/4.7 GB  1.5 MB/s   1m49s[K[?25h[?2026l[?2026h[?25l[A[1Gpulling manifest [K
pulling 96c415656d37:  97% ▕█████████████████ ▏ 4.5 GB/4.7 GB  1.5 MB/s   1m49s[K[?25h[?2026l[?2026h[?25l[A[1Gpulling manifest [K
pulling 96c415656d37:  97% ▕█████████████████ ▏ 4.5 GB/4.7 GB  1.5 MB/s   1m49s[K[?25h[?2026l[?2026h[?25l[A[1Gpulling manifest [K
pulling 96c415656d37:  97% ▕█████████████████ ▏ 4.5 GB/4.7 GB  1.6 MB/s   1m41s[K[?25h[?2026l[?2026h[?25l[A[1Gpulling manifest [K
pulling 96c415656d37:  97% ▕█████████████████ ▏ 4.5 GB/4.7 GB  1.6 MB/s   1m41s[K[?25h[?2026l[?2026h[?25l[A[1Gpulling manifest [K
pulling 96c415656d37:  97% ▕█████████████████ ▏ 4.5 GB/4.7 GB  1.6 MB/s   1m41s[K[?25h[?2026l[?2026h[?25l[A[1Gpulling manifest [K
pulling 96c415656d37:  97% ▕█████████████████ ▏ 4.5 GB/4.7 GB  1.6 MB/s   1m41s[K[?25h[?2026l[?2026h[?25l[A[1Gpulling manifest [K
pulling 96c415656d37:  97% ▕█████████████████ ▏ 4.5 GB/4.7 GB  1.6 MB/s   1m41s[K[?25h[?2026l[?2026h[?25l[A[1Gpulling manifest [K
pulling 96c415656d37:  97% ▕█████████████████ ▏ 4.5 GB/4.7 GB  1.6 MB/s   1m41s[K[?25h[?2026l[?2026h[?25l[A[1Gpulling manifest [K
pulling 96c415656d37:  97% ▕█████████████████ ▏ 4.5 GB/4.7 GB  1.6 MB/s   1m40s[K[?25h[?2026l[?2026h[?25l[A[1Gpulling manifest [K
pulling 96c415656d37:  97% ▕█████████████████ ▏ 4.5 GB/4.7 GB  1.6 MB/s   1m40s[K[?25h[?2026l[?2026h[?25l[A[1Gpulling manifest [K
pulling 96c415656d37:  97% ▕█████████████████ ▏ 4.5 GB/4.7 GB  1.6 MB/s   1m40s[K[?25h[?2026l[?2026h[?25l[A[1Gpulling manifest [K
pulling 96c415656d37:  97% ▕█████████████████ ▏ 4.5 GB/4.7 GB  1.6 MB/s   1m40s[K[?25h[?2026l[?2026h[?25l[A[1Gpulling manifest [K
pulling 96c415656d37:  97% ▕█████████████████ ▏ 4.5 GB/4.7 GB  1.6 MB/s   1m40s[K[?25h[?2026l[?2026h[?25l[A[1Gpulling manifest [K
pulling 96c415656d37:  97% ▕█████████████████ ▏ 4.5 GB/4.7 GB  1.7 MB/s   1m32s[K[?25h[?2026l[?2026h[?25l[A[1Gpulling manifest [K
pulling 96c415656d37:  97% ▕█████████████████ ▏ 4.5 GB/4.7 GB  1.7 MB/s   1m32s[K[?25h[?2026l[?2026h[?25l[A[1Gpulling manifest [K
pulling 96c415656d37:  97% ▕█████████████████ ▏ 4.5 GB/4.7 GB  1.7 MB/s   1m32s[K[?25h[?2026l[?2026h[?25l[A[1Gpulling manifest [K
pulling 96c415656d37:  97% ▕█████████████████ ▏ 4.5 GB/4.7 GB  1.7 MB/s   1m32s[K[?25h[?2026l[?2026h[?25l[A[1Gpulling manifest [K
pulling 96c415656d37:  97% ▕█████████████████ ▏ 4.5 GB/4.7 GB  1.7 MB/s   1m32s[K[?25h[?2026l[?2026h[?25l[A[1Gpulling manifest [K
pulling 96c415656d37:  97% ▕█████████████████ ▏ 4.5 GB/4.7 GB  1.7 MB/s   1m32s[K[?25h[?2026l[?2026h[?25l[A[1Gpulling manifest [K
pulling 96c415656d37:  97% ▕█████████████████ ▏ 4.5 GB/4.7 GB  1.7 MB/s   1m31s[K[?25h[?2026l[?2026h[?25l[A[1Gpulling manifest [K
pulling 96c415656d37:  97% ▕█████████████████ ▏ 4.5 GB/4.7 GB  1.7 MB/s   1m31s[K[?25h[?2026l[?2026h[?25l[A[1Gpulling manifest [K
pulling 96c415656d37:  97% ▕█████████████████ ▏ 4.5 GB/4.7 GB  1.7 MB/s   1m31s[K[?25h[?2026l[?2026h[?25l[A[1Gpulling manifest [K
pulling 96c415656d37:  97% ▕█████████████████ ▏ 4.5 GB/4.7 GB  1.7 MB/s   1m31s[K[?25h[?2026l[?2026h[?25l[A[1Gpulling manifest [K
pulling 96c415656d37:  97% ▕█████████████████ ▏ 4.5 GB/4.7 GB  1.8 MB/s   1m24s[K[?25h[?2026l[?2026h[?25l[A[1Gpulling manifest [K
pulling 96c415656d37:  97% ▕█████████████████ ▏ 4.5 GB/4.7 GB  1.8 MB/s   1m24s[K[?25h[?2026l[?2026h[?25l[A[1Gpulling manifest [K
pulling 96c415656d37:  97% ▕█████████████████ ▏ 4.5 GB/4.7 GB  1.8 MB/s   1m24s[K[?25h[?2026l[?2026h[?25l[A[1Gpulling manifest [K
pulling 96c415656d37:  97% ▕█████████████████ ▏ 4.5 GB/4.7 GB  1.8 MB/s   1m24s[K[?25h[?2026l[?2026h[?25l[A[1Gpulling manifest [K
pulling 96c415656d37:  97% ▕█████████████████ ▏ 4.5 GB/4.7 GB  1.8 MB/s   1m24s[K[?25h[?2026l[?2026h[?25l[A[1Gpulling manifest [K
pulling 96c415656d37:  97% ▕█████████████████ ▏ 4.5 GB/4.7 GB  1.8 MB/s   1m24s[K[?25h[?2026l[?2026h[?25l[A[1Gpulling manifest [K
pulling 96c415656d37:  97% ▕█████████████████ ▏ 4.5 GB/4.7 GB  1.8 MB/s   1m23s[K[?25h[?2026l[?2026h[?25l[A[1Gpulling manifest [K
pulling 96c415656d37:  97% ▕█████████████████ ▏ 4.5 GB/4.7 GB  1.8 MB/s   1m23s[K[?25h[?2026l[?2026h[?25l[A[1Gpulling manifest [K
pulling 96c415656d37:  97% ▕█████████████████ ▏ 4.5 GB/4.7 GB  1.8 MB/s   1m23s[K[?25h[?2026l[?2026h[?25l[A[1Gpulling manifest [K
pulling 96c415656d37:  97% ▕█████████████████ ▏ 4.5 GB/4.7 GB  1.8 MB/s   1m22s[K[?25h[?2026l[?2026h[?25l[A[1Gpulling manifest [K
pulling 96c415656d37:  97% ▕█████████████████ ▏ 4.5 GB/4.7 GB  1.9 MB/s   1m18s[K[?25h[?2026l[?2026h[?25l[A[1Gpulling manifest [K
pulling 96c415656d37:  97% ▕█████████████████ ▏ 4.5 GB/4.7 GB  1.9 MB/s   1m18s[K[?25h[?2026l[?2026h[?25l[A[1Gpulling manifest [K
pulling 96c415656d37:  97% ▕█████████████████ ▏ 4.5 GB/4.7 GB  1.9 MB/s   1m18s[K[?25h[?2026l[?2026h[?25l[A[1Gpulling manifest [K
pulling 96c415656d37:  97% ▕█████████████████ ▏ 4.5 GB/4.7 GB  1.9 MB/s   1m18s[K[?25h[?2026l[?2026h[?25l[A[1Gpulling manifest [K
pulling 96c415656d37:  97% ▕█████████████████ ▏ 4.5 GB/4.7 GB  1.9 MB/s   1m18s[K[?25h[?2026l[?2026h[?25l[A[1Gpulling manifest [K
pulling 96c415656d37:  97% ▕█████████████████ ▏ 4.5 GB/4.7 GB  1.9 MB/s   1m17s[K[?25h[?2026l[?2026h[?25l[A[1Gpulling manifest [K
pulling 96c415656d37:  97% ▕█████████████████ ▏ 4.5 GB/4.7 GB  1.9 MB/s   1m17s[K[?25h[?2026l[?2026h[?25l[A[1Gpulling manifest [K
pulling 96c415656d37:  97% ▕█████████████████ ▏ 4.5 GB/4.7 GB  1.9 MB/s   1m17s[K[?25h[?2026l[?2026h[?25l[A[1Gpulling manifest [K
pulling 96c415656d37:  97% ▕█████████████████ ▏ 4.5 GB/4.7 GB  1.9 MB/s   1m17s[K[?25h[?2026l[?2026h[?25l[A[1Gpulling manifest [K
pulling 96c415656d37:  97% ▕█████████████████ ▏ 4.5 GB/4.7 GB  1.9 MB/s   1m17s[K[?25h[?2026l[?2026h[?25l[A[1Gpulling manifest [K
pulling 96c415656d37:  97% ▕█████████████████ ▏ 4.5 GB/4.7 GB  2.2 MB/s    1m8s[K[?25h[?2026l[?2026h[?25l[A[1Gpulling manifest [K
pulling 96c415656d37:  97% ▕█████████████████ ▏ 4.5 GB/4.7 GB  2.2 MB/s    1m8s[K[?25h[?2026l[?2026h[?25l[A[1Gpulling manifest [K
pulling 96c415656d37:  97% ▕█████████████████ ▏ 4.5 GB/4.7 GB  2.2 MB/s    1m8s[K[?25h[?2026l[?2026h[?25l[A[1Gpulling manifest [K
pulling 96c415656d37:  97% ▕█████████████████ ▏ 4.5 GB/4.7 GB  2.2 MB/s    1m8s[K[?25h[?2026l[?2026h[?25l[A[1Gpulling manifest [K
pulling 96c415656d37:  97% ▕█████████████████ ▏ 4.5 GB/4.7 GB  2.2 MB/s    1m8s[K[?25h[?2026l[?2026h[?25l[A[1Gpulling manifest [K
pulling 96c415656d37:  97% ▕█████████████████ ▏ 4.5 GB/4.7 GB  2.2 MB/s    1m8s[K[?25h[?2026l[?2026h[?25l[A[1Gpulling manifest [K
pulling 96c415656d37:  97% ▕█████████████████ ▏ 4.5 GB/4.7 GB  2.2 MB/s    1m8s[K[?25h[?2026l[?2026h[?25l[A[1Gpulling manifest [K
pulling 96c415656d37:  97% ▕█████████████████ ▏ 4.5 GB/4.7 GB  2.2 MB/s    1m8s[K[?25h[?2026l[?2026h[?25l[A[1Gpulling manifest [K
pulling 96c415656d37:  97% ▕█████████████████ ▏ 4.5 GB/4.7 GB  2.2 MB/s    1m8s[K[?25h[?2026l[?2026h[?25l[A[1Gpulling manifest [K
pulling 96c415656d37:  97% ▕█████████████████ ▏ 4.5 GB/4.7 GB  2.2 MB/s    1m8s[K[?25h[?2026l[?2026h[?25l[A[1Gpulling manifest [K
pulling 96c415656d37:  97% ▕█████████████████ ▏ 4.5 GB/4.7 GB  2.2 MB/s    1m7s[K[?25h[?2026l[?2026h[?25l[A[1Gpulling manifest [K
pulling 96c415656d37:  97% ▕█████████████████ ▏ 4.5 GB/4.7 GB  2.2 MB/s    1m7s[K[?25h[?2026l[?2026h[?25l[A[1Gpulling manifest [K
pulling 96c415656d37:  97% ▕█████████████████ ▏ 4.5 GB/4.7 GB  2.2 MB/s    1m7s[K[?25h[?2026l[?2026h[?25l[A[1Gpulling manifest [K
pulling 96c415656d37:  97% ▕█████████████████ ▏ 4.5 GB/4.7 GB  2.2 MB/s    1m6s[K[?25h[?2026l[?2026h[?25l[A[1Gpulling manifest [K
pulling 96c415656d37:  97% ▕█████████████████ ▏ 4.5 GB/4.7 GB  2.2 MB/s    1m6s[K[?25h[?2026l[?2026h[?25l[A[1Gpulling manifest [K
pulling 96c415656d37:  97% ▕█████████████████ ▏ 4.5 GB/4.7 GB  2.2 MB/s    1m6s[K[?25h[?2026l[?2026h[?25l[A[1Gpulling manifest [K
pulling 96c415656d37:  97% ▕█████████████████ ▏ 4.5 GB/4.7 GB  2.2 MB/s    1m6s[K[?25h[?2026l[?2026h[?25l[A[1Gpulling manifest [K
pulling 96c415656d37:  97% ▕█████████████████ ▏ 4.5 GB/4.7 GB  2.2 MB/s    1m6s[K[?25h[?2026l[?2026h[?25l[A[1Gpulling manifest [K
pulling 96c415656d37:  97% ▕█████████████████ ▏ 4.5 GB/4.7 GB  2.2 MB/s    1m6s[K[?25h[?2026l[?2026h[?25l[A[1Gpulling manifest [K
pulling 96c415656d37:  97% ▕█████████████████ ▏ 4.5 GB/4.7 GB  2.2 MB/s    1m6s[K[?25h[?2026l[?2026h[?25l[A[1Gpulling manifest [K
pulling 96c415656d37:  97% ▕█████████████████ ▏ 4.5 GB/4.7 GB  2.2 MB/s    1m6s[K[?25h[?2026l[?2026h[?25l[A[1Gpulling manifest [K
pulling 96c415656d37:  97% ▕█████████████████ ▏ 4.5 GB/4.7 GB  2.3 MB/s    1m2s[K[?25h[?2026l[?2026h[?25l[A[1Gpulling manifest [K
pulling 96c415656d37:  97% ▕█████████████████ ▏ 4.5 GB/4.7 GB  2.3 MB/s    1m2s[K[?25h[?2026l[?2026h[?25l[A[1Gpulling manifest [K
pulling 96c415656d37:  97% ▕█████████████████ ▏ 4.5 GB/4.7 GB  2.3 MB/s    1m2s[K[?25h[?2026l[?2026h[?25l[A[1Gpulling manifest [K
pulling 96c415656d37:  97% ▕█████████████████ ▏ 4.5 GB/4.7 GB  2.3 MB/s    1m1s[K[?25h[?2026l[?2026h[?25l[A[1Gpulling manifest [K
pulling 96c415656d37:  97% ▕█████████████████ ▏ 4.5 GB/4.7 GB  2.3 MB/s    1m1s[K[?25h[?2026l[?2026h[?25l[A[1Gpulling manifest [K
pulling 96c415656d37:  97% ▕█████████████████ ▏ 4.5 GB/4.7 GB  2.3 MB/s    1m1s[K[?25h[?2026l[?2026h[?25l[A[1Gpulling manifest [K
pulling 96c415656d37:  97% ▕█████████████████ ▏ 4.5 GB/4.7 GB  2.3 MB/s    1m1s[K[?25h[?2026l[?2026h[?25l[A[1Gpulling manifest [K
pulling 96c415656d37:  97% ▕█████████████████ ▏ 4.5 GB/4.7 GB  2.3 MB/s    1m1s[K[?25h[?2026l[?2026h[?25l[A[1Gpulling manifest [K
pulling 96c415656d37:  97% ▕█████████████████ ▏ 4.5 GB/4.7 GB  2.3 MB/s    1m1s[K[?25h[?2026l[?2026h[?25l[A[1Gpulling manifest [K
pulling 96c415656d37:  97% ▕█████████████████ ▏ 4.5 GB/4.7 GB  2.3 MB/s    1m1s[K[?25h[?2026l[?2026h[?25l[A[1Gpulling manifest [K
pulling 96c415656d37:  97% ▕█████████████████ ▏ 4.5 GB/4.7 GB  2.5 MB/s     55s[K[?25h[?2026l[?2026h[?25l[A[1Gpulling manifest [K
pulling 96c415656d37:  97% ▕█████████████████ ▏ 4.5 GB/4.7 GB  2.5 MB/s     55s[K[?25h[?2026l[?2026h[?25l[A[1Gpulling manifest [K
pulling 96c415656d37:  97% ▕█████████████████ ▏ 4.5 GB/4.7 GB  2.5 MB/s     55s[K[?25h[?2026l[?2026h[?25l[A[1Gpulling manifest [K
pulling 96c415656d37:  97% ▕█████████████████ ▏ 4.5 GB/4.7 GB  2.5 MB/s     55s[K[?25h[?2026l[?2026h[?25l[A[1Gpulling manifest [K
pulling 96c415656d37:  97% ▕█████████████████ ▏ 4.5 GB/4.7 GB  2.5 MB/s     54s[K[?25h[?2026l[?2026h[?25l[A[1Gpulling manifest [K
pulling 96c415656d37:  97% ▕█████████████████ ▏ 4.5 GB/4.7 GB  2.5 MB/s     54s[K[?25h[?2026l[?2026h[?25l[A[1Gpulling manifest [K
pulling 96c415656d37:  97% ▕█████████████████ ▏ 4.5 GB/4.7 GB  2.5 MB/s     54s[K[?25h[?2026l[?2026h[?25l[A[1Gpulling manifest [K
pulling 96c415656d37:  97% ▕█████████████████ ▏ 4.5 GB/4.7 GB  2.5 MB/s     54s[K[?25h[?2026l[?2026h[?25l[A[1Gpulling manifest [K
pulling 96c415656d37:  97% ▕█████████████████ ▏ 4.5 GB/4.7 GB  2.5 MB/s     54s[K[?25h[?2026l[?2026h[?25l[A[1Gpulling manifest [K
pulling 96c415656d37:  97% ▕█████████████████ ▏ 4.5 GB/4.7 GB  2.5 MB/s     54s[K[?25h[?2026l[?2026h[?25l[A[1Gpulling manifest [K
pulling 96c415656d37:  97% ▕█████████████████ ▏ 4.5 GB/4.7 GB  2.7 MB/s     50s[K[?25h[?2026l[?2026h[?25l[A[1Gpulling manifest [K
pulling 96c415656d37:  97% ▕█████████████████ ▏ 4.5 GB/4.7 GB  2.7 MB/s     50s[K[?25h[?2026l[?2026h[?25l[A[1Gpulling manifest [K
pulling 96c415656d37:  97% ▕█████████████████ ▏ 4.5 GB/4.7 GB  2.7 MB/s     50s[K[?25h[?2026l[?2026h[?25l[A[1Gpulling manifest [K
pulling 96c415656d37:  97% ▕█████████████████ ▏ 4.5 GB/4.7 GB  2.7 MB/s     50s[K[?25h[?2026l[?2026h[?25l[A[1Gpulling manifest [K
pulling 96c415656d37:  97% ▕█████████████████ ▏ 4.5 GB/4.7 GB  2.7 MB/s     49s[K[?25h[?2026l[?2026h[?25l[A[1Gpulling manifest [K
pulling 96c415656d37:  97% ▕█████████████████ ▏ 4.5 GB/4.7 GB  2.7 MB/s     49s[K[?25h[?2026l[?2026h[?25l[A[1Gpulling manifest [K
pulling 96c415656d37:  97% ▕█████████████████ ▏ 4.5 GB/4.7 GB  2.7 MB/s     49s[K[?25h[?2026l[?2026h[?25l[A[1Gpulling manifest [K
pulling 96c415656d37:  97% ▕█████████████████ ▏ 4.5 GB/4.7 GB  2.7 MB/s     49s[K[?25h[?2026l[?2026h[?25l[A[1Gpulling manifest [K
pulling 96c415656d37:  97% ▕█████████████████ ▏ 4.5 GB/4.7 GB  2.7 MB/s     49s[K[?25h[?2026l[?2026h[?25l[A[1Gpulling manifest [K
pulling 96c415656d37:  97% ▕█████████████████ ▏ 4.6 GB/4.7 GB  2.7 MB/s     48s[K[?25h[?2026l[?2026h[?25l[A[1Gpulling manifest [K
pulling 96c415656d37:  97% ▕█████████████████ ▏ 4.6 GB/4.7 GB  3.0 MB/s     44s[K[?25h[?2026l[?2026h[?25l[A[1Gpulling manifest [K
pulling 96c415656d37:  97% ▕█████████████████ ▏ 4.6 GB/4.7 GB  3.0 MB/s     44s[K[?25h[?2026l[?2026h[?25l[A[1Gpulling manifest [K
pulling 96c415656d37:  97% ▕█████████████████ ▏ 4.6 GB/4.7 GB  3.0 MB/s     44s[K[?25h[?2026l[?2026h[?25l[A[1Gpulling manifest [K
pulling 96c415656d37:  97% ▕█████████████████ ▏ 4.6 GB/4.7 GB  3.0 MB/s     44s[K[?25h[?2026l[?2026h[?25l[A[1Gpulling manifest [K
pulling 96c415656d37:  97% ▕█████████████████ ▏ 4.6 GB/4.7 GB  3.0 MB/s     44s[K[?25h[?2026l[?2026h[?25l[A[1Gpulling manifest [K
pulling 96c415656d37:  97% ▕█████████████████ ▏ 4.6 GB/4.7 GB  3.0 MB/s     44s[K[?25h[?2026l[?2026h[?25l[A[1Gpulling manifest [K
pulling 96c415656d37:  97% ▕█████████████████ ▏ 4.6 GB/4.7 GB  3.0 MB/s     44s[K[?25h[?2026l[?2026h[?25l[A[1Gpulling manifest [K
pulling 96c415656d37:  97% ▕█████████████████ ▏ 4.6 GB/4.7 GB  3.0 MB/s     44s[K[?25h[?2026l[?2026h[?25l[A[1Gpulling manifest [K
pulling 96c415656d37:  97% ▕█████████████████ ▏ 4.6 GB/4.7 GB  3.0 MB/s     44s[K[?25h[?2026l[?2026h[?25l[A[1Gpulling manifest [K
pulling 96c415656d37:  97% ▕█████████████████ ▏ 4.6 GB/4.7 GB  3.0 MB/s     44s[K[?25h[?2026l[?2026h[?25l[A[1Gpulling manifest [K
pulling 96c415656d37:  97% ▕█████████████████ ▏ 4.6 GB/4.7 GB  2.8 MB/s     47s[K[?25h[?2026l[?2026h[?25l[A[1Gpulling manifest [K
pulling 96c415656d37:  97% ▕█████████████████ ▏ 4.6 GB/4.7 GB  2.8 MB/s     47s[K[?25h[?2026l[?2026h[?25l[A[1Gpulling manifest [K
pulling 96c415656d37:  97% ▕█████████████████ ▏ 4.6 GB/4.7 GB  2.8 MB/s     46s[K[?25h[?2026l[?2026h[?25l[A[1Gpulling manifest [K
pulling 96c415656d37:  97% ▕█████████████████ ▏ 4.6 GB/4.7 GB  2.8 MB/s     46s[K[?25h[?2026l[?2026h[?25l[A[1Gpulling manifest [K
pulling 96c415656d37:  97% ▕█████████████████ ▏ 4.6 GB/4.7 GB  2.8 MB/s     46s[K[?25h[?2026l[?2026h[?25l[A[1Gpulling manifest [K
pulling 96c415656d37:  97% ▕█████████████████ ▏ 4.6 GB/4.7 GB  2.8 MB/s     46s[K[?25h[?2026l[?2026h[?25l[A[1Gpulling manifest [K
pulling 96c415656d37:  97% ▕█████████████████ ▏ 4.6 GB/4.7 GB  2.8 MB/s     46s[K[?25h[?2026l[?2026h[?25l[A[1Gpulling manifest [K
pulling 96c415656d37:  97% ▕█████████████████ ▏ 4.6 GB/4.7 GB  2.8 MB/s     46s[K[?25h[?2026l[?2026h[?25l[A[1Gpulling manifest [K
pulling 96c415656d37:  97% ▕█████████████████ ▏ 4.6 GB/4.7 GB  2.8 MB/s     46s[K[?25h[?2026l[?2026h[?25l[A[1Gpulling manifest [K
pulling 96c415656d37:  97% ▕█████████████████ ▏ 4.6 GB/4.7 GB  2.8 MB/s     45s[K[?25h[?2026l[?2026h[?25l[A[1Gpulling manifest [K
pulling 96c415656d37:  97% ▕█████████████████ ▏ 4.6 GB/4.7 GB  2.8 MB/s     45s[K[?25h[?2026l[?2026h[?25l[A[1Gpulling manifest [K
pulling 96c415656d37:  97% ▕█████████████████ ▏ 4.6 GB/4.7 GB  3.0 MB/s     41s[K[?25h[?2026l[?2026h[?25l[A[1Gpulling manifest [K
pulling 96c415656d37:  97% ▕█████████████████ ▏ 4.6 GB/4.7 GB  3.0 MB/s     41s[K[?25h[?2026l[?2026h[?25l[A[1Gpulling manifest [K
pulling 96c415656d37:  97% ▕█████████████████ ▏ 4.6 GB/4.7 GB  3.0 MB/s     41s[K[?25h[?2026l[?2026h[?25l[A[1Gpulling manifest [K
pulling 96c415656d37:  97% ▕█████████████████ ▏ 4.6 GB/4.7 GB  3.0 MB/s     41s[K[?25h[?2026l[?2026h[?25l[A[1Gpulling manifest [K
pulling 96c415656d37:  97% ▕█████████████████ ▏ 4.6 GB/4.7 GB  3.0 MB/s     41s[K[?25h[?2026l[?2026h[?25l[A[1Gpulling manifest [K
pulling 96c415656d37:  97% ▕█████████████████ ▏ 4.6 GB/4.7 GB  3.0 MB/s     41s[K[?25h[?2026l[?2026h[?25l[A[1Gpulling manifest [K
pulling 96c415656d37:  97% ▕█████████████████ ▏ 4.6 GB/4.7 GB  3.0 MB/s     41s[K[?25h[?2026l[?2026h[?25l[A[1Gpulling manifest [K
pulling 96c415656d37:  97% ▕█████████████████ ▏ 4.6 GB/4.7 GB  3.0 MB/s     41s[K[?25h[?2026l[?2026h[?25l[A[1Gpulling manifest [K
pulling 96c415656d37:  97% ▕█████████████████ ▏ 4.6 GB/4.7 GB  3.0 MB/s     41s[K[?25h[?2026l[?2026h[?25l[A[1Gpulling manifest [K
pulling 96c415656d37:  97% ▕█████████████████ ▏ 4.6 GB/4.7 GB  3.0 MB/s     40s[K[?25h[?2026l[?2026h[?25l[A[1Gpulling manifest [K
pulling 96c415656d37:  97% ▕█████████████████ ▏ 4.6 GB/4.7 GB  3.2 MB/s     38s[K[?25h[?2026l[?2026h[?25l[A[1Gpulling manifest [K
pulling 96c415656d37:  97% ▕█████████████████ ▏ 4.6 GB/4.7 GB  3.2 MB/s     38s[K[?25h[?2026l[?2026h[?25l[A[1Gpulling manifest [K
pulling 96c415656d37:  97% ▕█████████████████ ▏ 4.6 GB/4.7 GB  3.2 MB/s     38s[K[?25h[?2026l[?2026h[?25l[A[1Gpulling manifest [K
pulling 96c415656d37:  97% ▕█████████████████ ▏ 4.6 GB/4.7 GB  3.2 MB/s     38s[K[?25h[?2026l[?2026h[?25l[A[1Gpulling manifest [K
pulling 96c415656d37:  97% ▕█████████████████ ▏ 4.6 GB/4.7 GB  3.2 MB/s     38s[K[?25h[?2026l[?2026h[?25l[A[1Gpulling manifest [K
pulling 96c415656d37:  97% ▕█████████████████ ▏ 4.6 GB/4.7 GB  3.2 MB/s     38s[K[?25h[?2026l[?2026h[?25l[A[1Gpulling manifest [K
pulling 96c415656d37:  97% ▕█████████████████ ▏ 4.6 GB/4.7 GB  3.2 MB/s     38s[K[?25h[?2026l[?2026h[?25l[A[1Gpulling manifest [K
pulling 96c415656d37:  97% ▕█████████████████ ▏ 4.6 GB/4.7 GB  3.2 MB/s     38s[K[?25h[?2026l[?2026h[?25l[A[1Gpulling manifest [K
pulling 96c415656d37:  97% ▕█████████████████ ▏ 4.6 GB/4.7 GB  3.2 MB/s     38s[K[?25h[?2026l[?2026h[?25l[A[1Gpulling manifest [K
pulling 96c415656d37:  97% ▕█████████████████ ▏ 4.6 GB/4.7 GB  3.2 MB/s     38s[K[?25h[?2026l[?2026h[?25l[A[1Gpulling manifest [K
pulling 96c415656d37:  97% ▕█████████████████ ▏ 4.6 GB/4.7 GB  3.1 MB/s     38s[K[?25h[?2026l[?2026h[?25l[A[1Gpulling manifest [K
pulling 96c415656d37:  97% ▕█████████████████ ▏ 4.6 GB/4.7 GB  3.1 MB/s     38s[K[?25h[?2026l[?2026h[?25l[A[1Gpulling manifest [K
pulling 96c415656d37:  97% ▕█████████████████ ▏ 4.6 GB/4.7 GB  3.1 MB/s     38s[K[?25h[?2026l[?2026h[?25l[A[1Gpulling manifest [K
pulling 96c415656d37:  97% ▕█████████████████ ▏ 4.6 GB/4.7 GB  3.1 MB/s     37s[K[?25h[?2026l[?2026h[?25l[A[1Gpulling manifest [K
pulling 96c415656d37:  97% ▕█████████████████ ▏ 4.6 GB/4.7 GB  3.1 MB/s     37s[K[?25h[?2026l[?2026h[?25l[A[1Gpulling manifest [K
pulling 96c415656d37:  97% ▕█████████████████ ▏ 4.6 GB/4.7 GB  3.1 MB/s     37s[K[?25h[?2026l[?2026h[?25l[A[1Gpulling manifest [K
pulling 96c415656d37:  97% ▕█████████████████ ▏ 4.6 GB/4.7 GB  3.1 MB/s     37s[K[?25h[?2026l[?2026h[?25l[A[1Gpulling manifest [K
pulling 96c415656d37:  97% ▕█████████████████ ▏ 4.6 GB/4.7 GB  3.1 MB/s     37s[K[?25h[?2026l[?2026h[?25l[A[1Gpulling manifest [K
pulling 96c415656d37:  97% ▕█████████████████ ▏ 4.6 GB/4.7 GB  3.1 MB/s     37s[K[?25h[?2026l[?2026h[?25l[A[1Gpulling manifest [K
pulling 96c415656d37:  97% ▕█████████████████ ▏ 4.6 GB/4.7 GB  3.1 MB/s     37s[K[?25h[?2026l[?2026h[?25l[A[1Gpulling manifest [K
pulling 96c415656d37:  97% ▕█████████████████ ▏ 4.6 GB/4.7 GB  3.4 MB/s     34s[K[?25h[?2026l[?2026h[?25l[A[1Gpulling manifest [K
pulling 96c415656d37:  98% ▕█████████████████ ▏ 4.6 GB/4.7 GB  3.4 MB/s     34s[K[?25h[?2026l[?2026h[?25l[A[1Gpulling manifest [K
pulling 96c415656d37:  98% ▕█████████████████ ▏ 4.6 GB/4.7 GB  3.4 MB/s     34s[K[?25h[?2026l[?2026h[?25l[A[1Gpulling manifest [K
pulling 96c415656d37:  98% ▕█████████████████ ▏ 4.6 GB/4.7 GB  3.4 MB/s     33s[K[?25h[?2026l[?2026h[?25l[A[1Gpulling manifest [K
pulling 96c415656d37:  98% ▕█████████████████ ▏ 4.6 GB/4.7 GB  3.4 MB/s     33s[K[?25h[?2026l[?2026h[?25l[A[1Gpulling manifest [K
pulling 96c415656d37:  98% ▕█████████████████ ▏ 4.6 GB/4.7 GB  3.4 MB/s     33s[K[?25h[?2026l[?2026h[?25l[A[1Gpulling manifest [K
pulling 96c415656d37:  98% ▕█████████████████ ▏ 4.6 GB/4.7 GB  3.4 MB/s     33s[K[?25h[?2026l[?2026h[?25l[A[1Gpulling manifest [K
pulling 96c415656d37:  98% ▕█████████████████ ▏ 4.6 GB/4.7 GB  3.4 MB/s     33s[K[?25h[?2026l[?2026h[?25l[A[1Gpulling manifest [K
pulling 96c415656d37:  98% ▕█████████████████ ▏ 4.6 GB/4.7 GB  3.4 MB/s     33s[K[?25h[?2026l[?2026h[?25l[A[1Gpulling manifest [K
pulling 96c415656d37:  98% ▕█████████████████ ▏ 4.6 GB/4.7 GB  3.4 MB/s     33s[K[?25h[?2026l[?2026h[?25l[A[1Gpulling manifest [K
pulling 96c415656d37:  98% ▕█████████████████ ▏ 4.6 GB/4.7 GB  3.6 MB/s     31s[K[?25h[?2026l[?2026h[?25l[A[1Gpulling manifest [K
pulling 96c415656d37:  98% ▕█████████████████ ▏ 4.6 GB/4.7 GB  3.6 MB/s     31s[K[?25h[?2026l[?2026h[?25l[A[1Gpulling manifest [K
pulling 96c415656d37:  98% ▕█████████████████ ▏ 4.6 GB/4.7 GB  3.6 MB/s     31s[K[?25h[?2026l[?2026h[?25l[A[1Gpulling manifest [K
pulling 96c415656d37:  98% ▕█████████████████ ▏ 4.6 GB/4.7 GB  3.6 MB/s     31s[K[?25h[?2026l[?2026h[?25l[A[1Gpulling manifest [K
pulling 96c415656d37:  98% ▕█████████████████ ▏ 4.6 GB/4.7 GB  3.6 MB/s     30s[K[?25h[?2026l[?2026h[?25l[A[1Gpulling manifest [K
pulling 96c415656d37:  98% ▕█████████████████ ▏ 4.6 GB/4.7 GB  3.6 MB/s     30s[K[?25h[?2026l[?2026h[?25l[A[1Gpulling manifest [K
pulling 96c415656d37:  98% ▕█████████████████ ▏ 4.6 GB/4.7 GB  3.6 MB/s     30s[K[?25h[?2026l[?2026h[?25l[A[1Gpulling manifest [K
pulling 96c415656d37:  98% ▕█████████████████ ▏ 4.6 GB/4.7 GB  3.6 MB/s     30s[K[?25h[?2026l[?2026h[?25l[A[1Gpulling manifest [K
pulling 96c415656d37:  98% ▕█████████████████ ▏ 4.6 GB/4.7 GB  3.6 MB/s     30s[K[?25h[?2026l[?2026h[?25l[A[1Gpulling manifest [K
pulling 96c415656d37:  98% ▕█████████████████ ▏ 4.6 GB/4.7 GB  3.6 MB/s     30s[K[?25h[?2026l[?2026h[?25l[A[1Gpulling manifest [K
pulling 96c415656d37:  98% ▕█████████████████ ▏ 4.6 GB/4.7 GB  3.6 MB/s     30s[K[?25h[?2026l[?2026h[?25l[A[1Gpulling manifest [K
pulling 96c415656d37:  98% ▕█████████████████ ▏ 4.6 GB/4.7 GB  3.8 MB/s     28s[K[?25h[?2026l[?2026h[?25l[A[1Gpulling manifest [K
pulling 96c415656d37:  98% ▕█████████████████ ▏ 4.6 GB/4.7 GB  3.8 MB/s     28s[K[?25h[?2026l[?2026h[?25l[A[1Gpulling manifest [K
pulling 96c415656d37:  98% ▕█████████████████ ▏ 4.6 GB/4.7 GB  3.8 MB/s     28s[K[?25h[?2026l[?2026h[?25l[A[1Gpulling manifest [K
pulling 96c415656d37:  98% ▕█████████████████ ▏ 4.6 GB/4.7 GB  3.8 MB/s     27s[K[?25h[?2026l[?2026h[?25l[A[1Gpulling manifest [K
pulling 96c415656d37:  98% ▕█████████████████ ▏ 4.6 GB/4.7 GB  3.8 MB/s     27s[K[?25h[?2026l[?2026h[?25l[A[1Gpulling manifest [K
pulling 96c415656d37:  98% ▕█████████████████ ▏ 4.6 GB/4.7 GB  3.8 MB/s     27s[K[?25h[?2026l[?2026h[?25l[A[1Gpulling manifest [K
pulling 96c415656d37:  98% ▕█████████████████ ▏ 4.6 GB/4.7 GB  3.8 MB/s     26s[K[?25h[?2026l[?2026h[?25l[A[1Gpulling manifest [K
pulling 96c415656d37:  98% ▕█████████████████ ▏ 4.6 GB/4.7 GB  3.8 MB/s     26s[K[?25h[?2026l[?2026h[?25l[A[1Gpulling manifest [K
pulling 96c415656d37:  98% ▕█████████████████ ▏ 4.6 GB/4.7 GB  3.8 MB/s     26s[K[?25h[?2026l[?2026h[?25l[A[1Gpulling manifest [K
pulling 96c415656d37:  98% ▕█████████████████ ▏ 4.6 GB/4.7 GB  3.8 MB/s     26s[K[?25h[?2026l[?2026h[?25l[A[1Gpulling manifest [K
pulling 96c415656d37:  98% ▕█████████████████ ▏ 4.6 GB/4.7 GB  4.0 MB/s     25s[K[?25h[?2026l[?2026h[?25l[A[1Gpulling manifest [K
pulling 96c415656d37:  98% ▕█████████████████ ▏ 4.6 GB/4.7 GB  4.0 MB/s     25s[K[?25h[?2026l[?2026h[?25l[A[1Gpulling manifest [K
pulling 96c415656d37:  98% ▕█████████████████ ▏ 4.6 GB/4.7 GB  4.0 MB/s     25s[K[?25h[?2026l[?2026h[?25l[A[1Gpulling manifest [K
pulling 96c415656d37:  98% ▕█████████████████ ▏ 4.6 GB/4.7 GB  4.0 MB/s     25s[K[?25h[?2026l[?2026h[?25l[A[1Gpulling manifest [K
pulling 96c415656d37:  98% ▕█████████████████ ▏ 4.6 GB/4.7 GB  4.0 MB/s     25s[K[?25h[?2026l[?2026h[?25l[A[1Gpulling manifest [K
pulling 96c415656d37:  98% ▕█████████████████ ▏ 4.6 GB/4.7 GB  4.0 MB/s     24s[K[?25h[?2026l[?2026h[?25l[A[1Gpulling manifest [K
pulling 96c415656d37:  98% ▕█████████████████ ▏ 4.6 GB/4.7 GB  4.0 MB/s     24s[K[?25h[?2026l[?2026h[?25l[A[1Gpulling manifest [K
pulling 96c415656d37:  98% ▕█████████████████ ▏ 4.6 GB/4.7 GB  4.0 MB/s     23s[K[?25h[?2026l[?2026h[?25l[A[1Gpulling manifest [K
pulling 96c415656d37:  98% ▕█████████████████ ▏ 4.6 GB/4.7 GB  4.0 MB/s     23s[K[?25h[?2026l[?2026h[?25l[A[1Gpulling manifest [K
pulling 96c415656d37:  98% ▕█████████████████ ▏ 4.6 GB/4.7 GB  4.0 MB/s     23s[K[?25h[?2026l[?2026h[?25l[A[1Gpulling manifest [K
pulling 96c415656d37:  98% ▕█████████████████ ▏ 4.6 GB/4.7 GB  4.2 MB/s     22s[K[?25h[?2026l[?2026h[?25l[A[1Gpulling manifest [K
pulling 96c415656d37:  98% ▕█████████████████ ▏ 4.6 GB/4.7 GB  4.2 MB/s     22s[K[?25h[?2026l[?2026h[?25l[A[1Gpulling manifest [K
pulling 96c415656d37:  98% ▕█████████████████ ▏ 4.6 GB/4.7 GB  4.2 MB/s     22s[K[?25h[?2026l[?2026h[?25l[A[1Gpulling manifest [K
pulling 96c415656d37:  98% ▕█████████████████ ▏ 4.6 GB/4.7 GB  4.2 MB/s     22s[K[?25h[?2026l[?2026h[?25l[A[1Gpulling manifest [K
pulling 96c415656d37:  98% ▕█████████████████ ▏ 4.6 GB/4.7 GB  4.2 MB/s     22s[K[?25h[?2026l[?2026h[?25l[A[1Gpulling manifest [K
pulling 96c415656d37:  98% ▕█████████████████ ▏ 4.6 GB/4.7 GB  4.2 MB/s     22s[K[?25h[?2026l[?2026h[?25l[A[1Gpulling manifest [K
pulling 96c415656d37:  98% ▕█████████████████ ▏ 4.6 GB/4.7 GB  4.2 MB/s     22s[K[?25h[?2026l[?2026h[?25l[A[1Gpulling manifest [K
pulling 96c415656d37:  98% ▕█████████████████ ▏ 4.6 GB/4.7 GB  4.2 MB/s     21s[K[?25h[?2026l[?2026h[?25l[A[1Gpulling manifest [K
pulling 96c415656d37:  98% ▕█████████████████ ▏ 4.6 GB/4.7 GB  4.2 MB/s     21s[K[?25h[?2026l[?2026h[?25l[A[1Gpulling manifest [K
pulling 96c415656d37:  98% ▕█████████████████ ▏ 4.6 GB/4.7 GB  4.2 MB/s     21s[K[?25h[?2026l[?2026h[?25l[A[1Gpulling manifest [K
pulling 96c415656d37:  98% ▕█████████████████ ▏ 4.6 GB/4.7 GB  4.7 MB/s     18s[K[?25h[?2026l[?2026h[?25l[A[1Gpulling manifest [K
pulling 96c415656d37:  98% ▕█████████████████ ▏ 4.6 GB/4.7 GB  4.7 MB/s     18s[K[?25h[?2026l[?2026h[?25l[A[1Gpulling manifest [K
pulling 96c415656d37:  98% ▕█████████████████ ▏ 4.6 GB/4.7 GB  4.7 MB/s     18s[K[?25h[?2026l[?2026h[?25l[A[1Gpulling manifest [K
pulling 96c415656d37:  98% ▕█████████████████ ▏ 4.6 GB/4.7 GB  4.7 MB/s     18s[K[?25h[?2026l[?2026h[?25l[A[1Gpulling manifest [K
pulling 96c415656d37:  98% ▕█████████████████ ▏ 4.6 GB/4.7 GB  4.7 MB/s     18s[K[?25h[?2026l[?2026h[?25l[A[1Gpulling manifest [K
pulling 96c415656d37:  98% ▕█████████████████ ▏ 4.6 GB/4.7 GB  4.7 MB/s     18s[K[?25h[?2026l[?2026h[?25l[A[1Gpulling manifest [K
pulling 96c415656d37:  98% ▕█████████████████ ▏ 4.6 GB/4.7 GB  4.7 MB/s     18s[K[?25h[?2026l[?2026h[?25l[A[1Gpulling manifest [K
pulling 96c415656d37:  98% ▕█████████████████ ▏ 4.6 GB/4.7 GB  4.7 MB/s     18s[K[?25h[?2026l[?2026h[?25l[A[1Gpulling manifest [K
pulling 96c415656d37:  98% ▕█████████████████ ▏ 4.6 GB/4.7 GB  4.7 MB/s     18s[K[?25h[?2026l[?2026h[?25l[A[1Gpulling manifest [K
pulling 96c415656d37:  98% ▕█████████████████ ▏ 4.6 GB/4.7 GB  4.7 MB/s     18s[K[?25h[?2026l[?2026h[?25l[A[1Gpulling manifest [K
pulling 96c415656d37:  98% ▕█████████████████ ▏ 4.6 GB/4.7 GB  4.8 MB/s     17s[K[?25h[?2026l[?2026h[?25l[A[1Gpulling manifest [K
pulling 96c415656d37:  98% ▕█████████████████ ▏ 4.6 GB/4.7 GB  4.8 MB/s     17s[K[?25h[?2026l[?2026h[?25l[A[1Gpulling manifest [K
pulling 96c415656d37:  98% ▕█████████████████ ▏ 4.6 GB/4.7 GB  4.8 MB/s     17s[K[?25h[?2026l[?2026h[?25l[A[1Gpulling manifest [K
pulling 96c415656d37:  98% ▕█████████████████ ▏ 4.6 GB/4.7 GB  4.8 MB/s     17s[K[?25h[?2026l[?2026h[?25l[A[1Gpulling manifest [K
pulling 96c415656d37:  98% ▕█████████████████ ▏ 4.6 GB/4.7 GB  4.8 MB/s     17s[K[?25h[?2026l[?2026h[?25l[A[1Gpulling manifest [K
pulling 96c415656d37:  98% ▕█████████████████ ▏ 4.6 GB/4.7 GB  4.8 MB/s     17s[K[?25h[?2026l[?2026h[?25l[A[1Gpulling manifest [K
pulling 96c415656d37:  98% ▕█████████████████ ▏ 4.6 GB/4.7 GB  4.8 MB/s     17s[K[?25h[?2026l[?2026h[?25l[A[1Gpulling manifest [K
pulling 96c415656d37:  98% ▕█████████████████ ▏ 4.6 GB/4.7 GB  4.8 MB/s     17s[K[?25h[?2026l[?2026h[?25l[A[1Gpulling manifest [K
pulling 96c415656d37:  98% ▕█████████████████ ▏ 4.6 GB/4.7 GB  4.8 MB/s     17s[K[?25h[?2026l[?2026h[?25l[A[1Gpulling manifest [K
pulling 96c415656d37:  98% ▕█████████████████ ▏ 4.6 GB/4.7 GB  4.8 MB/s     17s[K[?25h[?2026l[?2026h[?25l[A[1Gpulling manifest [K
pulling 96c415656d37:  98% ▕█████████████████ ▏ 4.6 GB/4.7 GB  4.8 MB/s     17s[K[?25h[?2026l[?2026h[?25l[A[1Gpulling manifest [K
pulling 96c415656d37:  98% ▕█████████████████ ▏ 4.6 GB/4.7 GB  4.7 MB/s     16s[K[?25h[?2026l[?2026h[?25l[A[1Gpulling manifest [K
pulling 96c415656d37:  98% ▕█████████████████ ▏ 4.6 GB/4.7 GB  4.7 MB/s     16s[K[?25h[?2026l[?2026h[?25l[A[1Gpulling manifest [K
pulling 96c415656d37:  98% ▕█████████████████ ▏ 4.6 GB/4.7 GB  4.7 MB/s     16s[K[?25h[?2026l[?2026h[?25l[A[1Gpulling manifest [K
pulling 96c415656d37:  98% ▕█████████████████ ▏ 4.6 GB/4.7 GB  4.7 MB/s     16s[K[?25h[?2026l[?2026h[?25l[A[1Gpulling manifest [K
pulling 96c415656d37:  98% ▕█████████████████ ▏ 4.6 GB/4.7 GB  4.7 MB/s     16s[K[?25h[?2026l[?2026h[?25l[A[1Gpulling manifest [K
pulling 96c415656d37:  98% ▕█████████████████ ▏ 4.6 GB/4.7 GB  4.7 MB/s     16s[K[?25h[?2026l[?2026h[?25l[A[1Gpulling manifest [K
pulling 96c415656d37:  98% ▕█████████████████ ▏ 4.6 GB/4.7 GB  4.7 MB/s     16s[K[?25h[?2026l[?2026h[?25l[A[1Gpulling manifest [K
pulling 96c415656d37:  98% ▕█████████████████ ▏ 4.6 GB/4.7 GB  4.7 MB/s     16s[K[?25h[?2026l[?2026h[?25l[A[1Gpulling manifest [K
pulling 96c415656d37:  98% ▕█████████████████ ▏ 4.6 GB/4.7 GB  4.7 MB/s     16s[K[?25h[?2026l[?2026h[?25l[A[1Gpulling manifest [K
pulling 96c415656d37:  98% ▕█████████████████ ▏ 4.6 GB/4.7 GB  4.7 MB/s     16s[K[?25h[?2026l[?2026h[?25l[A[1Gpulling manifest [K
pulling 96c415656d37:  98% ▕█████████████████ ▏ 4.6 GB/4.7 GB  4.9 MB/s     15s[K[?25h[?2026l[?2026h[?25l[A[1Gpulling manifest [K
pulling 96c415656d37:  98% ▕█████████████████ ▏ 4.6 GB/4.7 GB  4.9 MB/s     15s[K[?25h[?2026l[?2026h[?25l[A[1Gpulling manifest [K
pulling 96c415656d37:  98% ▕█████████████████ ▏ 4.6 GB/4.7 GB  4.9 MB/s     14s[K[?25h[?2026l[?2026h[?25l[A[1Gpulling manifest [K
pulling 96c415656d37:  98% ▕█████████████████ ▏ 4.6 GB/4.7 GB  4.9 MB/s     14s[K[?25h[?2026l[?2026h[?25l[A[1Gpulling manifest [K
pulling 96c415656d37:  98% ▕█████████████████ ▏ 4.6 GB/4.7 GB  4.9 MB/s     14s[K[?25h[?2026l[?2026h[?25l[A[1Gpulling manifest [K
pulling 96c415656d37:  98% ▕█████████████████ ▏ 4.6 GB/4.7 GB  4.9 MB/s     14s[K[?25h[?2026l[?2026h[?25l[A[1Gpulling manifest [K
pulling 96c415656d37:  98% ▕█████████████████ ▏ 4.6 GB/4.7 GB  4.9 MB/s     14s[K[?25h[?2026l[?2026h[?25l[A[1Gpulling manifest [K
pulling 96c415656d37:  98% ▕█████████████████ ▏ 4.6 GB/4.7 GB  4.9 MB/s     14s[K[?25h[?2026l[?2026h[?25l[A[1Gpulling manifest [K
pulling 96c415656d37:  98% ▕█████████████████ ▏ 4.6 GB/4.7 GB  4.9 MB/s     14s[K[?25h[?2026l[?2026h[?25l[A[1Gpulling manifest [K
pulling 96c415656d37:  98% ▕█████████████████ ▏ 4.6 GB/4.7 GB  4.9 MB/s     14s[K[?25h[?2026l[?2026h[?25l[A[1Gpulling manifest [K
pulling 96c415656d37:  98% ▕█████████████████ ▏ 4.6 GB/4.7 GB  5.2 MB/s     13s[K[?25h[?2026l[?2026h[?25l[A[1Gpulling manifest [K
pulling 96c415656d37:  99% ▕█████████████████ ▏ 4.6 GB/4.7 GB  5.2 MB/s     13s[K[?25h[?2026l[?2026h[?25l[A[1Gpulling manifest [K
pulling 96c415656d37:  99% ▕█████████████████ ▏ 4.6 GB/4.7 GB  5.2 MB/s     12s[K[?25h[?2026l[?2026h[?25l[A[1Gpulling manifest [K
pulling 96c415656d37:  99% ▕█████████████████ ▏ 4.6 GB/4.7 GB  5.2 MB/s     12s[K[?25h[?2026l[?2026h[?25l[A[1Gpulling manifest [K
pulling 96c415656d37:  99% ▕█████████████████ ▏ 4.6 GB/4.7 GB  5.2 MB/s     12s[K[?25h[?2026l[?2026h[?25l[A[1Gpulling manifest [K
pulling 96c415656d37:  99% ▕█████████████████ ▏ 4.6 GB/4.7 GB  5.2 MB/s     12s[K[?25h[?2026l[?2026h[?25l[A[1Gpulling manifest [K
pulling 96c415656d37:  99% ▕█████████████████ ▏ 4.6 GB/4.7 GB  5.2 MB/s     12s[K[?25h[?2026l[?2026h[?25l[A[1Gpulling manifest [K
pulling 96c415656d37:  99% ▕█████████████████ ▏ 4.6 GB/4.7 GB  5.2 MB/s     12s[K[?25h[?2026l[?2026h[?25l[A[1Gpulling manifest [K
pulling 96c415656d37:  99% ▕█████████████████ ▏ 4.6 GB/4.7 GB  5.2 MB/s     12s[K[?25h[?2026l[?2026h[?25l[A[1Gpulling manifest [K
pulling 96c415656d37:  99% ▕█████████████████ ▏ 4.6 GB/4.7 GB  5.2 MB/s     12s[K[?25h[?2026l[?2026h[?25l[A[1Gpulling manifest [K
pulling 96c415656d37:  99% ▕█████████████████ ▏ 4.6 GB/4.7 GB  5.5 MB/s     11s[K[?25h[?2026l[?2026h[?25l[A[1Gpulling manifest [K
pulling 96c415656d37:  99% ▕█████████████████ ▏ 4.6 GB/4.7 GB  5.5 MB/s     11s[K[?25h[?2026l[?2026h[?25l[A[1Gpulling manifest [K
pulling 96c415656d37:  99% ▕█████████████████ ▏ 4.6 GB/4.7 GB  5.5 MB/s     11s[K[?25h[?2026l[?2026h[?25l[A[1Gpulling manifest [K
pulling 96c415656d37:  99% ▕█████████████████ ▏ 4.6 GB/4.7 GB  5.5 MB/s     11s[K[?25h[?2026l[?2026h[?25l[A[1Gpulling manifest [K
pulling 96c415656d37:  99% ▕█████████████████ ▏ 4.6 GB/4.7 GB  5.5 MB/s     10s[K[?25h[?2026l[?2026h[?25l[A[1Gpulling manifest [K
pulling 96c415656d37:  99% ▕█████████████████ ▏ 4.6 GB/4.7 GB  5.5 MB/s     10s[K[?25h[?2026l[?2026h[?25l[A[1Gpulling manifest [K
pulling 96c415656d37:  99% ▕█████████████████ ▏ 4.6 GB/4.7 GB  5.5 MB/s     10s[K[?25h[?2026l[?2026h[?25l[A[1Gpulling manifest [K
pulling 96c415656d37:  99% ▕█████████████████ ▏ 4.6 GB/4.7 GB  5.5 MB/s      9s[K[?25h[?2026l[?2026h[?25l[A[1Gpulling manifest [K
pulling 96c415656d37:  99% ▕█████████████████ ▏ 4.6 GB/4.7 GB  5.5 MB/s      9s[K[?25h[?2026l[?2026h[?25l[A[1Gpulling manifest [K
pulling 96c415656d37:  99% ▕█████████████████ ▏ 4.6 GB/4.7 GB  5.5 MB/s      9s[K[?25h[?2026l[?2026h[?25l[A[1Gpulling manifest [K
pulling 96c415656d37:  99% ▕█████████████████ ▏ 4.6 GB/4.7 GB  5.9 MB/s      9s[K[?25h[?2026l[?2026h[?25l[A[1Gpulling manifest [K
pulling 96c415656d37:  99% ▕█████████████████ ▏ 4.6 GB/4.7 GB  5.9 MB/s      9s[K[?25h[?2026l[?2026h[?25l[A[1Gpulling manifest [K
pulling 96c415656d37:  99% ▕█████████████████ ▏ 4.6 GB/4.7 GB  5.9 MB/s      9s[K[?25h[?2026l[?2026h[?25l[A[1Gpulling manifest [K
pulling 96c415656d37:  99% ▕█████████████████ ▏ 4.6 GB/4.7 GB  5.9 MB/s      9s[K[?25h[?2026l[?2026h[?25l[A[1Gpulling manifest [K
pulling 96c415656d37:  99% ▕█████████████████ ▏ 4.6 GB/4.7 GB  5.9 MB/s      8s[K[?25h[?2026l[?2026h[?25l[A[1Gpulling manifest [K
pulling 96c415656d37:  99% ▕█████████████████ ▏ 4.6 GB/4.7 GB  5.9 MB/s      8s[K[?25h[?2026l[?2026h[?25l[A[1Gpulling manifest [K
pulling 96c415656d37:  99% ▕█████████████████ ▏ 4.6 GB/4.7 GB  5.9 MB/s      7s[K[?25h[?2026l[?2026h[?25l[A[1Gpulling manifest [K
pulling 96c415656d37:  99% ▕█████████████████ ▏ 4.6 GB/4.7 GB  5.9 MB/s      7s[K[?25h[?2026l[?2026h[?25l[A[1Gpulling manifest [K
pulling 96c415656d37:  99% ▕█████████████████ ▏ 4.6 GB/4.7 GB  5.9 MB/s      7s[K[?25h[?2026l[?2026h[?25l[A[1Gpulling manifest [K
pulling 96c415656d37:  99% ▕█████████████████ ▏ 4.6 GB/4.7 GB  5.9 MB/s      7s[K[?25h[?2026l[?2026h[?25l[A[1Gpulling manifest [K
pulling 96c415656d37:  99% ▕█████████████████ ▏ 4.6 GB/4.7 GB  5.9 MB/s      7s[K[?25h[?2026l[?2026h[?25l[A[1Gpulling manifest [K
pulling 96c415656d37:  99% ▕█████████████████ ▏ 4.6 GB/4.7 GB  6.4 MB/s      6s[K[?25h[?2026l[?2026h[?25l[A[1Gpulling manifest [K
pulling 96c415656d37:  99% ▕█████████████████ ▏ 4.6 GB/4.7 GB  6.4 MB/s      6s[K[?25h[?2026l[?2026h[?25l[A[1Gpulling manifest [K
pulling 96c415656d37:  99% ▕█████████████████ ▏ 4.6 GB/4.7 GB  6.4 MB/s      6s[K[?25h[?2026l[?2026h[?25l[A[1Gpulling manifest [K
pulling 96c415656d37:  99% ▕█████████████████ ▏ 4.6 GB/4.7 GB  6.4 MB/s      6s[K[?25h[?2026l[?2026h[?25l[A[1Gpulling manifest [K
pulling 96c415656d37:  99% ▕█████████████████ ▏ 4.6 GB/4.7 GB  6.4 MB/s      6s[K[?25h[?2026l[?2026h[?25l[A[1Gpulling manifest [K
pulling 96c415656d37:  99% ▕█████████████████ ▏ 4.6 GB/4.7 GB  6.4 MB/s      6s[K[?25h[?2026l[?2026h[?25l[A[1Gpulling manifest [K
pulling 96c415656d37:  99% ▕█████████████████ ▏ 4.6 GB/4.7 GB  6.4 MB/s      6s[K[?25h[?2026l[?2026h[?25l[A[1Gpulling manifest [K
pulling 96c415656d37:  99% ▕█████████████████ ▏ 4.6 GB/4.7 GB  6.4 MB/s      5s[K[?25h[?2026l[?2026h[?25l[A[1Gpulling manifest [K
pulling 96c415656d37:  99% ▕█████████████████ ▏ 4.6 GB/4.7 GB  6.4 MB/s      5s[K[?25h[?2026l[?2026h[?25l[A[1Gpulling manifest [K
pulling 96c415656d37:  99% ▕█████████████████ ▏ 4.6 GB/4.7 GB  6.4 MB/s      5s[K[?25h[?2026l[?2026h[?25l[A[1Gpulling manifest [K
pulling 96c415656d37:  99% ▕█████████████████ ▏ 4.6 GB/4.7 GB  6.8 MB/s      4s[K[?25h[?2026l[?2026h[?25l[A[1Gpulling manifest [K
pulling 96c415656d37:  99% ▕█████████████████ ▏ 4.6 GB/4.7 GB  6.8 MB/s      4s[K[?25h[?2026l[?2026h[?25l[A[1Gpulling manifest [K
pulling 96c415656d37:  99% ▕█████████████████ ▏ 4.6 GB/4.7 GB  6.8 MB/s      4s[K[?25h[?2026l[?2026h[?25l[A[1Gpulling manifest [K
pulling 96c415656d37:  99% ▕█████████████████ ▏ 4.6 GB/4.7 GB  6.8 MB/s      4s[K[?25h[?2026l[?2026h[?25l[A[1Gpulling manifest [K
pulling 96c415656d37:  99% ▕█████████████████ ▏ 4.6 GB/4.7 GB  6.8 MB/s      4s[K[?25h[?2026l[?2026h[?25l[A[1Gpulling manifest [K
pulling 96c415656d37:  99% ▕█████████████████ ▏ 4.6 GB/4.7 GB  6.8 MB/s      4s[K[?25h[?2026l[?2026h[?25l[A[1Gpulling manifest [K
pulling 96c415656d37:  99% ▕█████████████████ ▏ 4.7 GB/4.7 GB  6.8 MB/s      4s[K[?25h[?2026l[?2026h[?25l[A[1Gpulling manifest [K
pulling 96c415656d37:  99% ▕█████████████████ ▏ 4.7 GB/4.7 GB  6.8 MB/s      4s[K[?25h[?2026l[?2026h[?25l[A[1Gpulling manifest [K
pulling 96c415656d37:  99% ▕█████████████████ ▏ 4.7 GB/4.7 GB  6.8 MB/s      4s[K[?25h[?2026l[?2026h[?25l[A[1Gpulling manifest [K
pulling 96c415656d37:  99% ▕█████████████████ ▏ 4.7 GB/4.7 GB  6.8 MB/s      3s[K[?25h[?2026l[?2026h[?25l[A[1Gpulling manifest [K
pulling 96c415656d37:  99% ▕█████████████████ ▏ 4.7 GB/4.7 GB  7.2 MB/s      3s[K[?25h[?2026l[?2026h[?25l[A[1Gpulling manifest [K
pulling 96c415656d37:  99% ▕█████████████████ ▏ 4.7 GB/4.7 GB  7.2 MB/s      3s[K[?25h[?2026l[?2026h[?25l[A[1Gpulling manifest [K
pulling 96c415656d37: 100% ▕█████████████████ ▏ 4.7 GB/4.7 GB  7.2 MB/s      3s[K[?25h[?2026l[?2026h[?25l[A[1Gpulling manifest [K
pulling 96c415656d37: 100% ▕█████████████████ ▏ 4.7 GB/4.7 GB  7.2 MB/s      3s[K[?25h[?2026l[?2026h[?25l[A[1Gpulling manifest [K
pulling 96c415656d37: 100% ▕█████████████████ ▏ 4.7 GB/4.7 GB  7.2 MB/s      3s[K[?25h[?2026l[?2026h[?25l[A[1Gpulling manifest [K
pulling 96c415656d37: 100% ▕█████████████████ ▏ 4.7 GB/4.7 GB  7.2 MB/s      3s[K[?25h[?2026l[?2026h[?25l[A[1Gpulling manifest [K
pulling 96c415656d37: 100% ▕█████████████████ ▏ 4.7 GB/4.7 GB  7.2 MB/s      3s[K[?25h[?2026l[?2026h[?25l[A[1Gpulling manifest [K
pulling 96c415656d37: 100% ▕█████████████████ ▏ 4.7 GB/4.7 GB  7.2 MB/s      3s[K[?25h[?2026l[?2026h[?25l[A[1Gpulling manifest [K
pulling 96c415656d37: 100% ▕█████████████████ ▏ 4.7 GB/4.7 GB  7.2 MB/s      3s[K[?25h[?2026l[?2026h[?25l[A[1Gpulling manifest [K
pulling 96c415656d37: 100% ▕█████████████████ ▏ 4.7 GB/4.7 GB  7.2 MB/s      2s[K[?25h[?2026l[?2026h[?25l[A[1Gpulling manifest [K
pulling 96c415656d37: 100% ▕█████████████████ ▏ 4.7 GB/4.7 GB  7.2 MB/s      2s[K[?25h[?2026l[?2026h[?25l[A[1Gpulling manifest [K
pulling 96c415656d37: 100% ▕█████████████████ ▏ 4.7 GB/4.7 GB  7.2 MB/s      1s[K[?25h[?2026l[?2026h[?25l[A[1Gpulling manifest [K
pulling 96c415656d37: 100% ▕█████████████████ ▏ 4.7 GB/4.7 GB  7.2 MB/s      1s[K[?25h[?2026l[?2026h[?25l[A[1Gpulling manifest [K
pulling 96c415656d37: 100% ▕█████████████████ ▏ 4.7 GB/4.7 GB  7.2 MB/s      1s[K[?25h[?2026l[?2026h[?25l[A[1Gpulling manifest [K
pulling 96c415656d37: 100% ▕█████████████████ ▏ 4.7 GB/4.7 GB  7.2 MB/s      1s[K[?25h[?2026l[?2026h[?25l[A[1Gpulling manifest [K
pulling 96c415656d37: 100% ▕█████████████████ ▏ 4.7 GB/4.7 GB  7.2 MB/s      1s[K[?25h[?2026l[?2026h[?25l[A[1Gpulling manifest [K
pulling 96c415656d37: 100% ▕█████████████████ ▏ 4.7 GB/4.7 GB  7.2 MB/s      1s[K[?25h[?2026l[?2026h[?25l[A[1Gpulling manifest [K
pulling 96c415656d37: 100% ▕█████████████████ ▏ 4.7 GB/4.7 GB  7.2 MB/s      1s[K[?25h[?2026l[?2026h[?25l[A[1Gpulling manifest [K
pulling 96c415656d37: 100% ▕█████████████████ ▏ 4.7 GB/4.7 GB  7.2 MB/s      1s[K[?25h[?2026l[?2026h[?25l[A[1Gpulling manifest [K
pulling 96c415656d37: 100% ▕█████████████████ ▏ 4.7 GB/4.7 GB  7.2 MB/s      1s[K[?25h[?2026l[?2026h[?25l[A[1Gpulling manifest [K
pulling 96c415656d37: 100% ▕█████████████████ ▏ 4.7 GB/4.7 GB  8.0 MB/s      1s[K[?25h[?2026l[?2026h[?25l[A[1Gpulling manifest [K
pulling 96c415656d37: 100% ▕█████████████████ ▏ 4.7 GB/4.7 GB  8.0 MB/s      0s[K[?25h[?2026l[?2026h[?25l[A[1Gpulling manifest [K
pulling 96c415656d37: 100% ▕█████████████████ ▏ 4.7 GB/4.7 GB  8.0 MB/s      0s[K[?25h[?2026l[?2026h[?25l[A[1Gpulling manifest [K
pulling 96c415656d37: 100% ▕██████████████████▏ 4.7 GB                         [K[?25h[?2026l[?2026h[?25l[A[1Gpulling manifest [K
pulling 96c415656d37: 100% ▕██████████████████▏ 4.7 GB                         [K[?25h[?2026l[?2026h[?25l[A[1Gpulling manifest [K
pulling 96c415656d37: 100% ▕██████████████████▏ 4.7 GB                         [K[?25h[?2026l[?2026h[?25l[A[1Gpulling manifest [K
pulling 96c415656d37: 100% ▕██████████████████▏ 4.7 GB                         [K[?25h[?2026l[?2026h[?25l[A[1Gpulling manifest [K
pulling 96c415656d37: 100% ▕██████████████████▏ 4.7 GB                         [K[?25h[?2026l[?2026h[?25l[A[1Gpulling manifest [K
pulling 96c415656d37: 100% ▕██████████████████▏ 4.7 GB                         [K[?25h[?2026l[?2026h[?25l[A[1Gpulling manifest [K
pulling 96c415656d37: 100% ▕██████████████████▏ 4.7 GB                         [K[?25h[?2026l[?2026h[?25l[A[1Gpulling manifest [K
pulling 96c415656d37: 100% ▕██████████████████▏ 4.7 GB                         [K[?25h[?2026l[?2026h[?25l[A[1Gpulling manifest [K
pulling 96c415656d37: 100% ▕██████████████████▏ 4.7 GB                         [K[?25h[?2026l[?2026h[?25l[A[1Gpulling manifest [K
pulling 96c415656d37: 100% ▕██████████████████▏ 4.7 GB                         [K[?25h[?2026l[?2026h[?25l[A[1Gpulling manifest [K
pulling 96c415656d37: 100% ▕██████████████████▏ 4.7 GB                         [K[?25h[?2026l[?2026h[?25l[A[1Gpulling manifest [K
pulling 96c415656d37: 100% ▕██████████████████▏ 4.7 GB                         [K[?25h[?2026l[?2026h[?25l[A[1Gpulling manifest [K
pulling 96c415656d37: 100% ▕██████████████████▏ 4.7 GB                         [K[?25h[?2026l[?2026h[?25l[A[1Gpulling manifest [K
pulling 96c415656d37: 100% ▕██████████████████▏ 4.7 GB                         [K[?25h[?2026l[?2026h[?25l[A[1Gpulling manifest [K
pulling 96c415656d37: 100% ▕██████████████████▏ 4.7 GB                         [K[?25h[?2026l[?2026h[?25l[A[1Gpulling manifest [K
pulling 96c415656d37: 100% ▕██████████████████▏ 4.7 GB                         [K[?25h[?2026l[?2026h[?25l[A[1Gpulling manifest [K
pulling 96c415656d37: 100% ▕██████████████████▏ 4.7 GB                         [K[?25h[?2026l[?2026h[?25l[A[1Gpulling manifest [K
pulling 96c415656d37: 100% ▕██████████████████▏ 4.7 GB                         [K[?25h[?2026l[?2026h[?25l[A[1Gpulling manifest [K
pulling 96c415656d37: 100% ▕██████████████████▏ 4.7 GB                         [K[?25h[?2026l[?2026h[?25l[A[1Gpulling manifest [K
pulling 96c415656d37: 100% ▕██████████████████▏ 4.7 GB                         [K[?25h[?2026l[?2026h[?25l[A[1Gpulling manifest [K
pulling 96c415656d37: 100% ▕██████████████████▏ 4.7 GB                         [K
pulling c5ad996bda6e: 100% ▕██████████████████▏  556 B                         [K[?25h[?2026l[?2026h[?25l[A[A[1Gpulling manifest [K
pulling 96c415656d37: 100% ▕██████████████████▏ 4.7 GB                         [K
pulling c5ad996bda6e: 100% ▕██████████████████▏  556 B                         [K[?25h[?2026l[?2026h[?25l[A[A[1Gpulling manifest [K
pulling 96c415656d37: 100% ▕██████████████████▏ 4.7 GB                         [K
pulling c5ad996bda6e: 100% ▕██████████████████▏  556 B                         [K[?25h[?2026l[?2026h[?25l[A[A[1Gpulling manifest [K
pulling 96c415656d37: 100% ▕██████████████████▏ 4.7 GB                         [K
pulling c5ad996bda6e: 100% ▕██████████████████▏  556 B                         [K[?25h[?2026l[?2026h[?25l[A[A[1Gpulling manifest [K
pulling 96c415656d37: 100% ▕██████████████████▏ 4.7 GB                         [K
pulling c5ad996bda6e: 100% ▕██████████████████▏  556 B                         [K[?25h[?2026l[?2026h[?25l[A[A[1Gpulling manifest [K
pulling 96c415656d37: 100% ▕██████████████████▏ 4.7 GB                         [K
pulling c5ad996bda6e: 100% ▕██████████████████▏  556 B                         [K[?25h[?2026l[?2026h[?25l[A[A[1Gpulling manifest [K
pulling 96c415656d37: 100% ▕██████████████████▏ 4.7 GB                         [K
pulling c5ad996bda6e: 100% ▕██████████████████▏  556 B                         [K[?25h[?2026l[?2026h[?25l[A[A[1Gpulling manifest [K
pulling 96c415656d37: 100% ▕██████████████████▏ 4.7 GB                         [K
pulling c5ad996bda6e: 100% ▕██████████████████▏  556 B                         [K[?25h[?2026l[?2026h[?25l[A[A[1Gpulling manifest [K
pulling 96c415656d37: 100% ▕██████████████████▏ 4.7 GB                         [K
pulling c5ad996bda6e: 100% ▕██████████████████▏  556 B                         [K[?25h[?2026l[?2026h[?25l[A[A[1Gpulling manifest [K
pulling 96c415656d37: 100% ▕██████████████████▏ 4.7 GB                         [K
pulling c5ad996bda6e: 100% ▕██████████████████▏  556 B                         [K[?25h[?2026l[?2026h[?25l[A[A[1Gpulling manifest [K
pulling 96c415656d37: 100% ▕██████████████████▏ 4.7 GB                         [K
pulling c5ad996bda6e: 100% ▕██████████████████▏  556 B                         [K[?25h[?2026l[?2026h[?25l[A[A[1Gpulling manifest [K
pulling 96c415656d37: 100% ▕██████████████████▏ 4.7 GB                         [K
pulling c5ad996bda6e: 100% ▕██████████████████▏  556 B                         [K[?25h[?2026l[?2026h[?25l[A[A[1Gpulling manifest [K
pulling 96c415656d37: 100% ▕██████████████████▏ 4.7 GB                         [K
pulling c5ad996bda6e: 100% ▕██████████████████▏  556 B                         [K[?25h[?2026l[?2026h[?25l[A[A[1Gpulling manifest [K
pulling 96c415656d37: 100% ▕██████████████████▏ 4.7 GB                         [K
pulling c5ad996bda6e: 100% ▕██████████████████▏  556 B                         [K[?25h[?2026l[?2026h[?25l[A[A[1Gpulling manifest [K
pulling 96c415656d37: 100% ▕██████████████████▏ 4.7 GB                         [K
pulling c5ad996bda6e: 100% ▕██████████████████▏  556 B                         [K[?25h[?2026l[?2026h[?25l[A[A[1Gpulling manifest [K
pulling 96c415656d37: 100% ▕██████████████████▏ 4.7 GB                         [K
pulling c5ad996bda6e: 100% ▕██████████████████▏  556 B                         [K[?25h[?2026l[?2026h[?25l[A[A[1Gpulling manifest [K
pulling 96c415656d37: 100% ▕██████████████████▏ 4.7 GB                         [K
pulling c5ad996bda6e: 100% ▕██████████████████▏  556 B                         [K[?25h[?2026l[?2026h[?25l[A[A[1Gpulling manifest [K
pulling 96c415656d37: 100% ▕██████████████████▏ 4.7 GB                         [K
pulling c5ad996bda6e: 100% ▕██████████████████▏  556 B                         [K
pulling 6e4c38e1172f: 100% ▕██████████████████▏ 1.1 KB                         [K[?25h[?2026l[?2026h[?25l[A[A[A[1Gpulling manifest [K
pulling 96c415656d37: 100% ▕██████████████████▏ 4.7 GB                         [K
pulling c5ad996bda6e: 100% ▕██████████████████▏  556 B                         [K
pulling 6e4c38e1172f: 100% ▕██████████████████▏ 1.1 KB                         [K[?25h[?2026l[?2026h[?25l[A[A[A[1Gpulling manifest [K
pulling 96c415656d37: 100% ▕██████████████████▏ 4.7 GB                         [K
pulling c5ad996bda6e: 100% ▕██████████████████▏  556 B                         [K
pulling 6e4c38e1172f: 100% ▕██████████████████▏ 1.1 KB                         [K[?25h[?2026l[?2026h[?25l[A[A[A[1Gpulling manifest [K
pulling 96c415656d37: 100% ▕██████████████████▏ 4.7 GB                         [K
pulling c5ad996bda6e: 100% ▕██████████████████▏  556 B                         [K
pulling 6e4c38e1172f: 100% ▕██████████████████▏ 1.1 KB                         [K[?25h[?2026l[?2026h[?25l[A[A[A[1Gpulling manifest [K
pulling 96c415656d37: 100% ▕██████████████████▏ 4.7 GB                         [K
pulling c5ad996bda6e: 100% ▕██████████████████▏  556 B                         [K
pulling 6e4c38e1172f: 100% ▕██████████████████▏ 1.1 KB                         [K[?25h[?2026l[?2026h[?25l[A[A[A[1Gpulling manifest [K
pulling 96c415656d37: 100% ▕██████████████████▏ 4.7 GB                         [K
pulling c5ad996bda6e: 100% ▕██████████████████▏  556 B                         [K
pulling 6e4c38e1172f: 100% ▕██████████████████▏ 1.1 KB                         [K[?25h[?2026l[?2026h[?25l[A[A[A[1Gpulling manifest [K
pulling 96c415656d37: 100% ▕██████████████████▏ 4.7 GB                         [K
pulling c5ad996bda6e: 100% ▕██████████████████▏  556 B                         [K
pulling 6e4c38e1172f: 100% ▕██████████████████▏ 1.1 KB                         [K[?25h[?2026l[?2026h[?25l[A[A[A[1Gpulling manifest [K
pulling 96c415656d37: 100% ▕██████████████████▏ 4.7 GB                         [K
pulling c5ad996bda6e: 100% ▕██████████████████▏  556 B                         [K
pulling 6e4c38e1172f: 100% ▕██████████████████▏ 1.1 KB                         [K[?25h[?2026l[?2026h[?25l[A[A[A[1Gpulling manifest [K
pulling 96c415656d37: 100% ▕██████████████████▏ 4.7 GB                         [K
pulling c5ad996bda6e: 100% ▕██████████████████▏  556 B                         [K
pulling 6e4c38e1172f: 100% ▕██████████████████▏ 1.1 KB                         [K[?25h[?2026l[?2026h[?25l[A[A[A[1Gpulling manifest [K
pulling 96c415656d37: 100% ▕██████████████████▏ 4.7 GB                         [K
pulling c5ad996bda6e: 100% ▕██████████████████▏  556 B                         [K
pulling 6e4c38e1172f: 100% ▕██████████████████▏ 1.1 KB                         [K[?25h[?2026l[?2026h[?25l[A[A[A[1Gpulling manifest [K
pulling 96c415656d37: 100% ▕██████████████████▏ 4.7 GB                         [K
pulling c5ad996bda6e: 100% ▕██████████████████▏  556 B                         [K
pulling 6e4c38e1172f: 100% ▕██████████████████▏ 1.1 KB                         [K[?25h[?2026l[?2026h[?25l[A[A[A[1Gpulling manifest [K
pulling 96c415656d37: 100% ▕██████████████████▏ 4.7 GB                         [K
pulling c5ad996bda6e: 100% ▕██████████████████▏  556 B                         [K
pulling 6e4c38e1172f: 100% ▕██████████████████▏ 1.1 KB                         [K[?25h[?2026l[?2026h[?25l[A[A[A[1Gpulling manifest [K
pulling 96c415656d37: 100% ▕██████████████████▏ 4.7 GB                         [K
pulling c5ad996bda6e: 100% ▕██████████████████▏  556 B                         [K
pulling 6e4c38e1172f: 100% ▕██████████████████▏ 1.1 KB                         [K[?25h[?2026l[?2026h[?25l[A[A[A[1Gpulling manifest [K
pulling 96c415656d37: 100% ▕██████████████████▏ 4.7 GB                         [K
pulling c5ad996bda6e: 100% ▕██████████████████▏  556 B                         [K
pulling 6e4c38e1172f: 100% ▕██████████████████▏ 1.1 KB                         [K[?25h[?2026l[?2026h[?25l[A[A[A[1Gpulling manifest [K
pulling 96c415656d37: 100% ▕██████████████████▏ 4.7 GB                         [K
pulling c5ad996bda6e: 100% ▕██████████████████▏  556 B                         [K
pulling 6e4c38e1172f: 100% ▕██████████████████▏ 1.1 KB                         [K[?25h[?2026l[?2026h[?25l[A[A[A[1Gpulling manifest [K
pulling 96c415656d37: 100% ▕██████████████████▏ 4.7 GB                         [K
pulling c5ad996bda6e: 100% ▕██████████████████▏  556 B                         [K
pulling 6e4c38e1172f: 100% ▕██████████████████▏ 1.1 KB                         [K[?25h[?2026l[?2026h[?25l[A[A[A[1Gpulling manifest [K
pulling 96c415656d37: 100% ▕██████████████████▏ 4.7 GB                         [K
pulling c5ad996bda6e: 100% ▕██████████████████▏  556 B                         [K
pulling 6e4c38e1172f: 100% ▕██████████████████▏ 1.1 KB                         [K[?25h[?2026l[?2026h[?25l[A[A[A[1Gpulling manifest [K
pulling 96c415656d37: 100% ▕██████████████████▏ 4.7 GB                         [K
pulling c5ad996bda6e: 100% ▕██████████████████▏  556 B                         [K
pulling 6e4c38e1172f: 100% ▕██████████████████▏ 1.1 KB                         [K
pulling f4d24e9138dd: 100% ▕██████████████████▏  148 B                         [K[?25h[?2026l[?2026h[?25l[A[A[A[A[1Gpulling manifest [K
pulling 96c415656d37: 100% ▕██████████████████▏ 4.7 GB                         [K
pulling c5ad996bda6e: 100% ▕██████████████████▏  556 B                         [K
pulling 6e4c38e1172f: 100% ▕██████████████████▏ 1.1 KB                         [K
pulling f4d24e9138dd: 100% ▕██████████████████▏  148 B                         [K[?25h[?2026l[?2026h[?25l[A[A[A[A[1Gpulling manifest [K
pulling 96c415656d37: 100% ▕██████████████████▏ 4.7 GB                         [K
pulling c5ad996bda6e: 100% ▕██████████████████▏  556 B                         [K
pulling 6e4c38e1172f: 100% ▕██████████████████▏ 1.1 KB                         [K
pulling f4d24e9138dd: 100% ▕██████████████████▏  148 B                         [K[?25h[?2026l[?2026h[?25l[A[A[A[A[1Gpulling manifest [K
pulling 96c415656d37: 100% ▕██████████████████▏ 4.7 GB                         [K
pulling c5ad996bda6e: 100% ▕██████████████████▏  556 B                         [K
pulling 6e4c38e1172f: 100% ▕██████████████████▏ 1.1 KB                         [K
pulling f4d24e9138dd: 100% ▕██████████████████▏  148 B                         [K[?25h[?2026l[?2026h[?25l[A[A[A[A[1Gpulling manifest [K
pulling 96c415656d37: 100% ▕██████████████████▏ 4.7 GB                         [K
pulling c5ad996bda6e: 100% ▕██████████████████▏  556 B                         [K
pulling 6e4c38e1172f: 100% ▕██████████████████▏ 1.1 KB                         [K
pulling f4d24e9138dd: 100% ▕██████████████████▏  148 B                         [K[?25h[?2026l[?2026h[?25l[A[A[A[A[1Gpulling manifest [K
pulling 96c415656d37: 100% ▕██████████████████▏ 4.7 GB                         [K
pulling c5ad996bda6e: 100% ▕██████████████████▏  556 B                         [K
pulling 6e4c38e1172f: 100% ▕██████████████████▏ 1.1 KB                         [K
pulling f4d24e9138dd: 100% ▕██████████████████▏  148 B                         [K[?25h[?2026l[?2026h[?25l[A[A[A[A[1Gpulling manifest [K
pulling 96c415656d37: 100% ▕██████████████████▏ 4.7 GB                         [K
pulling c5ad996bda6e: 100% ▕██████████████████▏  556 B                         [K
pulling 6e4c38e1172f: 100% ▕██████████████████▏ 1.1 KB                         [K
pulling f4d24e9138dd: 100% ▕██████████████████▏  148 B                         [K[?25h[?2026l[?2026h[?25l[A[A[A[A[1Gpulling manifest [K
pulling 96c415656d37: 100% ▕██████████████████▏ 4.7 GB                         [K
pulling c5ad996bda6e: 100% ▕██████████████████▏  556 B                         [K
pulling 6e4c38e1172f: 100% ▕██████████████████▏ 1.1 KB                         [K
pulling f4d24e9138dd: 100% ▕██████████████████▏  148 B                         [K[?25h[?2026l[?2026h[?25l[A[A[A[A[1Gpulling manifest [K
pulling 96c415656d37: 100% ▕██████████████████▏ 4.7 GB                         [K
pulling c5ad996bda6e: 100% ▕██████████████████▏  556 B                         [K
pulling 6e4c38e1172f: 100% ▕██████████████████▏ 1.1 KB                         [K
pulling f4d24e9138dd: 100% ▕██████████████████▏  148 B                         [K[?25h[?2026l[?2026h[?25l[A[A[A[A[1Gpulling manifest [K
pulling 96c415656d37: 100% ▕██████████████████▏ 4.7 GB                         [K
pulling c5ad996bda6e: 100% ▕██████████████████▏  556 B                         [K
pulling 6e4c38e1172f: 100% ▕██████████████████▏ 1.1 KB                         [K
pulling f4d24e9138dd: 100% ▕██████████████████▏  148 B                         [K[?25h[?2026l[?2026h[?25l[A[A[A[A[1Gpulling manifest [K
pulling 96c415656d37: 100% ▕██████████████████▏ 4.7 GB                         [K
pulling c5ad996bda6e: 100% ▕██████████████████▏  556 B                         [K
pulling 6e4c38e1172f: 100% ▕██████████████████▏ 1.1 KB                         [K
pulling f4d24e9138dd: 100% ▕██████████████████▏  148 B                         [K[?25h[?2026l[?2026h[?25l[A[A[A[A[1Gpulling manifest [K
pulling 96c415656d37: 100% ▕██████████████████▏ 4.7 GB                         [K
pulling c5ad996bda6e: 100% ▕██████████████████▏  556 B                         [K
pulling 6e4c38e1172f: 100% ▕██████████████████▏ 1.1 KB                         [K
pulling f4d24e9138dd: 100% ▕██████████████████▏  148 B                         [K[?25h[?2026l[?2026h[?25l[A[A[A[A[1Gpulling manifest [K
pulling 96c415656d37: 100% ▕██████████████████▏ 4.7 GB                         [K
pulling c5ad996bda6e: 100% ▕██████████████████▏  556 B                         [K
pulling 6e4c38e1172f: 100% ▕██████████████████▏ 1.1 KB                         [K
pulling f4d24e9138dd: 100% ▕██████████████████▏  148 B                         [K[?25h[?2026l[?2026h[?25l[A[A[A[A[1Gpulling manifest [K
pulling 96c415656d37: 100% ▕██████████████████▏ 4.7 GB                         [K
pulling c5ad996bda6e: 100% ▕██████████████████▏  556 B                         [K
pulling 6e4c38e1172f: 100% ▕██████████████████▏ 1.1 KB                         [K
pulling f4d24e9138dd: 100% ▕██████████████████▏  148 B                         [K[?25h[?2026l[?2026h[?25l[A[A[A[A[1Gpulling manifest [K
pulling 96c415656d37: 100% ▕██████████████████▏ 4.7 GB                         [K
pulling c5ad996bda6e: 100% ▕██████████████████▏  556 B                         [K
pulling 6e4c38e1172f: 100% ▕██████████████████▏ 1.1 KB                         [K
pulling f4d24e9138dd: 100% ▕██████████████████▏  148 B                         [K[?25h[?2026l[?2026h[?25l[A[A[A[A[1Gpulling manifest [K
pulling 96c415656d37: 100% ▕██████████████████▏ 4.7 GB                         [K
pulling c5ad996bda6e: 100% ▕██████████████████▏  556 B                         [K
pulling 6e4c38e1172f: 100% ▕██████████████████▏ 1.1 KB                         [K
pulling f4d24e9138dd: 100% ▕██████████████████▏  148 B                         [K[?25h[?2026l[?2026h[?25l[A[A[A[A[1Gpulling manifest [K
pulling 96c415656d37: 100% ▕██████████████████▏ 4.7 GB                         [K
pulling c5ad996bda6e: 100% ▕██████████████████▏  556 B                         [K
pulling 6e4c38e1172f: 100% ▕██████████████████▏ 1.1 KB                         [K
pulling f4d24e9138dd: 100% ▕██████████████████▏  148 B                         [K[?25h[?2026l[?2026h[?25l[A[A[A[A[1Gpulling manifest [K
pulling 96c415656d37: 100% ▕██████████████████▏ 4.7 GB                         [K
pulling c5ad996bda6e: 100% ▕██████████████████▏  556 B                         [K
pulling 6e4c38e1172f: 100% ▕██████████████████▏ 1.1 KB                         [K
pulling f4d24e9138dd: 100% ▕██████████████████▏  148 B                         [K[?25h[?2026l[?2026h[?25l[A[A[A[A[1Gpulling manifest [K
pulling 96c415656d37: 100% ▕██████████████████▏ 4.7 GB                         [K
pulling c5ad996bda6e: 100% ▕██████████████████▏  556 B                         [K
pulling 6e4c38e1172f: 100% ▕██████████████████▏ 1.1 KB                         [K
pulling f4d24e9138dd: 100% ▕██████████████████▏  148 B                         [K
pulling 40fb844194b2: 100% ▕██████████████████▏  487 B                         [K[?25h[?2026l[?2026h[?25l[A[A[A[A[A[1Gpulling manifest [K
pulling 96c415656d37: 100% ▕██████████████████▏ 4.7 GB                         [K
pulling c5ad996bda6e: 100% ▕██████████████████▏  556 B                         [K
pulling 6e4c38e1172f: 100% ▕██████████████████▏ 1.1 KB                         [K
pulling f4d24e9138dd: 100% ▕██████████████████▏  148 B                         [K
pulling 40fb844194b2: 100% ▕██████████████████▏  487 B                         [K[?25h[?2026l[?2026h[?25l[A[A[A[A[A[1Gpulling manifest [K
pulling 96c415656d37: 100% ▕██████████████████▏ 4.7 GB                         [K
pulling c5ad996bda6e: 100% ▕██████████████████▏  556 B                         [K
pulling 6e4c38e1172f: 100% ▕██████████████████▏ 1.1 KB                         [K
pulling f4d24e9138dd: 100% ▕██████████████████▏  148 B                         [K
pulling 40fb844194b2: 100% ▕██████████████████▏  487 B                         [K[?25h[?2026l[?2026h[?25l[A[A[A[A[A[1Gpulling manifest [K
pulling 96c415656d37: 100% ▕██████████████████▏ 4.7 GB                         [K
pulling c5ad996bda6e: 100% ▕██████████████████▏  556 B                         [K
pulling 6e4c38e1172f: 100% ▕██████████████████▏ 1.1 KB                         [K
pulling f4d24e9138dd: 100% ▕██████████████████▏  148 B                         [K
pulling 40fb844194b2: 100% ▕██████████████████▏  487 B                         [K[?25h[?2026l[?2026h[?25l[A[A[A[A[A[1Gpulling manifest [K
pulling 96c415656d37: 100% ▕██████████████████▏ 4.7 GB                         [K
pulling c5ad996bda6e: 100% ▕██████████████████▏  556 B                         [K
pulling 6e4c38e1172f: 100% ▕██████████████████▏ 1.1 KB                         [K
pulling f4d24e9138dd: 100% ▕██████████████████▏  148 B                         [K
pulling 40fb844194b2: 100% ▕██████████████████▏  487 B                         [K[?25h[?2026l[?2026h[?25l[A[A[A[A[A[1Gpulling manifest [K
pulling 96c415656d37: 100% ▕██████████████████▏ 4.7 GB                         [K
pulling c5ad996bda6e: 100% ▕██████████████████▏  556 B                         [K
pulling 6e4c38e1172f: 100% ▕██████████████████▏ 1.1 KB                         [K
pulling f4d24e9138dd: 100% ▕██████████████████▏  148 B                         [K
pulling 40fb844194b2: 100% ▕██████████████████▏  487 B                         [K[?25h[?2026l[?2026h[?25l[A[A[A[A[A[1Gpulling manifest [K
pulling 96c415656d37: 100% ▕██████████████████▏ 4.7 GB                         [K
pulling c5ad996bda6e: 100% ▕██████████████████▏  556 B                         [K
pulling 6e4c38e1172f: 100% ▕██████████████████▏ 1.1 KB                         [K
pulling f4d24e9138dd: 100% ▕██████████████████▏  148 B                         [K
pulling 40fb844194b2: 100% ▕██████████████████▏  487 B                         [K[?25h[?2026l[?2026h[?25l[A[A[A[A[A[1Gpulling manifest [K
pulling 96c415656d37: 100% ▕██████████████████▏ 4.7 GB                         [K
pulling c5ad996bda6e: 100% ▕██████████████████▏  556 B                         [K
pulling 6e4c38e1172f: 100% ▕██████████████████▏ 1.1 KB                         [K
pulling f4d24e9138dd: 100% ▕██████████████████▏  148 B                         [K
pulling 40fb844194b2: 100% ▕██████████████████▏  487 B                         [K
verifying sha256 digest ⠋ [K[?25h[?2026l[?2026h[?25l[A[A[A[A[A[A[1Gpulling manifest [K
pulling 96c415656d37: 100% ▕██████████████████▏ 4.7 GB                         [K
pulling c5ad996bda6e: 100% ▕██████████████████▏  556 B                         [K
pulling 6e4c38e1172f: 100% ▕██████████████████▏ 1.1 KB                         [K
pulling f4d24e9138dd: 100% ▕██████████████████▏  148 B                         [K
pulling 40fb844194b2: 100% ▕██████████████████▏  487 B                         [K
verifying sha256 digest ⠙ [K[?25h[?2026l[?2026h[?25l[A[A[A[A[A[A[1Gpulling manifest [K
pulling 96c415656d37: 100% ▕██████████████████▏ 4.7 GB                         [K
pulling c5ad996bda6e: 100% ▕██████████████████▏  556 B                         [K
pulling 6e4c38e1172f: 100% ▕██████████████████▏ 1.1 KB                         [K
pulling f4d24e9138dd: 100% ▕██████████████████▏  148 B                         [K
pulling 40fb844194b2: 100% ▕██████████████████▏  487 B                         [K
verifying sha256 digest ⠹ [K[?25h[?2026l[?2026h[?25l[A[A[A[A[A[A[1Gpulling manifest [K
pulling 96c415656d37: 100% ▕██████████████████▏ 4.7 GB                         [K
pulling c5ad996bda6e: 100% ▕██████████████████▏  556 B                         [K
pulling 6e4c38e1172f: 100% ▕██████████████████▏ 1.1 KB                         [K
pulling f4d24e9138dd: 100% ▕██████████████████▏  148 B                         [K
pulling 40fb844194b2: 100% ▕██████████████████▏  487 B                         [K
verifying sha256 digest ⠸ [K[?25h[?2026l[?2026h[?25l[A[A[A[A[A[A[1Gpulling manifest [K
pulling 96c415656d37: 100% ▕██████████████████▏ 4.7 GB                         [K
pulling c5ad996bda6e: 100% ▕██████████████████▏  556 B                         [K
pulling 6e4c38e1172f: 100% ▕██████████████████▏ 1.1 KB                         [K
pulling f4d24e9138dd: 100% ▕██████████████████▏  148 B                         [K
pulling 40fb844194b2: 100% ▕██████████████████▏  487 B                         [K
verifying sha256 digest ⠼ [K[?25h[?2026l[?2026h[?25l[A[A[A[A[A[A[1Gpulling manifest [K
pulling 96c415656d37: 100% ▕██████████████████▏ 4.7 GB                         [K
pulling c5ad996bda6e: 100% ▕██████████████████▏  556 B                         [K
pulling 6e4c38e1172f: 100% ▕██████████████████▏ 1.1 KB                         [K
pulling f4d24e9138dd: 100% ▕██████████████████▏  148 B                         [K
pulling 40fb844194b2: 100% ▕██████████████████▏  487 B                         [K
verifying sha256 digest ⠴ [K[?25h[?2026l[?2026h[?25l[A[A[A[A[A[A[1Gpulling manifest [K
pulling 96c415656d37: 100% ▕██████████████████▏ 4.7 GB                         [K
pulling c5ad996bda6e: 100% ▕██████████████████▏  556 B                         [K
pulling 6e4c38e1172f: 100% ▕██████████████████▏ 1.1 KB                         [K
pulling f4d24e9138dd: 100% ▕██████████████████▏  148 B                         [K
pulling 40fb844194b2: 100% ▕██████████████████▏  487 B                         [K
verifying sha256 digest ⠦ [K[?25h[?2026l[?2026h[?25l[A[A[A[A[A[A[1Gpulling manifest [K
pulling 96c415656d37: 100% ▕██████████████████▏ 4.7 GB                         [K
pulling c5ad996bda6e: 100% ▕██████████████████▏  556 B                         [K
pulling 6e4c38e1172f: 100% ▕██████████████████▏ 1.1 KB                         [K
pulling f4d24e9138dd: 100% ▕██████████████████▏  148 B                         [K
pulling 40fb844194b2: 100% ▕██████████████████▏  487 B                         [K
verifying sha256 digest ⠧ [K[?25h[?2026l[?2026h[?25l[A[A[A[A[A[A[1Gpulling manifest [K
pulling 96c415656d37: 100% ▕██████████████████▏ 4.7 GB                         [K
pulling c5ad996bda6e: 100% ▕██████████████████▏  556 B                         [K
pulling 6e4c38e1172f: 100% ▕██████████████████▏ 1.1 KB                         [K
pulling f4d24e9138dd: 100% ▕██████████████████▏  148 B                         [K
pulling 40fb844194b2: 100% ▕██████████████████▏  487 B                         [K
verifying sha256 digest ⠇ [K[?25h[?2026l[?2026h[?25l[A[A[A[A[A[A[1Gpulling manifest [K
pulling 96c415656d37: 100% ▕██████████████████▏ 4.7 GB                         [K
pulling c5ad996bda6e: 100% ▕██████████████████▏  556 B                         [K
pulling 6e4c38e1172f: 100% ▕██████████████████▏ 1.1 KB                         [K
pulling f4d24e9138dd: 100% ▕██████████████████▏  148 B                         [K
pulling 40fb844194b2: 100% ▕██████████████████▏  487 B                         [K
verifying sha256 digest ⠏ [K[?25h[?2026l[?2026h[?25l[A[A[A[A[A[A[1Gpulling manifest [K
pulling 96c415656d37: 100% ▕██████████████████▏ 4.7 GB                         [K
pulling c5ad996bda6e: 100% ▕██████████████████▏  556 B                         [K
pulling 6e4c38e1172f: 100% ▕██████████████████▏ 1.1 KB                         [K
pulling f4d24e9138dd: 100% ▕██████████████████▏  148 B                         [K
pulling 40fb844194b2: 100% ▕██████████████████▏  487 B                         [K
verifying sha256 digest ⠋ [K[?25h[?2026l[?2026h[?25l[A[A[A[A[A[A[1Gpulling manifest [K
pulling 96c415656d37: 100% ▕██████████████████▏ 4.7 GB                         [K
pulling c5ad996bda6e: 100% ▕██████████████████▏  556 B                         [K
pulling 6e4c38e1172f: 100% ▕██████████████████▏ 1.1 KB                         [K
pulling f4d24e9138dd: 100% ▕██████████████████▏  148 B                         [K
pulling 40fb844194b2: 100% ▕██████████████████▏  487 B                         [K
verifying sha256 digest ⠙ [K[?25h[?2026l[?2026h[?25l[A[A[A[A[A[A[1Gpulling manifest [K
pulling 96c415656d37: 100% ▕██████████████████▏ 4.7 GB                         [K
pulling c5ad996bda6e: 100% ▕██████████████████▏  556 B                         [K
pulling 6e4c38e1172f: 100% ▕██████████████████▏ 1.1 KB                         [K
pulling f4d24e9138dd: 100% ▕██████████████████▏  148 B                         [K
pulling 40fb844194b2: 100% ▕██████████████████▏  487 B                         [K
verifying sha256 digest ⠹ [K[?25h[?2026l[?2026h[?25l[A[A[A[A[A[A[1Gpulling manifest [K
pulling 96c415656d37: 100% ▕██████████████████▏ 4.7 GB                         [K
pulling c5ad996bda6e: 100% ▕██████████████████▏  556 B                         [K
pulling 6e4c38e1172f: 100% ▕██████████████████▏ 1.1 KB                         [K
pulling f4d24e9138dd: 100% ▕██████████████████▏  148 B                         [K
pulling 40fb844194b2: 100% ▕██████████████████▏  487 B                         [K
verifying sha256 digest ⠸ [K[?25h[?2026l[?2026h[?25l[A[A[A[A[A[A[1Gpulling manifest [K
pulling 96c415656d37: 100% ▕██████████████████▏ 4.7 GB                         [K
pulling c5ad996bda6e: 100% ▕██████████████████▏  556 B                         [K
pulling 6e4c38e1172f: 100% ▕██████████████████▏ 1.1 KB                         [K
pulling f4d24e9138dd: 100% ▕██████████████████▏  148 B                         [K
pulling 40fb844194b2: 100% ▕██████████████████▏  487 B                         [K
verifying sha256 digest ⠼ [K[?25h[?2026l[?2026h[?25l[A[A[A[A[A[A[1Gpulling manifest [K
pulling 96c415656d37: 100% ▕██████████████████▏ 4.7 GB                         [K
pulling c5ad996bda6e: 100% ▕██████████████████▏  556 B                         [K
pulling 6e4c38e1172f: 100% ▕██████████████████▏ 1.1 KB                         [K
pulling f4d24e9138dd: 100% ▕██████████████████▏  148 B                         [K
pulling 40fb844194b2: 100% ▕██████████████████▏  487 B                         [K
verifying sha256 digest ⠴ [K[?25h[?2026l[?2026h[?25l[A[A[A[A[A[A[1Gpulling manifest [K
pulling 96c415656d37: 100% ▕██████████████████▏ 4.7 GB                         [K
pulling c5ad996bda6e: 100% ▕██████████████████▏  556 B                         [K
pulling 6e4c38e1172f: 100% ▕██████████████████▏ 1.1 KB                         [K
pulling f4d24e9138dd: 100% ▕██████████████████▏  148 B                         [K
pulling 40fb844194b2: 100% ▕██████████████████▏  487 B                         [K
verifying sha256 digest ⠦ [K[?25h[?2026l[?2026h[?25l[A[A[A[A[A[A[1Gpulling manifest [K
pulling 96c415656d37: 100% ▕██████████████████▏ 4.7 GB                         [K
pulling c5ad996bda6e: 100% ▕██████████████████▏  556 B                         [K
pulling 6e4c38e1172f: 100% ▕██████████████████▏ 1.1 KB                         [K
pulling f4d24e9138dd: 100% ▕██████████████████▏  148 B                         [K
pulling 40fb844194b2: 100% ▕██████████████████▏  487 B                         [K
verifying sha256 digest ⠧ [K[?25h[?2026l[?2026h[?25l[A[A[A[A[A[A[1Gpulling manifest [K
pulling 96c415656d37: 100% ▕██████████████████▏ 4.7 GB                         [K
pulling c5ad996bda6e: 100% ▕██████████████████▏  556 B                         [K
pulling 6e4c38e1172f: 100% ▕██████████████████▏ 1.1 KB                         [K
pulling f4d24e9138dd: 100% ▕██████████████████▏  148 B                         [K
pulling 40fb844194b2: 100% ▕██████████████████▏  487 B                         [K
verifying sha256 digest ⠇ [K[?25h[?2026l[?2026h[?25l[A[A[A[A[A[A[1Gpulling manifest [K
pulling 96c415656d37: 100% ▕██████████████████▏ 4.7 GB                         [K
pulling c5ad996bda6e: 100% ▕██████████████████▏  556 B                         [K
pulling 6e4c38e1172f: 100% ▕██████████████████▏ 1.1 KB                         [K
pulling f4d24e9138dd: 100% ▕██████████████████▏  148 B                         [K
pulling 40fb844194b2: 100% ▕██████████████████▏  487 B                         [K
verifying sha256 digest ⠏ [K[?25h[?2026l[?2026h[?25l[A[A[A[A[A[A[1Gpulling manifest [K
pulling 96c415656d37: 100% ▕██████████████████▏ 4.7 GB                         [K
pulling c5ad996bda6e: 100% ▕██████████████████▏  556 B                         [K
pulling 6e4c38e1172f: 100% ▕██████████████████▏ 1.1 KB                         [K
pulling f4d24e9138dd: 100% ▕██████████████████▏  148 B                         [K
pulling 40fb844194b2: 100% ▕██████████████████▏  487 B                         [K
verifying sha256 digest [K
writing manifest [K
success [K[?25h[?2026l
