[?2026h[?25l[1Gpulling manifest ⠋ [K[?25h[?2026l[?2026h[?25l[1Gpulling manifest ⠙ [K[?25h[?2026l[?2026h[?25l[1Gpulling manifest ⠹ [K[?25h[?2026l[?2026h[?25l[1Gpulling manifest ⠸ [K[?25h[?2026l[?2026h[?25l[1Gpulling manifest ⠼ [K[?25h[?2026l[?2026h[?25l[1Gpulling manifest ⠴ [K[?25h[?2026l[?2026h[?25l[1Gpulling manifest ⠦ [K[?25h[?2026l[?2026h[?25l[1Gpulling manifest ⠧ [K[?25h[?2026l[?2026h[?25l[1Gpulling manifest ⠇ [K[?25h[?2026l[?2026h[?25l[1Gpulling manifest ⠏ [K[?25h[?2026l[?2026h[?25l[1Gpulling manifest ⠋ [K[?25h[?2026l[?2026h[?25l[1Gpulling manifest ⠙ [K[?25h[?2026l[?2026h[?25l[1Gpulling manifest ⠹ [K[?25h[?2026l[?2026h[?25l[1Gpulling manifest ⠸ [K[?25h[?2026l[?2026h[?25l[1Gpulling manifest ⠼ [K[?25h[?2026l[?2026h[?25l[1Gpulling manifest ⠴ [K[?25h[?2026l[?2026h[?25l[1Gpulling manifest ⠦ [K[?25h[?2026l[?2026h[?25l[1Gpulling manifest ⠧ [K[?25h[?2026l[?2026h[?25l[1Gpulling manifest ⠇ [K[?25h[?2026l[?2026h[?25l[1Gpulling manifest ⠏ [K[?25h[?2026l[?2026h[?25l[1Gpulling manifest ⠋ [K[?25h[?2026l[?2026h[?25l[1Gpulling manifest ⠙ [K[?25h[?2026l[?2026h[?25l[1Gpulling manifest ⠹ [K[?25h[?2026l[?2026h[?25l[1Gpulling manifest ⠸ [K[?25h[?2026l[?2026h[?25l[1Gpulling manifest ⠼ [K[?25h[?2026l[?2026h[?25l[1Gpulling manifest ⠴ [K[?25h[?2026l[?2026h[?25l[1Gpulling manifest ⠦ [K[?25h[?2026l[?2026h[?25l[1Gpulling manifest ⠧ [K[?25h[?2026l[?2026h[?25l[1Gpulling manifest [K
pulling 2049f5674b1e:   0% ▕                  ▏ 442 KB/9.0 GB                  [K[?25h[?2026l[?2026h[?25l[A[1Gpulling manifest [K
pulling 2049f5674b1e:   0% ▕                  ▏ 889 KB/9.0 GB                  [K[?25h[?2026l[?2026h[?25l[A[1Gpulling manifest [K
pulling 2049f5674b1e:   0% ▕                  ▏ 1.4 MB/9.0 GB                  [K[?25h[?2026l[?2026h[?25l[A[1Gpulling manifest [K
pulling 2049f5674b1e:   0% ▕                  ▏ 2.5 MB/9.0 GB                  [K[?25h[?2026l[?2026h[?25l[A[1Gpulling manifest [K
pulling 2049f5674b1e:   0% ▕                  ▏ 2.9 MB/9.0 GB                  [K[?25h[?2026l[?2026h[?25l[A[1Gpulling manifest [K
pulling 2049f5674b1e:   0% ▕                  ▏ 4.4 MB/9.0 GB                  [K[?25h[?2026l[?2026h[?25l[A[1Gpulling manifest [K
pulling 2049f5674b1e:   0% ▕                  ▏ 4.7 MB/9.0 GB                  [K[?25h[?2026l[?2026h[?25l[A[1Gpulling manifest [K
pulling 2049f5674b1e:   0% ▕                  ▏ 5.0 MB/9.0 GB                  [K[?25h[?2026l[?2026h[?25l[A[1Gpulling manifest [K
pulling 2049f5674b1e:   0% ▕                  ▏ 5.9 MB/9.0 GB                  [K[?25h[?2026l[?2026h[?25l[A[1Gpulling manifest [K
pulling 2049f5674b1e:   0% ▕                  ▏ 8.5 MB/9.0 GB                  [K[?25h[?2026l[?2026h[?25l[A[1Gpulling manifest [K
pulling 2049f5674b1e:   0% ▕                  ▏  12 MB/9.0 GB   12 MB/s   12m5s[K[?25h[?2026l[?2026h[?25l[A[1Gpulling manifest [K
pulling 2049f5674b1e:   0% ▕                  ▏  19 MB/9.0 GB   12 MB/s   12m4s[K[?25h[?2026l[?2026h[?25l[A[1Gpulling manifest [K
pulling 2049f5674b1e:   0% ▕                  ▏  26 MB/9.0 GB   12 MB/s   12m4s[K[?25h[?2026l[?2026h[?25l[A[1Gpulling manifest [K
pulling 2049f5674b1e:   0% ▕                  ▏  30 MB/9.0 GB   12 MB/s   12m3s[K[?25h[?2026l[?2026h[?25l[A[1Gpulling manifest [K
pulling 2049f5674b1e:   0% ▕                  ▏  41 MB/9.0 GB   12 MB/s   12m2s[K[?25h[?2026l[?2026h[?25l[A[1Gpulling manifest [K
pulling 2049f5674b1e:   0% ▕                  ▏  42 MB/9.0 GB   12 MB/s   12m2s[K[?25h[?2026l[?2026h[?25l[A[1Gpulling manifest [K
pulling 2049f5674b1e:   0% ▕                  ▏  42 MB/9.0 GB   12 MB/s   12m2s[K[?25h[?2026l[?2026h[?25l[A[1Gpulling manifest [K
pulling 2049f5674b1e:   0% ▕                  ▏  42 MB/9.0 GB   12 MB/s   12m2s[K[?25h[?2026l[?2026h[?25l[A[1Gpulling manifest [K
pulling 2049f5674b1e:   0% ▕                  ▏  44 MB/9.0 GB   12 MB/s   12m2s[K[?25h[?2026l[?2026h[?25l[A[1Gpulling manifest [K
pulling 2049f5674b1e:   1% ▕                  ▏  46 MB/9.0 GB   12 MB/s   12m2s[K[?25h[?2026l[?2026h[?25l[A[1Gpulling manifest [K
pulling 2049f5674b1e:   1% ▕                  ▏  50 MB/9.0 GB   25 MB/s   5m51s[K[?25h[?2026l[?2026h[?25l[A[1Gpulling manifest [K
pulling 2049f5674b1e:   1% ▕                  ▏  53 MB/9.0 GB   25 MB/s   5m51s[K[?25h[?2026l[?2026h[?25l[A[1Gpulling manifest [K
pulling 2049f5674b1e:   1% ▕                  ▏  53 MB/9.0 GB   25 MB/s   5m51s[K[?25h[?2026l[?2026h[?25l[A[1Gpulling manifest [K
pulling 2049f5674b1e:   1% ▕                  ▏  55 MB/9.0 GB   25 MB/s   5m51s[K[?25h[?2026l[?2026h[?25l[A[1Gpulling manifest [K
pulling 2049f5674b1e:   1% ▕                  ▏  55 MB/9.0 GB   25 MB/s   5m51s[K[?25h[?2026l[?2026h[?25l[A[1Gpulling manifest [K
pulling 2049f5674b1e:   1% ▕                  ▏  55 MB/9.0 GB   25 MB/s   5m51s[K[?25h[?2026l[?2026h[?25l[A[1Gpulling manifest [K
pulling 2049f5674b1e:   1% ▕                  ▏  56 MB/9.0 GB   25 MB/s   5m51s[K[?25h[?2026l[?2026h[?25l[A[1Gpulling manifest [K
pulling 2049f5674b1e:   1% ▕                  ▏  57 MB/9.0 GB   25 MB/s   5m51s[K[?25h[?2026l[?2026h[?25l[A[1Gpulling manifest [K
pulling 2049f5674b1e:   1% ▕                  ▏  57 MB/9.0 GB   25 MB/s   5m51s[K[?25h[?2026l[?2026h[?25l[A[1Gpulling manifest [K
pulling 2049f5674b1e:   1% ▕                  ▏  57 MB/9.0 GB   25 MB/s   5m51s[K[?25h[?2026l[?2026h[?25l[A[1Gpulling manifest [K
pulling 2049f5674b1e:   1% ▕                  ▏  59 MB/9.0 GB   19 MB/s   7m32s[K[?25h[?2026l[?2026h[?25l[A[1Gpulling manifest [K
pulling 2049f5674b1e:   1% ▕                  ▏  59 MB/9.0 GB   19 MB/s   7m32s[K[?25h[?2026l[?2026h[?25l[A[1Gpulling manifest [K
pulling 2049f5674b1e:   1% ▕                  ▏  59 MB/9.0 GB   19 MB/s   7m32s[K[?25h[?2026l[?2026h[?25l[A[1Gpulling manifest [K
pulling 2049f5674b1e:   1% ▕                  ▏  61 MB/9.0 GB   19 MB/s   7m32s[K[?25h[?2026l[?2026h[?25l[A[1Gpulling manifest [K
pulling 2049f5674b1e:   1% ▕                  ▏  62 MB/9.0 GB   19 MB/s   7m32s[K[?25h[?2026l[?2026h[?25l[A[1Gpulling manifest [K
pulling 2049f5674b1e:   1% ▕                  ▏  64 MB/9.0 GB   19 MB/s   7m32s[K[?25h[?2026l[?2026h[?25l[A[1Gpulling manifest [K
pulling 2049f5674b1e:   1% ▕                  ▏  67 MB/9.0 GB   19 MB/s   7m32s[K[?25h[?2026l[?2026h[?25l[A[1Gpulling manifest [K
pulling 2049f5674b1e:   1% ▕                  ▏  69 MB/9.0 GB   19 MB/s   7m32s[K[?25h[?2026l[?2026h[?25l[A[1Gpulling manifest [K
pulling 2049f5674b1e:   1% ▕                  ▏  71 MB/9.0 GB   19 MB/s   7m32s[K[?25h[?2026l[?2026h[?25l[A[1Gpulling manifest [K
pulling 2049f5674b1e:   1% ▕                  ▏  71 MB/9.0 GB   19 MB/s   7m32s[K[?25h[?2026l[?2026h[?25l[A[1Gpulling manifest [K
pulling 2049f5674b1e:   1% ▕                  ▏  73 MB/9.0 GB   19 MB/s   7m31s[K[?25h[?2026l[?2026h[?25l[A[1Gpulling manifest [K
pulling 2049f5674b1e:   1% ▕                  ▏  74 MB/9.0 GB   18 MB/s    8m2s[K[?25h[?2026l[?2026h[?25l[A[1Gpulling manifest [K
pulling 2049f5674b1e:   1% ▕                  ▏  80 MB/9.0 GB   18 MB/s    8m1s[K[?25h[?2026l[?2026h[?25l[A[1Gpulling manifest [K
pulling 2049f5674b1e:   1% ▕                  ▏  81 MB/9.0 GB   18 MB/s    8m1s[K[?25h[?2026l[?2026h[?25l[A[1Gpulling manifest [K
pulling 2049f5674b1e:   1% ▕                  ▏  84 MB/9.0 GB   18 MB/s    8m1s[K[?25h[?2026l[?2026h[?25l[A[1Gpulling manifest [K
pulling 2049f5674b1e:   1% ▕                  ▏  91 MB/9.0 GB   18 MB/s    8m1s[K[?25h[?2026l[?2026h[?25l[A[1Gpulling manifest [K
pulling 2049f5674b1e:   1% ▕                  ▏  93 MB/9.0 GB   18 MB/s    8m1s[K[?25h[?2026l[?2026h[?25l[A[1Gpulling manifest [K
pulling 2049f5674b1e:   1% ▕                  ▏  96 MB/9.0 GB   18 MB/s    8m1s[K[?25h[?2026l[?2026h[?25l[A[1Gpulling manifest [K
pulling 2049f5674b1e:   1% ▕                  ▏  99 MB/9.0 GB   18 MB/s    8m0s[K[?25h[?2026l[?2026h[?25l[A[1Gpulling manifest [K
pulling 2049f5674b1e:   1% ▕                  ▏  99 MB/9.0 GB   18 MB/s    8m0s[K[?25h[?2026l[?2026h[?25l[A[1Gpulling manifest [K
pulling 2049f5674b1e:   1% ▕                  ▏ 105 MB/9.0 GB   18 MB/s    8m0s[K[?25h[?2026l[?2026h[?25l[A[1Gpulling manifest [K
pulling 2049f5674b1e:   1% ▕                  ▏ 113 MB/9.0 GB   21 MB/s   6m55s[K[?25h[?2026l[?2026h[?25l[A[1Gpulling manifest [K
pulling 2049f5674b1e:   1% ▕                  ▏ 116 MB/9.0 GB   21 MB/s   6m55s[K[?25h[?2026l[?2026h[?25l[A[1Gpulling manifest [K
pulling 2049f5674b1e:   1% ▕                  ▏ 119 MB/9.0 GB   21 MB/s   6m55s[K[?25h[?2026l[?2026h[?25l[A[1Gpulling manifest [K
pulling 2049f5674b1e:   1% ▕                  ▏ 123 MB/9.0 GB   21 MB/s   6m54s[K[?25h[?2026l[?2026h[?25l[A[1Gpulling manifest [K
pulling 2049f5674b1e:   1% ▕                  ▏ 124 MB/9.0 GB   21 MB/s   6m54s[K[?25h[?2026l[?2026h[?25l[A[1Gpulling manifest [K
pulling 2049f5674b1e:   1% ▕                  ▏ 128 MB/9.0 GB   21 MB/s   6m54s[K[?25h[?2026l[?2026h[?25l[A[1Gpulling manifest [K
pulling 2049f5674b1e:   1% ▕                  ▏ 131 MB/9.0 GB   21 MB/s   6m54s[K[?25h[?2026l[?2026h[?25l[A[1Gpulling manifest [K
pulling 2049f5674b1e:   1% ▕                  ▏ 133 MB/9.0 GB   21 MB/s   6m54s[K[?25h[?2026l[?2026h[?25l[A[1Gpulling manifest [K
pulling 2049f5674b1e:   1% ▕                  ▏ 134 MB/9.0 GB   21 MB/s   6m54s[K[?25h[?2026l[?2026h[?25l[A[1Gpulling manifest [K
pulling 2049f5674b1e:   2% ▕                  ▏ 138 MB/9.0 GB   21 MB/s   6m54s[K[?25h[?2026l[?2026h[?25l[A[1Gpulling manifest [K
pulling 2049f5674b1e:   2% ▕                  ▏ 139 MB/9.0 GB   23 MB/s   6m19s[K[?25h[?2026l[?2026h[?25l[A[1Gpulling manifest [K
pulling 2049f5674b1e:   2% ▕                  ▏ 143 MB/9.0 GB   23 MB/s   6m19s[K[?25h[?2026l[?2026h[?25l[A[1Gpulling manifest [K
pulling 2049f5674b1e:   2% ▕                  ▏ 145 MB/9.0 GB   23 MB/s   6m19s[K[?25h[?2026l[?2026h[?25l[A[1Gpulling manifest [K
pulling 2049f5674b1e:   2% ▕                  ▏ 146 MB/9.0 GB   23 MB/s   6m19s[K[?25h[?2026l[?2026h[?25l[A[1Gpulling manifest [K
pulling 2049f5674b1e:   2% ▕                  ▏ 149 MB/9.0 GB   23 MB/s   6m19s[K[?25h[?2026l[?2026h[?25l[A[1Gpulling manifest [K
pulling 2049f5674b1e:   2% ▕                  ▏ 151 MB/9.0 GB   23 MB/s   6m19s[K[?25h[?2026l[?2026h[?25l[A[1Gpulling manifest [K
pulling 2049f5674b1e:   2% ▕                  ▏ 152 MB/9.0 GB   23 MB/s   6m19s[K[?25h[?2026l[?2026h[?25l[A[1Gpulling manifest [K
pulling 2049f5674b1e:   2% ▕                  ▏ 156 MB/9.0 GB   23 MB/s   6m19s[K[?25h[?2026l[?2026h[?25l[A[1Gpulling manifest [K
pulling 2049f5674b1e:   2% ▕                  ▏ 159 MB/9.0 GB   23 MB/s   6m19s[K[?25h[?2026l[?2026h[?25l[A[1Gpulling manifest [K
pulling 2049f5674b1e:   2% ▕                  ▏ 161 MB/9.0 GB   23 MB/s   6m19s[K[?25h[?2026l[?2026h[?25l[A[1Gpulling manifest [K
pulling 2049f5674b1e:   2% ▕                  ▏ 164 MB/9.0 GB   23 MB/s   6m15s[K[?25h[?2026l[?2026h[?25l[A[1Gpulling manifest [K
pulling 2049f5674b1e:   2% ▕                  ▏ 166 MB/9.0 GB   23 MB/s   6m15s[K[?25h[?2026l[?2026h[?25l[A[1Gpulling manifest [K
pulling 2049f5674b1e:   2% ▕                  ▏ 167 MB/9.0 GB   23 MB/s   6m15s[K[?25h[?2026l[?2026h[?25l[A[1Gpulling manifest [K
pulling 2049f5674b1e:   2% ▕                  ▏ 171 MB/9.0 GB   23 MB/s   6m14s[K[?25h[?2026l[?2026h[?25l[A[1Gpulling manifest [K
pulling 2049f5674b1e:   2% ▕                  ▏ 173 MB/9.0 GB   23 MB/s   6m14s[K[?25h[?2026l[?2026h[?25l[A[1Gpulling manifest [K
pulling 2049f5674b1e:   2% ▕                  ▏ 175 MB/9.0 GB   23 MB/s   6m14s[K[?25h[?2026l[?2026h[?25l[A[1Gpulling manifest [K
pulling 2049f5674b1e:   2% ▕                  ▏ 177 MB/9.0 GB   23 MB/s   6m14s[K[?25h[?2026l[?2026h[?25l[A[1Gpulling manifest [K
pulling 2049f5674b1e:   2% ▕                  ▏ 178 MB/9.0 GB   23 MB/s   6m14s[K[?25h[?2026l[?2026h[?25l[A[1Gpulling manifest [K
pulling 2049f5674b1e:   2% ▕                  ▏ 180 MB/9.0 GB   23 MB/s   6m14s[K[?25h[?2026l[?2026h[?25l[A[1Gpulling manifest [K
pulling 2049f5674b1e:   2% ▕                  ▏ 182 MB/9.0 GB   23 MB/s   6m14s[K[?25h[?2026l[?2026h[?25l[A[1Gpulling manifest [K
pulling 2049f5674b1e:   2% ▕                  ▏ 187 MB/9.0 GB   23 MB/s   6m16s[K[?25h[?2026l[?2026h[?25l[A[1Gpulling manifest [K
pulling 2049f5674b1e:   2% ▕                  ▏ 188 MB/9.0 GB   23 MB/s   6m16s[K[?25h[?2026l[?2026h[?25l[A[1Gpulling manifest [K
pulling 2049f5674b1e:   2% ▕                  ▏ 189 MB/9.0 GB   23 MB/s   6m16s[K[?25h[?2026l[?2026h[?25l[A[1Gpulling manifest [K
pulling 2049f5674b1e:   2% ▕                  ▏ 192 MB/9.0 GB   23 MB/s   6m16s[K[?25h[?2026l[?2026h[?25l[A[1Gpulling manifest [K
pulling 2049f5674b1e:   2% ▕                  ▏ 193 MB/9.0 GB   23 MB/s   6m16s[K[?25h[?2026l[?2026h[?25l[A[1Gpulling manifest [K
pulling 2049f5674b1e:   2% ▕                  ▏ 197 MB/9.0 GB   23 MB/s   6m15s[K[?25h[?2026l[?2026h[?25l[A[1Gpulling manifest [K
pulling 2049f5674b1e:   2% ▕                  ▏ 200 MB/9.0 GB   23 MB/s   6m15s[K[?25h[?2026l[?2026h[?25l[A[1Gpulling manifest [K
pulling 2049f5674b1e:   2% ▕                  ▏ 201 MB/9.0 GB   23 MB/s   6m15s[K[?25h[?2026l[?2026h[?25l[A[1Gpulling manifest [K
pulling 2049f5674b1e:   2% ▕                  ▏ 204 MB/9.0 GB   23 MB/s   6m15s[K[?25h[?2026l[?2026h[?25l[A[1Gpulling manifest [K
pulling 2049f5674b1e:   2% ▕                  ▏ 205 MB/9.0 GB   23 MB/s   6m15s[K[?25h[?2026l[?2026h[?25l[A[1Gpulling manifest [K
pulling 2049f5674b1e:   2% ▕                  ▏ 207 MB/9.0 GB   23 MB/s   6m15s[K[?25h[?2026l[?2026h[?25l[A[1Gpulling manifest [K
pulling 2049f5674b1e:   2% ▕                  ▏ 209 MB/9.0 GB   23 MB/s   6m17s[K[?25h[?2026l[?2026h[?25l[A[1Gpulling manifest [K
pulling 2049f5674b1e:   2% ▕                  ▏ 211 MB/9.0 GB   23 MB/s   6m17s[K[?25h[?2026l[?2026h[?25l[A[1Gpulling manifest [K
pulling 2049f5674b1e:   2% ▕                  ▏ 214 MB/9.0 GB   23 MB/s   6m17s[K[?25h[?2026l[?2026h[?25l[A[1Gpulling manifest [K
pulling 2049f5674b1e:   2% ▕                  ▏ 217 MB/9.0 GB   23 MB/s   6m17s[K[?25h[?2026l[?2026h[?25l[A[1Gpulling manifest [K
pulling 2049f5674b1e:   2% ▕                  ▏ 220 MB/9.0 GB   23 MB/s   6m17s[K[?25h[?2026l[?2026h[?25l[A[1Gpulling manifest [K
pulling 2049f5674b1e:   2% ▕                  ▏ 222 MB/9.0 GB   23 MB/s   6m17s[K[?25h[?2026l[?2026h[?25l[A[1Gpulling manifest [K
pulling 2049f5674b1e:   3% ▕                  ▏ 226 MB/9.0 GB   23 MB/s   6m17s[K[?25h[?2026l[?2026h[?25l[A[1Gpulling manifest [K
pulling 2049f5674b1e:   3% ▕                  ▏ 227 MB/9.0 GB   23 MB/s   6m17s[K[?25h[?2026l[?2026h[?25l[A[1Gpulling manifest [K
pulling 2049f5674b1e:   3% ▕                  ▏ 228 MB/9.0 GB   23 MB/s   6m17s[K[?25h[?2026l[?2026h[?25l[A[1Gpulling manifest [K
pulling 2049f5674b1e:   3% ▕                  ▏ 232 MB/9.0 GB   23 MB/s   6m17s[K[?25h[?2026l[?2026h[?25l[A[1Gpulling manifest [K
pulling 2049f5674b1e:   3% ▕                  ▏ 234 MB/9.0 GB   24 MB/s   5m55s[K[?25h[?2026l[?2026h[?25l[A[1Gpulling manifest [K
pulling 2049f5674b1e:   3% ▕                  ▏ 236 MB/9.0 GB   24 MB/s   5m55s[K[?25h[?2026l[?2026h[?25l[A[1Gpulling manifest [K
pulling 2049f5674b1e:   3% ▕                  ▏ 238 MB/9.0 GB   24 MB/s   5m55s[K[?25h[?2026l[?2026h[?25l[A[1Gpulling manifest [K
pulling 2049f5674b1e:   3% ▕                  ▏ 241 MB/9.0 GB   24 MB/s   5m55s[K[?25h[?2026l[?2026h[?25l[A[1Gpulling manifest [K
pulling 2049f5674b1e:   3% ▕                  ▏ 243 MB/9.0 GB   24 MB/s   5m55s[K[?25h[?2026l[?2026h[?25l[A[1Gpulling manifest [K
pulling 2049f5674b1e:   3% ▕                  ▏ 244 MB/9.0 GB   24 MB/s   5m55s[K[?25h[?2026l[?2026h[?25l[A[1Gpulling manifest [K
pulling 2049f5674b1e:   3% ▕                  ▏ 247 MB/9.0 GB   24 MB/s   5m55s[K[?25h[?2026l[?2026h[?25l[A[1Gpulling manifest [K
pulling 2049f5674b1e:   3% ▕                  ▏ 248 MB/9.0 GB   24 MB/s   5m55s[K[?25h[?2026l[?2026h[?25l[A[1Gpulling manifest [K
pulling 2049f5674b1e:   3% ▕                  ▏ 253 MB/9.0 GB   24 MB/s   5m54s[K[?25h[?2026l[?2026h[?25l[A[1Gpulling manifest [K
pulling 2049f5674b1e:   3% ▕                  ▏ 256 MB/9.0 GB   24 MB/s   5m54s[K[?25h[?2026l[?2026h[?25l[A[1Gpulling manifest [K
pulling 2049f5674b1e:   3% ▕                  ▏ 258 MB/9.0 GB   23 MB/s   6m18s[K[?25h[?2026l[?2026h[?25l[A[1Gpulling manifest [K
pulling 2049f5674b1e:   3% ▕                  ▏ 263 MB/9.0 GB   23 MB/s   6m18s[K[?25h[?2026l[?2026h[?25l[A[1Gpulling manifest [K
pulling 2049f5674b1e:   3% ▕                  ▏ 265 MB/9.0 GB   23 MB/s   6m17s[K[?25h[?2026l[?2026h[?25l[A[1Gpulling manifest [K
pulling 2049f5674b1e:   3% ▕                  ▏ 268 MB/9.0 GB   23 MB/s   6m17s[K[?25h[?2026l[?2026h[?25l[A[1Gpulling manifest [K
pulling 2049f5674b1e:   3% ▕                  ▏ 269 MB/9.0 GB   23 MB/s   6m17s[K[?25h[?2026l[?2026h[?25l[A[1Gpulling manifest [K
pulling 2049f5674b1e:   3% ▕                  ▏ 269 MB/9.0 GB   23 MB/s   6m17s[K[?25h[?2026l[?2026h[?25l[A[1Gpulling manifest [K
pulling 2049f5674b1e:   3% ▕                  ▏ 270 MB/9.0 GB   23 MB/s   6m17s[K[?25h[?2026l[?2026h[?25l[A[1Gpulling manifest [K
pulling 2049f5674b1e:   3% ▕                  ▏ 272 MB/9.0 GB   23 MB/s   6m17s[K[?25h[?2026l[?2026h[?25l[A[1Gpulling manifest [K
pulling 2049f5674b1e:   3% ▕                  ▏ 278 MB/9.0 GB   23 MB/s   6m17s[K[?25h[?2026l[?2026h[?25l[A[1Gpulling manifest [K
pulling 2049f5674b1e:   3% ▕                  ▏ 280 MB/9.0 GB   23 MB/s   6m17s[K[?25h[?2026l[?2026h[?25l[A[1Gpulling manifest [K
pulling 2049f5674b1e:   3% ▕                  ▏ 285 MB/9.0 GB   25 MB/s   5m46s[K[?25h[?2026l[?2026h[?25l[A[1Gpulling manifest [K
pulling 2049f5674b1e:   3% ▕                  ▏ 288 MB/9.0 GB   25 MB/s   5m45s[K[?25h[?2026l[?2026h[?25l[A[1Gpulling manifest [K
pulling 2049f5674b1e:   3% ▕                  ▏ 289 MB/9.0 GB   25 MB/s   5m45s[K[?25h[?2026l[?2026h[?25l[A[1Gpulling manifest [K
pulling 2049f5674b1e:   3% ▕                  ▏ 292 MB/9.0 GB   25 MB/s   5m45s[K[?25h[?2026l[?2026h[?25l[A[1Gpulling manifest [K
pulling 2049f5674b1e:   3% ▕                  ▏ 294 MB/9.0 GB   25 MB/s   5m45s[K[?25h[?2026l[?2026h[?25l[A[1Gpulling manifest [K
pulling 2049f5674b1e:   3% ▕                  ▏ 295 MB/9.0 GB   25 MB/s   5m45s[K[?25h[?2026l[?2026h[?25l[A[1Gpulling manifest [K
pulling 2049f5674b1e:   3% ▕                  ▏ 295 MB/9.0 GB   25 MB/s   5m45s[K[?25h[?2026l[?2026h[?25l[A[1Gpulling manifest [K
pulling 2049f5674b1e:   3% ▕                  ▏ 295 MB/9.0 GB   25 MB/s   5m45s[K[?25h[?2026l[?2026h[?25l[A[1Gpulling manifest [K
pulling 2049f5674b1e:   3% ▕                  ▏ 298 MB/9.0 GB   25 MB/s   5m45s[K[?25h[?2026l[?2026h[?25l[A[1Gpulling manifest [K
pulling 2049f5674b1e:   3% ▕                  ▏ 302 MB/9.0 GB   25 MB/s   5m45s[K[?25h[?2026l[?2026h[?25l[A[1Gpulling manifest [K
pulling 2049f5674b1e:   3% ▕                  ▏ 308 MB/9.0 GB   26 MB/s   5m33s[K[?25h[?2026l[?2026h[?25l[A[1Gpulling manifest [K
pulling 2049f5674b1e:   3% ▕                  ▏ 312 MB/9.0 GB   26 MB/s   5m33s[K[?25h[?2026l[?2026h[?25l[A[1Gpulling manifest [K
pulling 2049f5674b1e:   4% ▕                  ▏ 317 MB/9.0 GB   26 MB/s   5m33s[K[?25h[?2026l[?2026h[?25l[A[1Gpulling manifest [K
pulling 2049f5674b1e:   4% ▕                  ▏ 320 MB/9.0 GB   26 MB/s   5m33s[K[?25h[?2026l[?2026h[?25l[A[1Gpulling manifest [K
pulling 2049f5674b1e:   4% ▕                  ▏ 322 MB/9.0 GB   26 MB/s   5m33s[K[?25h[?2026l[?2026h[?25l[A[1Gpulling manifest [K
pulling 2049f5674b1e:   4% ▕                  ▏ 324 MB/9.0 GB   26 MB/s   5m33s[K[?25h[?2026l[?2026h[?25l[A[1Gpulling manifest [K
pulling 2049f5674b1e:   4% ▕                  ▏ 325 MB/9.0 GB   26 MB/s   5m32s[K[?25h[?2026l[?2026h[?25l[A[1Gpulling manifest [K
pulling 2049f5674b1e:   4% ▕                  ▏ 325 MB/9.0 GB   26 MB/s   5m32s[K[?25h[?2026l[?2026h[?25l[A[1Gpulling manifest [K
pulling 2049f5674b1e:   4% ▕                  ▏ 326 MB/9.0 GB   26 MB/s   5m32s[K[?25h[?2026l[?2026h[?25l[A[1Gpulling manifest [K
pulling 2049f5674b1e:   4% ▕                  ▏ 326 MB/9.0 GB   26 MB/s   5m32s[K[?25h[?2026l[?2026h[?25l[A[1Gpulling manifest [K
pulling 2049f5674b1e:   4% ▕                  ▏ 327 MB/9.0 GB   26 MB/s   5m32s[K[?25h[?2026l[?2026h[?25l[A[1Gpulling manifest [K
pulling 2049f5674b1e:   4% ▕                  ▏ 328 MB/9.0 GB   24 MB/s   5m52s[K[?25h[?2026l[?2026h[?25l[A[1Gpulling manifest [K
pulling 2049f5674b1e:   4% ▕                  ▏ 330 MB/9.0 GB   24 MB/s   5m51s[K[?25h[?2026l[?2026h[?25l[A[1Gpulling manifest [K
pulling 2049f5674b1e:   4% ▕                  ▏ 330 MB/9.0 GB   24 MB/s   5m51s[K[?25h[?2026l[?2026h[?25l[A[1Gpulling manifest [K
pulling 2049f5674b1e:   4% ▕                  ▏ 331 MB/9.0 GB   24 MB/s   5m51s[K[?25h[?2026l[?2026h[?25l[A[1Gpulling manifest [K
pulling 2049f5674b1e:   4% ▕                  ▏ 334 MB/9.0 GB   24 MB/s   5m51s[K[?25h[?2026l[?2026h[?25l[A[1Gpulling manifest [K
pulling 2049f5674b1e:   4% ▕                  ▏ 335 MB/9.0 GB   24 MB/s   5m51s[K[?25h[?2026l[?2026h[?25l[A[1Gpulling manifest [K
pulling 2049f5674b1e:   4% ▕                  ▏ 337 MB/9.0 GB   24 MB/s   5m51s[K[?25h[?2026l[?2026h[?25l[A[1Gpulling manifest [K
pulling 2049f5674b1e:   4% ▕                  ▏ 339 MB/9.0 GB   24 MB/s   5m51s[K[?25h[?2026l[?2026h[?25l[A[1Gpulling manifest [K
pulling 2049f5674b1e:   4% ▕                  ▏ 340 MB/9.0 GB   24 MB/s   5m51s[K[?25h[?2026l[?2026h[?25l[A[1Gpulling manifest [K
pulling 2049f5674b1e:   4% ▕                  ▏ 342 MB/9.0 GB   24 MB/s   5m51s[K[?25h[?2026l[?2026h[?25l[A[1Gpulling manifest [K
pulling 2049f5674b1e:   4% ▕                  ▏ 344 MB/9.0 GB   22 MB/s   6m20s[K[?25h[?2026l[?2026h[?25l[A[1Gpulling manifest [K
pulling 2049f5674b1e:   4% ▕                  ▏ 345 MB/9.0 GB   22 MB/s   6m20s[K[?25h[?2026l[?2026h[?25l[A[1Gpulling manifest [K
pulling 2049f5674b1e:   4% ▕                  ▏ 348 MB/9.0 GB   22 MB/s   6m20s[K[?25h[?2026l[?2026h[?25l[A[1Gpulling manifest [K
pulling 2049f5674b1e:   4% ▕                  ▏ 351 MB/9.0 GB   22 MB/s   6m20s[K[?25h[?2026l[?2026h[?25l[A[1Gpulling manifest [K
pulling 2049f5674b1e:   4% ▕                  ▏ 351 MB/9.0 GB   22 MB/s   6m20s[K[?25h[?2026l[?2026h[?25l[A[1Gpulling manifest [K
pulling 2049f5674b1e:   4% ▕                  ▏ 353 MB/9.0 GB   22 MB/s   6m20s[K[?25h[?2026l[?2026h[?25l[A[1Gpulling manifest [K
pulling 2049f5674b1e:   4% ▕                  ▏ 356 MB/9.0 GB   22 MB/s   6m20s[K[?25h[?2026l[?2026h[?25l[A[1Gpulling manifest [K
pulling 2049f5674b1e:   4% ▕                  ▏ 357 MB/9.0 GB   22 MB/s   6m20s[K[?25h[?2026l[?2026h[?25l[A[1Gpulling manifest [K
pulling 2049f5674b1e:   4% ▕                  ▏ 360 MB/9.0 GB   22 MB/s   6m20s[K[?25h[?2026l[?2026h[?25l[A[1Gpulling manifest [K
pulling 2049f5674b1e:   4% ▕                  ▏ 363 MB/9.0 GB   22 MB/s   6m20s[K[?25h[?2026l[?2026h[?25l[A[1Gpulling manifest [K
pulling 2049f5674b1e:   4% ▕                  ▏ 365 MB/9.0 GB   22 MB/s   6m27s[K[?25h[?2026l[?2026h[?25l[A[1Gpulling manifest [K
pulling 2049f5674b1e:   4% ▕                  ▏ 367 MB/9.0 GB   22 MB/s   6m27s[K[?25h[?2026l[?2026h[?25l[A[1Gpulling manifest [K
pulling 2049f5674b1e:   4% ▕                  ▏ 369 MB/9.0 GB   22 MB/s   6m26s[K[?25h[?2026l[?2026h[?25l[A[1Gpulling manifest [K
pulling 2049f5674b1e:   4% ▕                  ▏ 370 MB/9.0 GB   22 MB/s   6m26s[K[?25h[?2026l[?2026h[?25l[A[1Gpulling manifest [K
pulling 2049f5674b1e:   4% ▕                  ▏ 373 MB/9.0 GB   22 MB/s   6m26s[K[?25h[?2026l[?2026h[?25l[A[1Gpulling manifest [K
pulling 2049f5674b1e:   4% ▕                  ▏ 379 MB/9.0 GB   22 MB/s   6m26s[K[?25h[?2026l[?2026h[?25l[A[1Gpulling manifest [K
pulling 2049f5674b1e:   4% ▕                  ▏ 380 MB/9.0 GB   22 MB/s   6m26s[K[?25h[?2026l[?2026h[?25l[A[1Gpulling manifest [K
pulling 2049f5674b1e:   4% ▕                  ▏ 384 MB/9.0 GB   22 MB/s   6m26s[K[?25h[?2026l[?2026h[?25l[A[1Gpulling manifest [K
pulling 2049f5674b1e:   4% ▕                  ▏ 388 MB/9.0 GB   22 MB/s   6m26s[K[?25h[?2026l[?2026h[?25l[A[1Gpulling manifest [K
pulling 2049f5674b1e:   4% ▕                  ▏ 389 MB/9.0 GB   22 MB/s   6m26s[K[?25h[?2026l[?2026h[?25l[A[1Gpulling manifest [K
pulling 2049f5674b1e:   4% ▕                  ▏ 392 MB/9.0 GB   22 MB/s   6m17s[K[?25h[?2026l[?2026h[?25l[A[1Gpulling manifest [K
pulling 2049f5674b1e:   4% ▕                  ▏ 393 MB/9.0 GB   22 MB/s   6m17s[K[?25h[?2026l[?2026h[?25l[A[1Gpulling manifest [K
pulling 2049f5674b1e:   4% ▕                  ▏ 396 MB/9.0 GB   22 MB/s   6m17s[K[?25h[?2026l[?2026h[?25l[A[1Gpulling manifest [K
pulling 2049f5674b1e:   4% ▕                  ▏ 399 MB/9.0 GB   22 MB/s   6m17s[K[?25h[?2026l[?2026h[?25l[A[1Gpulling manifest [K
pulling 2049f5674b1e:   4% ▕                  ▏ 400 MB/9.0 GB   22 MB/s   6m17s[K[?25h[?2026l[?2026h[?25l[A[1Gpulling manifest [K
pulling 2049f5674b1e:   4% ▕                  ▏ 401 MB/9.0 GB   22 MB/s   6m17s[K[?25h[?2026l[?2026h[?25l[A[1Gpulling manifest [K
pulling 2049f5674b1e:   5% ▕                  ▏ 404 MB/9.0 GB   22 MB/s   6m16s[K[?25h[?2026l[?2026h[?25l[A[1Gpulling manifest [K
pulling 2049f5674b1e:   5% ▕                  ▏ 408 MB/9.0 GB   22 MB/s   6m16s[K[?25h[?2026l[?2026h[?25l[A[1Gpulling manifest [K
pulling 2049f5674b1e:   5% ▕                  ▏ 409 MB/9.0 GB   22 MB/s   6m16s[K[?25h[?2026l[?2026h[?25l[A[1Gpulling manifest [K
pulling 2049f5674b1e:   5% ▕                  ▏ 412 MB/9.0 GB   22 MB/s   6m16s[K[?25h[?2026l[?2026h[?25l[A[1Gpulling manifest [K
pulling 2049f5674b1e:   5% ▕                  ▏ 413 MB/9.0 GB   22 MB/s   6m16s[K[?25h[?2026l[?2026h[?25l[A[1Gpulling manifest [K
pulling 2049f5674b1e:   5% ▕                  ▏ 416 MB/9.0 GB   22 MB/s   6m16s[K[?25h[?2026l[?2026h[?25l[A[1Gpulling manifest [K
pulling 2049f5674b1e:   5% ▕                  ▏ 418 MB/9.0 GB   22 MB/s   6m16s[K[?25h[?2026l[?2026h[?25l[A[1Gpulling manifest [K
pulling 2049f5674b1e:   5% ▕                  ▏ 422 MB/9.0 GB   22 MB/s   6m16s[K[?25h[?2026l[?2026h[?25l[A[1Gpulling manifest [K
pulling 2049f5674b1e:   5% ▕                  ▏ 424 MB/9.0 GB   22 MB/s   6m16s[K[?25h[?2026l[?2026h[?25l[A[1Gpulling manifest [K
pulling 2049f5674b1e:   5% ▕                  ▏ 426 MB/9.0 GB   22 MB/s   6m16s[K[?25h[?2026l[?2026h[?25l[A[1Gpulling manifest [K
pulling 2049f5674b1e:   5% ▕                  ▏ 430 MB/9.0 GB   22 MB/s   6m15s[K[?25h[?2026l[?2026h[?25l[A[1Gpulling manifest [K
pulling 2049f5674b1e:   5% ▕                  ▏ 431 MB/9.0 GB   22 MB/s   6m15s[K[?25h[?2026l[?2026h[?25l[A[1Gpulling manifest [K
pulling 2049f5674b1e:   5% ▕                  ▏ 434 MB/9.0 GB   22 MB/s   6m15s[K[?25h[?2026l[?2026h[?25l[A[1Gpulling manifest [K
pulling 2049f5674b1e:   5% ▕                  ▏ 437 MB/9.0 GB   22 MB/s   6m15s[K[?25h[?2026l[?2026h[?25l[A[1Gpulling manifest [K
pulling 2049f5674b1e:   5% ▕                  ▏ 438 MB/9.0 GB   22 MB/s   6m15s[K[?25h[?2026l[?2026h[?25l[A[1Gpulling manifest [K
pulling 2049f5674b1e:   5% ▕                  ▏ 440 MB/9.0 GB   22 MB/s   6m14s[K[?25h[?2026l[?2026h[?25l[A[1Gpulling manifest [K
pulling 2049f5674b1e:   5% ▕                  ▏ 443 MB/9.0 GB   22 MB/s   6m14s[K[?25h[?2026l[?2026h[?25l[A[1Gpulling manifest [K
pulling 2049f5674b1e:   5% ▕                  ▏ 444 MB/9.0 GB   22 MB/s   6m14s[K[?25h[?2026l[?2026h[?25l[A[1Gpulling manifest [K
pulling 2049f5674b1e:   5% ▕                  ▏ 445 MB/9.0 GB   22 MB/s   6m14s[K[?25h[?2026l[?2026h[?25l[A[1Gpulling manifest [K
pulling 2049f5674b1e:   5% ▕                  ▏ 449 MB/9.0 GB   22 MB/s   6m14s[K[?25h[?2026l[?2026h[?25l[A[1Gpulling manifest [K
pulling 2049f5674b1e:   5% ▕                  ▏ 450 MB/9.0 GB   22 MB/s   6m14s[K[?25h[?2026l[?2026h[?25l[A[1Gpulling manifest [K
pulling 2049f5674b1e:   5% ▕                  ▏ 452 MB/9.0 GB   22 MB/s   6m14s[K[?25h[?2026l[?2026h[?25l[A[1Gpulling manifest [K
pulling 2049f5674b1e:   5% ▕                  ▏ 453 MB/9.0 GB   22 MB/s   6m13s[K[?25h[?2026l[?2026h[?25l[A[1Gpulling manifest [K
pulling 2049f5674b1e:   5% ▕                  ▏ 457 MB/9.0 GB   22 MB/s   6m13s[K[?25h[?2026l[?2026h[?25l[A[1Gpulling manifest [K
pulling 2049f5674b1e:   5% ▕                  ▏ 459 MB/9.0 GB   22 MB/s   6m13s[K[?25h[?2026l[?2026h[?25l[A[1Gpulling manifest [K
pulling 2049f5674b1e:   5% ▕                  ▏ 462 MB/9.0 GB   22 MB/s   6m18s[K[?25h[?2026l[?2026h[?25l[A[1Gpulling manifest [K
pulling 2049f5674b1e:   5% ▕                  ▏ 465 MB/9.0 GB   22 MB/s   6m17s[K[?25h[?2026l[?2026h[?25l[A[1Gpulling manifest [K
pulling 2049f5674b1e:   5% ▕                  ▏ 466 MB/9.0 GB   22 MB/s   6m17s[K[?25h[?2026l[?2026h[?25l[A[1Gpulling manifest [K
pulling 2049f5674b1e:   5% ▕                  ▏ 467 MB/9.0 GB   22 MB/s   6m17s[K[?25h[?2026l[?2026h[?25l[A[1Gpulling manifest [K
pulling 2049f5674b1e:   5% ▕                  ▏ 469 MB/9.0 GB   22 MB/s   6m17s[K[?25h[?2026l[?2026h[?25l[A[1Gpulling manifest [K
pulling 2049f5674b1e:   5% ▕                  ▏ 472 MB/9.0 GB   22 MB/s   6m17s[K[?25h[?2026l[?2026h[?25l[A[1Gpulling manifest [K
pulling 2049f5674b1e:   5% ▕                  ▏ 474 MB/9.0 GB   22 MB/s   6m17s[K[?25h[?2026l[?2026h[?25l[A[1Gpulling manifest [K
pulling 2049f5674b1e:   5% ▕                  ▏ 475 MB/9.0 GB   22 MB/s   6m17s[K[?25h[?2026l[?2026h[?25l[A[1Gpulling manifest [K
pulling 2049f5674b1e:   5% ▕                  ▏ 478 MB/9.0 GB   22 MB/s   6m17s[K[?25h[?2026l[?2026h[?25l[A[1Gpulling manifest [K
pulling 2049f5674b1e:   5% ▕                  ▏ 482 MB/9.0 GB   22 MB/s   6m17s[K[?25h[?2026l[?2026h[?25l[A[1Gpulling manifest [K
pulling 2049f5674b1e:   5% ▕                  ▏ 483 MB/9.0 GB   21 MB/s   6m27s[K[?25h[?2026l[?2026h[?25l[A[1Gpulling manifest [K
pulling 2049f5674b1e:   5% ▕                  ▏ 485 MB/9.0 GB   21 MB/s   6m27s[K[?25h[?2026l[?2026h[?25l[A[1Gpulling manifest [K
pulling 2049f5674b1e:   5% ▕                  ▏ 490 MB/9.0 GB   21 MB/s   6m26s[K[?25h[?2026l[?2026h[?25l[A[1Gpulling manifest [K
pulling 2049f5674b1e:   5% ▕                  ▏ 493 MB/9.0 GB   21 MB/s   6m26s[K[?25h[?2026l[?2026h[?25l[A[1Gpulling manifest [K
pulling 2049f5674b1e:   6% ▕                  ▏ 496 MB/9.0 GB   21 MB/s   6m26s[K[?25h[?2026l[?2026h[?25l[A[1Gpulling manifest [K
pulling 2049f5674b1e:   6% ▕                  ▏ 496 MB/9.0 GB   21 MB/s   6m26s[K[?25h[?2026l[?2026h[?25l[A[1Gpulling manifest [K
pulling 2049f5674b1e:   6% ▕                  ▏ 497 MB/9.0 GB   21 MB/s   6m26s[K[?25h[?2026l[?2026h[?25l[A[1Gpulling manifest [K
pulling 2049f5674b1e:   6% ▕                  ▏ 499 MB/9.0 GB   21 MB/s   6m26s[K[?25h[?2026l[?2026h[?25l[A[1Gpulling manifest [K
pulling 2049f5674b1e:   6% ▕█                 ▏ 505 MB/9.0 GB   21 MB/s   6m26s[K[?25h[?2026l[?2026h[?25l[A[1Gpulling manifest [K
pulling 2049f5674b1e:   6% ▕█                 ▏ 508 MB/9.0 GB   21 MB/s   6m25s[K[?25h[?2026l[?2026h[?25l[A[1Gpulling manifest [K
pulling 2049f5674b1e:   6% ▕█                 ▏ 512 MB/9.0 GB   22 MB/s   6m13s[K[?25h[?2026l[?2026h[?25l[A[1Gpulling manifest [K
pulling 2049f5674b1e:   6% ▕█                 ▏ 514 MB/9.0 GB   22 MB/s   6m13s[K[?25h[?2026l[?2026h[?25l[A[1Gpulling manifest [K
pulling 2049f5674b1e:   6% ▕█                 ▏ 518 MB/9.0 GB   22 MB/s   6m13s[K[?25h[?2026l[?2026h[?25l[A[1Gpulling manifest [K
pulling 2049f5674b1e:   6% ▕█                 ▏ 521 MB/9.0 GB   22 MB/s   6m13s[K[?25h[?2026l[?2026h[?25l[A[1Gpulling manifest [K
pulling 2049f5674b1e:   6% ▕█                 ▏ 523 MB/9.0 GB   22 MB/s   6m13s[K[?25h[?2026l[?2026h[?25l[A[1Gpulling manifest [K
pulling 2049f5674b1e:   6% ▕█                 ▏ 523 MB/9.0 GB   22 MB/s   6m13s[K[?25h[?2026l[?2026h[?25l[A[1Gpulling manifest [K
pulling 2049f5674b1e:   6% ▕█                 ▏ 524 MB/9.0 GB   22 MB/s   6m13s[K[?25h[?2026l[?2026h[?25l[A[1Gpulling manifest [K
pulling 2049f5674b1e:   6% ▕█                 ▏ 527 MB/9.0 GB   22 MB/s   6m13s[K[?25h[?2026l[?2026h[?25l[A[1Gpulling manifest [K
pulling 2049f5674b1e:   6% ▕█                 ▏ 529 MB/9.0 GB   22 MB/s   6m12s[K[?25h[?2026l[?2026h[?25l[A[1Gpulling manifest [K
pulling 2049f5674b1e:   6% ▕█                 ▏ 531 MB/9.0 GB   22 MB/s   6m12s[K[?25h[?2026l[?2026h[?25l[A[1Gpulling manifest [K
pulling 2049f5674b1e:   6% ▕█                 ▏ 535 MB/9.0 GB   23 MB/s    6m6s[K[?25h[?2026l[?2026h[?25l[A[1Gpulling manifest [K
pulling 2049f5674b1e:   6% ▕█                 ▏ 537 MB/9.0 GB   23 MB/s    6m6s[K[?25h[?2026l[?2026h[?25l[A[1Gpulling manifest [K
pulling 2049f5674b1e:   6% ▕█                 ▏ 540 MB/9.0 GB   23 MB/s    6m6s[K[?25h[?2026l[?2026h[?25l[A[1Gpulling manifest [K
pulling 2049f5674b1e:   6% ▕█                 ▏ 544 MB/9.0 GB   23 MB/s    6m5s[K[?25h[?2026l[?2026h[?25l[A[1Gpulling manifest [K
pulling 2049f5674b1e:   6% ▕█                 ▏ 546 MB/9.0 GB   23 MB/s    6m5s[K[?25h[?2026l[?2026h[?25l[A[1Gpulling manifest [K
pulling 2049f5674b1e:   6% ▕█                 ▏ 547 MB/9.0 GB   23 MB/s    6m5s[K[?25h[?2026l[?2026h[?25l[A[1Gpulling manifest [K
pulling 2049f5674b1e:   6% ▕█                 ▏ 549 MB/9.0 GB   23 MB/s    6m5s[K[?25h[?2026l[?2026h[?25l[A[1Gpulling manifest [K
pulling 2049f5674b1e:   6% ▕█                 ▏ 549 MB/9.0 GB   23 MB/s    6m5s[K[?25h[?2026l[?2026h[?25l[A[1Gpulling manifest [K
pulling 2049f5674b1e:   6% ▕█                 ▏ 552 MB/9.0 GB   23 MB/s    6m5s[K[?25h[?2026l[?2026h[?25l[A[1Gpulling manifest [K
pulling 2049f5674b1e:   6% ▕█                 ▏ 556 MB/9.0 GB   23 MB/s    6m5s[K[?25h[?2026l[?2026h[?25l[A[1Gpulling manifest [K
pulling 2049f5674b1e:   6% ▕█                 ▏ 558 MB/9.0 GB   23 MB/s    6m5s[K[?25h[?2026l[?2026h[?25l[A[1Gpulling manifest [K
pulling 2049f5674b1e:   6% ▕█                 ▏ 564 MB/9.0 GB   24 MB/s   5m48s[K[?25h[?2026l[?2026h[?25l[A[1Gpulling manifest [K
pulling 2049f5674b1e:   6% ▕█                 ▏ 567 MB/9.0 GB   24 MB/s   5m48s[K[?25h[?2026l[?2026h[?25l[A[1Gpulling manifest [K
pulling 2049f5674b1e:   6% ▕█                 ▏ 569 MB/9.0 GB   24 MB/s   5m47s[K[?25h[?2026l[?2026h[?25l[A[1Gpulling manifest [K
pulling 2049f5674b1e:   6% ▕█                 ▏ 574 MB/9.0 GB   24 MB/s   5m47s[K[?25h[?2026l[?2026h[?25l[A[1Gpulling manifest [K
pulling 2049f5674b1e:   6% ▕█                 ▏ 576 MB/9.0 GB   24 MB/s   5m47s[K[?25h[?2026l[?2026h[?25l[A[1Gpulling manifest [K
pulling 2049f5674b1e:   6% ▕█                 ▏ 577 MB/9.0 GB   24 MB/s   5m47s[K[?25h[?2026l[?2026h[?25l[A[1Gpulling manifest [K
pulling 2049f5674b1e:   6% ▕█                 ▏ 577 MB/9.0 GB   24 MB/s   5m47s[K[?25h[?2026l[?2026h[?25l[A[1Gpulling manifest [K
pulling 2049f5674b1e:   6% ▕█                 ▏ 578 MB/9.0 GB   24 MB/s   5m47s[K[?25h[?2026l[?2026h[?25l[A[1Gpulling manifest [K
pulling 2049f5674b1e:   6% ▕█                 ▏ 578 MB/9.0 GB   24 MB/s   5m47s[K[?25h[?2026l[?2026h[?25l[A[1Gpulling manifest [K
pulling 2049f5674b1e:   6% ▕█                 ▏ 579 MB/9.0 GB   24 MB/s   5m47s[K[?25h[?2026l[?2026h[?25l[A[1Gpulling manifest [K
pulling 2049f5674b1e:   6% ▕█                 ▏ 580 MB/9.0 GB   23 MB/s   5m51s[K[?25h[?2026l[?2026h[?25l[A[1Gpulling manifest [K
pulling 2049f5674b1e:   6% ▕█                 ▏ 582 MB/9.0 GB   23 MB/s   5m51s[K[?25h[?2026l[?2026h[?25l[A[1Gpulling manifest [K
pulling 2049f5674b1e:   7% ▕█                 ▏ 584 MB/9.0 GB   23 MB/s   5m51s[K[?25h[?2026l[?2026h[?25l[A[1Gpulling manifest [K
pulling 2049f5674b1e:   7% ▕█                 ▏ 585 MB/9.0 GB   23 MB/s   5m51s[K[?25h[?2026l[?2026h[?25l[A[1Gpulling manifest [K
pulling 2049f5674b1e:   7% ▕█                 ▏ 585 MB/9.0 GB   23 MB/s   5m51s[K[?25h[?2026l[?2026h[?25l[A[1Gpulling manifest [K
pulling 2049f5674b1e:   7% ▕█                 ▏ 586 MB/9.0 GB   23 MB/s   5m51s[K[?25h[?2026l[?2026h[?25l[A[1Gpulling manifest [K
pulling 2049f5674b1e:   7% ▕█                 ▏ 587 MB/9.0 GB   23 MB/s   5m51s[K[?25h[?2026l[?2026h[?25l[A[1Gpulling manifest [K
pulling 2049f5674b1e:   7% ▕█                 ▏ 589 MB/9.0 GB   23 MB/s   5m51s[K[?25h[?2026l[?2026h[?25l[A[1Gpulling manifest [K
pulling 2049f5674b1e:   7% ▕█                 ▏ 591 MB/9.0 GB   23 MB/s   5m50s[K[?25h[?2026l[?2026h[?25l[A[1Gpulling manifest [K
pulling 2049f5674b1e:   7% ▕█                 ▏ 593 MB/9.0 GB   23 MB/s   5m50s[K[?25h[?2026l[?2026h[?25l[A[1Gpulling manifest [K
pulling 2049f5674b1e:   7% ▕█                 ▏ 593 MB/9.0 GB   22 MB/s   6m15s[K[?25h[?2026l[?2026h[?25l[A[1Gpulling manifest [K
pulling 2049f5674b1e:   7% ▕█                 ▏ 597 MB/9.0 GB   22 MB/s   6m15s[K[?25h[?2026l[?2026h[?25l[A[1Gpulling manifest [K
pulling 2049f5674b1e:   7% ▕█                 ▏ 598 MB/9.0 GB   22 MB/s   6m15s[K[?25h[?2026l[?2026h[?25l[A[1Gpulling manifest [K
pulling 2049f5674b1e:   7% ▕█                 ▏ 599 MB/9.0 GB   22 MB/s   6m15s[K[?25h[?2026l[?2026h[?25l[A[1Gpulling manifest [K
pulling 2049f5674b1e:   7% ▕█                 ▏ 603 MB/9.0 GB   22 MB/s   6m15s[K[?25h[?2026l[?2026h[?25l[A[1Gpulling manifest [K
pulling 2049f5674b1e:   7% ▕█                 ▏ 604 MB/9.0 GB   22 MB/s   6m15s[K[?25h[?2026l[?2026h[?25l[A[1Gpulling manifest [K
pulling 2049f5674b1e:   7% ▕█                 ▏ 605 MB/9.0 GB   22 MB/s   6m15s[K[?25h[?2026l[?2026h[?25l[A[1Gpulling manifest [K
pulling 2049f5674b1e:   7% ▕█                 ▏ 610 MB/9.0 GB   22 MB/s   6m14s[K[?25h[?2026l[?2026h[?25l[A[1Gpulling manifest [K
pulling 2049f5674b1e:   7% ▕█                 ▏ 614 MB/9.0 GB   22 MB/s   6m14s[K[?25h[?2026l[?2026h[?25l[A[1Gpulling manifest [K
pulling 2049f5674b1e:   7% ▕█                 ▏ 617 MB/9.0 GB   22 MB/s   6m14s[K[?25h[?2026l[?2026h[?25l[A[1Gpulling manifest [K
pulling 2049f5674b1e:   7% ▕█                 ▏ 621 MB/9.0 GB   23 MB/s    6m2s[K[?25h[?2026l[?2026h[?25l[A[1Gpulling manifest [K
pulling 2049f5674b1e:   7% ▕█                 ▏ 624 MB/9.0 GB   23 MB/s    6m2s[K[?25h[?2026l[?2026h[?25l[A[1Gpulling manifest [K
pulling 2049f5674b1e:   7% ▕█                 ▏ 626 MB/9.0 GB   23 MB/s    6m2s[K[?25h[?2026l[?2026h[?25l[A[1Gpulling manifest [K
pulling 2049f5674b1e:   7% ▕█                 ▏ 630 MB/9.0 GB   23 MB/s    6m2s[K[?25h[?2026l[?2026h[?25l[A[1Gpulling manifest [K
pulling 2049f5674b1e:   7% ▕█                 ▏ 633 MB/9.0 GB   23 MB/s    6m2s[K[?25h[?2026l[?2026h[?25l[A[1Gpulling manifest [K
pulling 2049f5674b1e:   7% ▕█                 ▏ 637 MB/9.0 GB   23 MB/s    6m2s[K[?25h[?2026l[?2026h[?25l[A[1Gpulling manifest [K
pulling 2049f5674b1e:   7% ▕█                 ▏ 641 MB/9.0 GB   23 MB/s    6m1s[K[?25h[?2026l[?2026h[?25l[A[1Gpulling manifest [K
pulling 2049f5674b1e:   7% ▕█                 ▏ 645 MB/9.0 GB   23 MB/s    6m1s[K[?25h[?2026l[?2026h[?25l[A[1Gpulling manifest [K
pulling 2049f5674b1e:   7% ▕█                 ▏ 646 MB/9.0 GB   23 MB/s    6m1s[K[?25h[?2026l[?2026h[?25l[A[1Gpulling manifest [K
pulling 2049f5674b1e:   7% ▕█                 ▏ 648 MB/9.0 GB   23 MB/s    6m1s[K[?25h[?2026l[?2026h[?25l[A[1Gpulling manifest [K
pulling 2049f5674b1e:   7% ▕█                 ▏ 650 MB/9.0 GB   23 MB/s   5m54s[K[?25h[?2026l[?2026h[?25l[A[1Gpulling manifest [K
pulling 2049f5674b1e:   7% ▕█                 ▏ 651 MB/9.0 GB   23 MB/s   5m54s[K[?25h[?2026l[?2026h[?25l[A[1Gpulling manifest [K
pulling 2049f5674b1e:   7% ▕█                 ▏ 659 MB/9.0 GB   23 MB/s   5m54s[K[?25h[?2026l[?2026h[?25l[A[1Gpulling manifest [K
pulling 2049f5674b1e:   7% ▕█                 ▏ 660 MB/9.0 GB   23 MB/s   5m54s[K[?25h[?2026l[?2026h[?25l[A[1Gpulling manifest [K
pulling 2049f5674b1e:   7% ▕█                 ▏ 661 MB/9.0 GB   23 MB/s   5m54s[K[?25h[?2026l[?2026h[?25l[A[1Gpulling manifest [K
pulling 2049f5674b1e:   7% ▕█                 ▏ 663 MB/9.0 GB   23 MB/s   5m54s[K[?25h[?2026l[?2026h[?25l[A[1Gpulling manifest [K
pulling 2049f5674b1e:   7% ▕█                 ▏ 664 MB/9.0 GB   23 MB/s   5m54s[K[?25h[?2026l[?2026h[?25l[A[1Gpulling manifest [K
pulling 2049f5674b1e:   7% ▕█                 ▏ 667 MB/9.0 GB   23 MB/s   5m54s[K[?25h[?2026l[?2026h[?25l[A[1Gpulling manifest [K
pulling 2049f5674b1e:   7% ▕█                 ▏ 670 MB/9.0 GB   23 MB/s   5m54s[K[?25h[?2026l[?2026h[?25l[A[1Gpulling manifest [K
pulling 2049f5674b1e:   7% ▕█                 ▏ 671 MB/9.0 GB   23 MB/s   5m54s[K[?25h[?2026l[?2026h[?25l[A[1Gpulling manifest [K
pulling 2049f5674b1e:   7% ▕█                 ▏ 672 MB/9.0 GB   23 MB/s   5m53s[K[?25h[?2026l[?2026h[?25l[A[1Gpulling manifest [K
pulling 2049f5674b1e:   8% ▕█                 ▏ 675 MB/9.0 GB   23 MB/s   5m52s[K[?25h[?2026l[?2026h[?25l[A[1Gpulling manifest [K
pulling 2049f5674b1e:   8% ▕█                 ▏ 678 MB/9.0 GB   23 MB/s   5m51s[K[?25h[?2026l[?2026h[?25l[A[1Gpulling manifest [K
pulling 2049f5674b1e:   8% ▕█                 ▏ 679 MB/9.0 GB   23 MB/s   5m51s[K[?25h[?2026l[?2026h[?25l[A[1Gpulling manifest [K
pulling 2049f5674b1e:   8% ▕█                 ▏ 683 MB/9.0 GB   23 MB/s   5m51s[K[?25h[?2026l[?2026h[?25l[A[1Gpulling manifest [K
pulling 2049f5674b1e:   8% ▕█                 ▏ 685 MB/9.0 GB   23 MB/s   5m51s[K[?25h[?2026l[?2026h[?25l[A[1Gpulling manifest [K
pulling 2049f5674b1e:   8% ▕█                 ▏ 687 MB/9.0 GB   23 MB/s   5m51s[K[?25h[?2026l[?2026h[?25l[A[1Gpulling manifest [K
pulling 2049f5674b1e:   8% ▕█                 ▏ 689 MB/9.0 GB   23 MB/s   5m51s[K[?25h[?2026l[?2026h[?25l[A[1Gpulling manifest [K
pulling 2049f5674b1e:   8% ▕█                 ▏ 691 MB/9.0 GB   23 MB/s   5m51s[K[?25h[?2026l[?2026h[?25l[A[1Gpulling manifest [K
pulling 2049f5674b1e:   8% ▕█                 ▏ 694 MB/9.0 GB   23 MB/s   5m51s[K[?25h[?2026l[?2026h[?25l[A[1Gpulling manifest [K
pulling 2049f5674b1e:   8% ▕█                 ▏ 697 MB/9.0 GB   23 MB/s   5m51s[K[?25h[?2026l[?2026h[?25l[A[1Gpulling manifest [K
pulling 2049f5674b1e:   8% ▕█                 ▏ 698 MB/9.0 GB   23 MB/s   5m47s[K[?25h[?2026l[?2026h[?25l[A[1Gpulling manifest [K
pulling 2049f5674b1e:   8% ▕█                 ▏ 700 MB/9.0 GB   23 MB/s   5m47s[K[?25h[?2026l[?2026h[?25l[A[1Gpulling manifest [K
pulling 2049f5674b1e:   8% ▕█                 ▏ 703 MB/9.0 GB   23 MB/s   5m47s[K[?25h[?2026l[?2026h[?25l[A[1Gpulling manifest [K
pulling 2049f5674b1e:   8% ▕█                 ▏ 705 MB/9.0 GB   23 MB/s   5m47s[K[?25h[?2026l[?2026h[?25l[A[1Gpulling manifest [K
pulling 2049f5674b1e:   8% ▕█                 ▏ 706 MB/9.0 GB   23 MB/s   5m47s[K[?25h[?2026l[?2026h[?25l[A[1Gpulling manifest [K
pulling 2049f5674b1e:   8% ▕█                 ▏ 708 MB/9.0 GB   23 MB/s   5m46s[K[?25h[?2026l[?2026h[?25l[A[1Gpulling manifest [K
pulling 2049f5674b1e:   8% ▕█                 ▏ 712 MB/9.0 GB   23 MB/s   5m46s[K[?25h[?2026l[?2026h[?25l[A[1Gpulling manifest [K
pulling 2049f5674b1e:   8% ▕█                 ▏ 713 MB/9.0 GB   23 MB/s   5m46s[K[?25h[?2026l[?2026h[?25l[A[1Gpulling manifest [K
pulling 2049f5674b1e:   8% ▕█                 ▏ 718 MB/9.0 GB   23 MB/s   5m46s[K[?25h[?2026l[?2026h[?25l[A[1Gpulling manifest [K
pulling 2049f5674b1e:   8% ▕█                 ▏ 720 MB/9.0 GB   23 MB/s   5m46s[K[?25h[?2026l[?2026h[?25l[A[1Gpulling manifest [K
pulling 2049f5674b1e:   8% ▕█                 ▏ 721 MB/9.0 GB   23 MB/s   5m55s[K[?25h[?2026l[?2026h[?25l[A[1Gpulling manifest [K
pulling 2049f5674b1e:   8% ▕█                 ▏ 724 MB/9.0 GB   23 MB/s   5m55s[K[?25h[?2026l[?2026h[?25l[A[1Gpulling manifest [K
pulling 2049f5674b1e:   8% ▕█                 ▏ 727 MB/9.0 GB   23 MB/s   5m55s[K[?25h[?2026l[?2026h[?25l[A[1Gpulling manifest [K
pulling 2049f5674b1e:   8% ▕█                 ▏ 729 MB/9.0 GB   23 MB/s   5m54s[K[?25h[?2026l[?2026h[?25l[A[1Gpulling manifest [K
pulling 2049f5674b1e:   8% ▕█                 ▏ 732 MB/9.0 GB   23 MB/s   5m54s[K[?25h[?2026l[?2026h[?25l[A[1Gpulling manifest [K
pulling 2049f5674b1e:   8% ▕█                 ▏ 734 MB/9.0 GB   23 MB/s   5m54s[K[?25h[?2026l[?2026h[?25l[A[1Gpulling manifest [K
pulling 2049f5674b1e:   8% ▕█                 ▏ 735 MB/9.0 GB   23 MB/s   5m54s[K[?25h[?2026l[?2026h[?25l[A[1Gpulling manifest [K
pulling 2049f5674b1e:   8% ▕█                 ▏ 738 MB/9.0 GB   23 MB/s   5m54s[K[?25h[?2026l[?2026h[?25l[A[1Gpulling manifest [K
pulling 2049f5674b1e:   8% ▕█                 ▏ 746 MB/9.0 GB   23 MB/s   5m54s[K[?25h[?2026l[?2026h[?25l[A[1Gpulling manifest [K
pulling 2049f5674b1e:   8% ▕█                 ▏ 747 MB/9.0 GB   23 MB/s   5m54s[K[?25h[?2026l[?2026h[?25l[A[1Gpulling manifest [K
pulling 2049f5674b1e:   8% ▕█                 ▏ 751 MB/9.0 GB   23 MB/s   5m44s[K[?25h[?2026l[?2026h[?25l[A[1Gpulling manifest [K
pulling 2049f5674b1e:   8% ▕█                 ▏ 752 MB/9.0 GB   23 MB/s   5m44s[K[?25h[?2026l[?2026h[?25l[A[1Gpulling manifest [K
pulling 2049f5674b1e:   8% ▕█                 ▏ 754 MB/9.0 GB   23 MB/s   5m44s[K[?25h[?2026l[?2026h[?25l[A[1Gpulling manifest [K
pulling 2049f5674b1e:   8% ▕█                 ▏ 756 MB/9.0 GB   23 MB/s   5m44s[K[?25h[?2026l[?2026h[?25l[A[1Gpulling manifest [K
pulling 2049f5674b1e:   8% ▕█                 ▏ 758 MB/9.0 GB   23 MB/s   5m44s[K[?25h[?2026l[?2026h[?25l[A[1Gpulling manifest [K
pulling 2049f5674b1e:   8% ▕█                 ▏ 759 MB/9.0 GB   23 MB/s   5m44s[K[?25h[?2026l[?2026h[?25l[A[1Gpulling manifest [K
pulling 2049f5674b1e:   8% ▕█                 ▏ 760 MB/9.0 GB   23 MB/s   5m44s[K[?25h[?2026l[?2026h[?25l[A[1Gpulling manifest [K
pulling 2049f5674b1e:   8% ▕█                 ▏ 762 MB/9.0 GB   23 MB/s   5m43s[K[?25h[?2026l[?2026h[?25l[A[1Gpulling manifest [K
pulling 2049f5674b1e:   9% ▕█                 ▏ 764 MB/9.0 GB   23 MB/s   5m43s[K[?25h[?2026l[?2026h[?25l[A[1Gpulling manifest [K
pulling 2049f5674b1e:   9% ▕█                 ▏ 766 MB/9.0 GB   23 MB/s   5m43s[K[?25h[?2026l[?2026h[?25l[A[1Gpulling manifest [K
pulling 2049f5674b1e:   9% ▕█                 ▏ 768 MB/9.0 GB   23 MB/s   5m57s[K[?25h[?2026l[?2026h[?25l[A[1Gpulling manifest [K
pulling 2049f5674b1e:   9% ▕█                 ▏ 769 MB/9.0 GB   23 MB/s   5m56s[K[?25h[?2026l[?2026h[?25l[A[1Gpulling manifest [K
pulling 2049f5674b1e:   9% ▕█                 ▏ 772 MB/9.0 GB   23 MB/s   5m56s[K[?25h[?2026l[?2026h[?25l[A[1Gpulling manifest [K
pulling 2049f5674b1e:   9% ▕█                 ▏ 775 MB/9.0 GB   23 MB/s   5m56s[K[?25h[?2026l[?2026h[?25l[A[1Gpulling manifest [K
pulling 2049f5674b1e:   9% ▕█                 ▏ 776 MB/9.0 GB   23 MB/s   5m56s[K[?25h[?2026l[?2026h[?25l[A[1Gpulling manifest [K
pulling 2049f5674b1e:   9% ▕█                 ▏ 779 MB/9.0 GB   23 MB/s   5m56s[K[?25h[?2026l[?2026h[?25l[A[1Gpulling manifest [K
pulling 2049f5674b1e:   9% ▕█                 ▏ 782 MB/9.0 GB   23 MB/s   5m56s[K[?25h[?2026l[?2026h[?25l[A[1Gpulling manifest [K
pulling 2049f5674b1e:   9% ▕█                 ▏ 783 MB/9.0 GB   23 MB/s   5m56s[K[?25h[?2026l[?2026h[?25l[A[1Gpulling manifest [K
pulling 2049f5674b1e:   9% ▕█                 ▏ 790 MB/9.0 GB   23 MB/s   5m56s[K[?25h[?2026l[?2026h[?25l[A[1Gpulling manifest [K
pulling 2049f5674b1e:   9% ▕█                 ▏ 793 MB/9.0 GB   23 MB/s   5m55s[K[?25h[?2026l[?2026h[?25l[A[1Gpulling manifest [K
pulling 2049f5674b1e:   9% ▕█                 ▏ 794 MB/9.0 GB   23 MB/s   5m55s[K[?25h[?2026l[?2026h[?25l[A[1Gpulling manifest [K
pulling 2049f5674b1e:   9% ▕█                 ▏ 796 MB/9.0 GB   23 MB/s   5m42s[K[?25h[?2026l[?2026h[?25l[A[1Gpulling manifest [K
pulling 2049f5674b1e:   9% ▕█                 ▏ 798 MB/9.0 GB   23 MB/s   5m42s[K[?25h[?2026l[?2026h[?25l[A[1Gpulling manifest [K
pulling 2049f5674b1e:   9% ▕█                 ▏ 799 MB/9.0 GB   23 MB/s   5m42s[K[?25h[?2026l[?2026h[?25l[A[1Gpulling manifest [K
pulling 2049f5674b1e:   9% ▕█                 ▏ 803 MB/9.0 GB   23 MB/s   5m42s[K[?25h[?2026l[?2026h[?25l[A[1Gpulling manifest [K
pulling 2049f5674b1e:   9% ▕█                 ▏ 805 MB/9.0 GB   23 MB/s   5m42s[K[?25h[?2026l[?2026h[?25l[A[1Gpulling manifest [K
pulling 2049f5674b1e:   9% ▕█                 ▏ 806 MB/9.0 GB   23 MB/s   5m42s[K[?25h[?2026l[?2026h[?25l[A[1Gpulling manifest [K
pulling 2049f5674b1e:   9% ▕█                 ▏ 809 MB/9.0 GB   23 MB/s   5m42s[K[?25h[?2026l[?2026h[?25l[A[1Gpulling manifest [K
pulling 2049f5674b1e:   9% ▕█                 ▏ 813 MB/9.0 GB   23 MB/s   5m41s[K[?25h[?2026l[?2026h[?25l[A[1Gpulling manifest [K
pulling 2049f5674b1e:   9% ▕█                 ▏ 813 MB/9.0 GB   23 MB/s   5m41s[K[?25h[?2026l[?2026h[?25l[A[1Gpulling manifest [K
pulling 2049f5674b1e:   9% ▕█                 ▏ 814 MB/9.0 GB   23 MB/s   5m41s[K[?25h[?2026l[?2026h[?25l[A[1Gpulling manifest [K
pulling 2049f5674b1e:   9% ▕█                 ▏ 814 MB/9.0 GB   24 MB/s   5m32s[K[?25h[?2026l[?2026h[?25l[A[1Gpulling manifest [K
pulling 2049f5674b1e:   9% ▕█                 ▏ 814 MB/9.0 GB   24 MB/s   5m32s[K[?25h[?2026l[?2026h[?25l[A[1Gpulling manifest [K
pulling 2049f5674b1e:   9% ▕█                 ▏ 815 MB/9.0 GB   24 MB/s   5m32s[K[?25h[?2026l[?2026h[?25l[A[1Gpulling manifest [K
pulling 2049f5674b1e:   9% ▕█                 ▏ 816 MB/9.0 GB   24 MB/s   5m32s[K[?25h[?2026l[?2026h[?25l[A[1Gpulling manifest [K
pulling 2049f5674b1e:   9% ▕█                 ▏ 817 MB/9.0 GB   24 MB/s   5m32s[K[?25h[?2026l[?2026h[?25l[A[1Gpulling manifest [K
pulling 2049f5674b1e:   9% ▕█                 ▏ 818 MB/9.0 GB   24 MB/s   5m32s[K[?25h[?2026l[?2026h[?25l[A[1Gpulling manifest [K
pulling 2049f5674b1e:   9% ▕█                 ▏ 821 MB/9.0 GB   24 MB/s   5m32s[K[?25h[?2026l[?2026h[?25l[A[1Gpulling manifest [K
pulling 2049f5674b1e:   9% ▕█                 ▏ 822 MB/9.0 GB   24 MB/s   5m32s[K[?25h[?2026l[?2026h[?25l[A[1Gpulling manifest [K
pulling 2049f5674b1e:   9% ▕█                 ▏ 824 MB/9.0 GB   24 MB/s   5m32s[K[?25h[?2026l[?2026h[?25l[A[1Gpulling manifest [K
pulling 2049f5674b1e:   9% ▕█                 ▏ 825 MB/9.0 GB   24 MB/s   5m31s[K[?25h[?2026l[?2026h[?25l[A[1Gpulling manifest [K
pulling 2049f5674b1e:   9% ▕█                 ▏ 827 MB/9.0 GB   22 MB/s   5m55s[K[?25h[?2026l[?2026h[?25l[A[1Gpulling manifest [K
pulling 2049f5674b1e:   9% ▕█                 ▏ 831 MB/9.0 GB   22 MB/s   5m55s[K[?25h[?2026l[?2026h[?25l[A[1Gpulling manifest [K
pulling 2049f5674b1e:   9% ▕█                 ▏ 832 MB/9.0 GB   22 MB/s   5m55s[K[?25h[?2026l[?2026h[?25l[A[1Gpulling manifest [K
pulling 2049f5674b1e:   9% ▕█                 ▏ 833 MB/9.0 GB   22 MB/s   5m55s[K[?25h[?2026l[?2026h[?25l[A[1Gpulling manifest [K
pulling 2049f5674b1e:   9% ▕█                 ▏ 835 MB/9.0 GB   22 MB/s   5m55s[K[?25h[?2026l[?2026h[?25l[A[1Gpulling manifest [K
pulling 2049f5674b1e:   9% ▕█                 ▏ 836 MB/9.0 GB   22 MB/s   5m55s[K[?25h[?2026l[?2026h[?25l[A[1Gpulling manifest [K
pulling 2049f5674b1e:   9% ▕█                 ▏ 837 MB/9.0 GB   22 MB/s   5m55s[K[?25h[?2026l[?2026h[?25l[A[1Gpulling manifest [K
pulling 2049f5674b1e:   9% ▕█                 ▏ 843 MB/9.0 GB   22 MB/s   5m55s[K[?25h[?2026l[?2026h[?25l[A[1Gpulling manifest [K
pulling 2049f5674b1e:   9% ▕█                 ▏ 845 MB/9.0 GB   22 MB/s   5m55s[K[?25h[?2026l[?2026h[?25l[A[1Gpulling manifest [K
pulling 2049f5674b1e:   9% ▕█                 ▏ 845 MB/9.0 GB   22 MB/s   5m55s[K[?25h[?2026l[?2026h[?25l[A[1Gpulling manifest [K
pulling 2049f5674b1e:   9% ▕█                 ▏ 847 MB/9.0 GB   21 MB/s   6m12s[K[?25h[?2026l[?2026h[?25l[A[1Gpulling manifest [K
pulling 2049f5674b1e:   9% ▕█                 ▏ 849 MB/9.0 GB   21 MB/s   6m12s[K[?25h[?2026l[?2026h[?25l[A[1Gpulling manifest [K
pulling 2049f5674b1e:   9% ▕█                 ▏ 852 MB/9.0 GB   21 MB/s   6m12s[K[?25h[?2026l[?2026h[?25l[A[1Gpulling manifest [K
pulling 2049f5674b1e:  10% ▕█                 ▏ 855 MB/9.0 GB   21 MB/s   6m12s[K[?25h[?2026l[?2026h[?25l[A[1Gpulling manifest [K
pulling 2049f5674b1e:  10% ▕█                 ▏ 860 MB/9.0 GB   21 MB/s   6m11s[K[?25h[?2026l[?2026h[?25l[A[1Gpulling manifest [K
pulling 2049f5674b1e:  10% ▕█                 ▏ 861 MB/9.0 GB   21 MB/s   6m11s[K[?25h[?2026l[?2026h[?25l[A[1Gpulling manifest [K
pulling 2049f5674b1e:  10% ▕█                 ▏ 864 MB/9.0 GB   21 MB/s   6m11s[K[?25h[?2026l[?2026h[?25l[A[1Gpulling manifest [K
pulling 2049f5674b1e:  10% ▕█                 ▏ 868 MB/9.0 GB   21 MB/s   6m11s[K[?25h[?2026l[?2026h[?25l[A[1Gpulling manifest [K
pulling 2049f5674b1e:  10% ▕█                 ▏ 871 MB/9.0 GB   21 MB/s   6m11s[K[?25h[?2026l[?2026h[?25l[A[1Gpulling manifest [K
pulling 2049f5674b1e:  10% ▕█                 ▏ 875 MB/9.0 GB   21 MB/s   6m11s[K[?25h[?2026l[?2026h[?25l[A[1Gpulling manifest [K
pulling 2049f5674b1e:  10% ▕█                 ▏ 877 MB/9.0 GB   22 MB/s   5m58s[K[?25h[?2026l[?2026h[?25l[A[1Gpulling manifest [K
pulling 2049f5674b1e:  10% ▕█                 ▏ 880 MB/9.0 GB   22 MB/s   5m57s[K[?25h[?2026l[?2026h[?25l[A[1Gpulling manifest [K
pulling 2049f5674b1e:  10% ▕█                 ▏ 884 MB/9.0 GB   22 MB/s   5m57s[K[?25h[?2026l[?2026h[?25l[A[1Gpulling manifest [K
pulling 2049f5674b1e:  10% ▕█                 ▏ 889 MB/9.0 GB   22 MB/s   5m57s[K[?25h[?2026l[?2026h[?25l[A[1Gpulling manifest [K
pulling 2049f5674b1e:  10% ▕█                 ▏ 890 MB/9.0 GB   22 MB/s   5m57s[K[?25h[?2026l[?2026h[?25l[A[1Gpulling manifest [K
pulling 2049f5674b1e:  10% ▕█                 ▏ 895 MB/9.0 GB   22 MB/s   5m57s[K[?25h[?2026l[?2026h[?25l[A[1Gpulling manifest [K
pulling 2049f5674b1e:  10% ▕█                 ▏ 897 MB/9.0 GB   22 MB/s   5m57s[K[?25h[?2026l[?2026h[?25l[A[1Gpulling manifest [K
pulling 2049f5674b1e:  10% ▕█                 ▏ 898 MB/9.0 GB   22 MB/s   5m57s[K[?25h[?2026l[?2026h[?25l[A[1Gpulling manifest [K
pulling 2049f5674b1e:  10% ▕█                 ▏ 899 MB/9.0 GB   22 MB/s   5m57s[K[?25h[?2026l[?2026h[?25l[A[1Gpulling manifest [K
pulling 2049f5674b1e:  10% ▕█                 ▏ 902 MB/9.0 GB   22 MB/s   5m56s[K[?25h[?2026l[?2026h[?25l[A[1Gpulling manifest [K
pulling 2049f5674b1e:  10% ▕█                 ▏ 903 MB/9.0 GB   22 MB/s   5m56s[K[?25h[?2026l[?2026h[?25l[A[1Gpulling manifest [K
pulling 2049f5674b1e:  10% ▕█                 ▏ 905 MB/9.0 GB   22 MB/s   5m51s[K[?25h[?2026l[?2026h[?25l[A[1Gpulling manifest [K
pulling 2049f5674b1e:  10% ▕█                 ▏ 908 MB/9.0 GB   22 MB/s   5m51s[K[?25h[?2026l[?2026h[?25l[A[1Gpulling manifest [K
pulling 2049f5674b1e:  10% ▕█                 ▏ 909 MB/9.0 GB   22 MB/s   5m51s[K[?25h[?2026l[?2026h[?25l[A[1Gpulling manifest [K
pulling 2049f5674b1e:  10% ▕█                 ▏ 912 MB/9.0 GB   22 MB/s   5m51s[K[?25h[?2026l[?2026h[?25l[A[1Gpulling manifest [K
pulling 2049f5674b1e:  10% ▕█                 ▏ 914 MB/9.0 GB   22 MB/s   5m51s[K[?25h[?2026l[?2026h[?25l[A[1Gpulling manifest [K
pulling 2049f5674b1e:  10% ▕█                 ▏ 915 MB/9.0 GB   22 MB/s   5m51s[K[?25h[?2026l[?2026h[?25l[A[1Gpulling manifest [K
pulling 2049f5674b1e:  10% ▕█                 ▏ 917 MB/9.0 GB   22 MB/s   5m51s[K[?25h[?2026l[?2026h[?25l[A[1Gpulling manifest [K
pulling 2049f5674b1e:  10% ▕█                 ▏ 919 MB/9.0 GB   22 MB/s   5m51s[K[?25h[?2026l[?2026h[?25l[A[1Gpulling manifest [K
pulling 2049f5674b1e:  10% ▕█                 ▏ 920 MB/9.0 GB   22 MB/s   5m51s[K[?25h[?2026l[?2026h[?25l[A[1Gpulling manifest [K
pulling 2049f5674b1e:  10% ▕█                 ▏ 923 MB/9.0 GB   22 MB/s   5m50s[K[?25h[?2026l[?2026h[?25l[A[1Gpulling manifest [K
pulling 2049f5674b1e:  10% ▕█                 ▏ 928 MB/9.0 GB   22 MB/s   5m57s[K[?25h[?2026l[?2026h[?25l[A[1Gpulling manifest [K
pulling 2049f5674b1e:  10% ▕█                 ▏ 929 MB/9.0 GB   22 MB/s   5m57s[K[?25h[?2026l[?2026h[?25l[A[1Gpulling manifest [K
pulling 2049f5674b1e:  10% ▕█                 ▏ 932 MB/9.0 GB   22 MB/s   5m57s[K[?25h[?2026l[?2026h[?25l[A[1Gpulling manifest [K
pulling 2049f5674b1e:  10% ▕█                 ▏ 933 MB/9.0 GB   22 MB/s   5m57s[K[?25h[?2026l[?2026h[?25l[A[1Gpulling manifest [K
pulling 2049f5674b1e:  10% ▕█                 ▏ 934 MB/9.0 GB   22 MB/s   5m57s[K[?25h[?2026l[?2026h[?25l[A[1Gpulling manifest [K
pulling 2049f5674b1e:  10% ▕█                 ▏ 938 MB/9.0 GB   22 MB/s   5m56s[K[?25h[?2026l[?2026h[?25l[A[1Gpulling manifest [K
pulling 2049f5674b1e:  10% ▕█                 ▏ 939 MB/9.0 GB   22 MB/s   5m56s[K[?25h[?2026l[?2026h[?25l[A[1Gpulling manifest [K
pulling 2049f5674b1e:  10% ▕█                 ▏ 940 MB/9.0 GB   22 MB/s   5m56s[K[?25h[?2026l[?2026h[?25l[A[1Gpulling manifest [K
pulling 2049f5674b1e:  10% ▕█                 ▏ 942 MB/9.0 GB   22 MB/s   5m56s[K[?25h[?2026l[?2026h[?25l[A[1Gpulling manifest [K
pulling 2049f5674b1e:  11% ▕█                 ▏ 946 MB/9.0 GB   22 MB/s   5m56s[K[?25h[?2026l[?2026h[?25l[A[1Gpulling manifest [K
pulling 2049f5674b1e:  11% ▕█                 ▏ 947 MB/9.0 GB   21 MB/s    6m7s[K[?25h[?2026l[?2026h[?25l[A[1Gpulling manifest [K
pulling 2049f5674b1e:  11% ▕█                 ▏ 950 MB/9.0 GB   21 MB/s    6m7s[K[?25h[?2026l[?2026h[?25l[A[1Gpulling manifest [K
pulling 2049f5674b1e:  11% ▕█                 ▏ 953 MB/9.0 GB   21 MB/s    6m7s[K[?25h[?2026l[?2026h[?25l[A[1Gpulling manifest [K
pulling 2049f5674b1e:  11% ▕█                 ▏ 954 MB/9.0 GB   21 MB/s    6m7s[K[?25h[?2026l[?2026h[?25l[A[1Gpulling manifest [K
pulling 2049f5674b1e:  11% ▕█                 ▏ 957 MB/9.0 GB   21 MB/s    6m7s[K[?25h[?2026l[?2026h[?25l[A[1Gpulling manifest [K
pulling 2049f5674b1e:  11% ▕█                 ▏ 961 MB/9.0 GB   21 MB/s    6m7s[K[?25h[?2026l[?2026h[?25l[A[1Gpulling manifest [K
pulling 2049f5674b1e:  11% ▕█                 ▏ 963 MB/9.0 GB   21 MB/s    6m7s[K[?25h[?2026l[?2026h[?25l[A[1Gpulling manifest [K
pulling 2049f5674b1e:  11% ▕█                 ▏ 965 MB/9.0 GB   21 MB/s    6m7s[K[?25h[?2026l[?2026h[?25l[A[1Gpulling manifest [K
pulling 2049f5674b1e:  11% ▕█                 ▏ 966 MB/9.0 GB   21 MB/s    6m7s[K[?25h[?2026l[?2026h[?25l[A[1Gpulling manifest [K
pulling 2049f5674b1e:  11% ▕█                 ▏ 967 MB/9.0 GB   21 MB/s    6m7s[K[?25h[?2026l[?2026h[?25l[A[1Gpulling manifest [K
pulling 2049f5674b1e:  11% ▕█                 ▏ 970 MB/9.0 GB   22 MB/s   5m58s[K[?25h[?2026l[?2026h[?25l[A[1Gpulling manifest [K
pulling 2049f5674b1e:  11% ▕█                 ▏ 976 MB/9.0 GB   22 MB/s   5m58s[K[?25h[?2026l[?2026h[?25l[A[1Gpulling manifest [K
pulling 2049f5674b1e:  11% ▕█                 ▏ 981 MB/9.0 GB   22 MB/s   5m58s[K[?25h[?2026l[?2026h[?25l[A[1Gpulling manifest [K
pulling 2049f5674b1e:  11% ▕█                 ▏ 984 MB/9.0 GB   22 MB/s   5m58s[K[?25h[?2026l[?2026h[?25l[A[1Gpulling manifest [K
pulling 2049f5674b1e:  11% ▕█                 ▏ 988 MB/9.0 GB   22 MB/s   5m58s[K[?25h[?2026l[?2026h[?25l[A[1Gpulling manifest [K
pulling 2049f5674b1e:  11% ▕█                 ▏ 989 MB/9.0 GB   22 MB/s   5m57s[K[?25h[?2026l[?2026h[?25l[A[1Gpulling manifest [K
pulling 2049f5674b1e:  11% ▕█                 ▏ 993 MB/9.0 GB   22 MB/s   5m57s[K[?25h[?2026l[?2026h[?25l[A[1Gpulling manifest [K
pulling 2049f5674b1e:  11% ▕█                 ▏ 995 MB/9.0 GB   22 MB/s   5m57s[K[?25h[?2026l[?2026h[?25l[A[1Gpulling manifest [K
pulling 2049f5674b1e:  11% ▕█                 ▏ 996 MB/9.0 GB   22 MB/s   5m57s[K[?25h[?2026l[?2026h[?25l[A[1Gpulling manifest [K
pulling 2049f5674b1e:  11% ▕█                 ▏ 998 MB/9.0 GB   22 MB/s   5m57s[K[?25h[?2026l[?2026h[?25l[A[1Gpulling manifest [K
pulling 2049f5674b1e:  11% ▕██                ▏ 1.0 GB/9.0 GB   23 MB/s   5m45s[K[?25h[?2026l[?2026h[?25l[A[1Gpulling manifest [K
pulling 2049f5674b1e:  11% ▕██                ▏ 1.0 GB/9.0 GB   23 MB/s   5m45s[K[?25h[?2026l[?2026h[?25l[A[1Gpulling manifest [K
pulling 2049f5674b1e:  11% ▕██                ▏ 1.0 GB/9.0 GB   23 MB/s   5m45s[K[?25h[?2026l[?2026h[?25l[A[1Gpulling manifest [K
pulling 2049f5674b1e:  11% ▕██                ▏ 1.0 GB/9.0 GB   23 MB/s   5m45s[K[?25h[?2026l[?2026h[?25l[A[1Gpulling manifest [K
pulling 2049f5674b1e:  11% ▕██                ▏ 1.0 GB/9.0 GB   23 MB/s   5m45s[K[?25h[?2026l[?2026h[?25l[A[1Gpulling manifest [K
pulling 2049f5674b1e:  11% ▕██                ▏ 1.0 GB/9.0 GB   23 MB/s   5m45s[K[?25h[?2026l[?2026h[?25l[A[1Gpulling manifest [K
pulling 2049f5674b1e:  11% ▕██                ▏ 1.0 GB/9.0 GB   23 MB/s   5m45s[K[?25h[?2026l[?2026h[?25l[A[1Gpulling manifest [K
pulling 2049f5674b1e:  11% ▕██                ▏ 1.0 GB/9.0 GB   23 MB/s   5m45s[K[?25h[?2026l[?2026h[?25l[A[1Gpulling manifest [K
pulling 2049f5674b1e:  11% ▕██                ▏ 1.0 GB/9.0 GB   23 MB/s   5m45s[K[?25h[?2026l[?2026h[?25l[A[1Gpulling manifest [K
pulling 2049f5674b1e:  11% ▕██                ▏ 1.0 GB/9.0 GB   23 MB/s   5m45s[K[?25h[?2026l[?2026h[?25l[A[1Gpulling manifest [K
pulling 2049f5674b1e:  11% ▕██                ▏ 1.0 GB/9.0 GB   23 MB/s   5m45s[K[?25h[?2026l[?2026h[?25l[A[1Gpulling manifest [K
pulling 2049f5674b1e:  11% ▕██                ▏ 1.0 GB/9.0 GB   22 MB/s   5m56s[K[?25h[?2026l[?2026h[?25l[A[1Gpulling manifest [K
pulling 2049f5674b1e:  11% ▕██                ▏ 1.0 GB/9.0 GB   22 MB/s   5m56s[K[?25h[?2026l[?2026h[?25l[A[1Gpulling manifest [K
pulling 2049f5674b1e:  11% ▕██                ▏ 1.0 GB/9.0 GB   22 MB/s   5m56s[K[?25h[?2026l[?2026h[?25l[A[1Gpulling manifest [K
pulling 2049f5674b1e:  11% ▕██                ▏ 1.0 GB/9.0 GB   22 MB/s   5m56s[K[?25h[?2026l[?2026h[?25l[A[1Gpulling manifest [K
pulling 2049f5674b1e:  11% ▕██                ▏ 1.0 GB/9.0 GB   22 MB/s   5m56s[K[?25h[?2026l[?2026h[?25l[A[1Gpulling manifest [K
pulling 2049f5674b1e:  11% ▕██                ▏ 1.0 GB/9.0 GB   22 MB/s   5m56s[K[?25h[?2026l[?2026h[?25l[A[1Gpulling manifest [K
pulling 2049f5674b1e:  11% ▕██                ▏ 1.0 GB/9.0 GB   22 MB/s   5m56s[K[?25h[?2026l[?2026h[?25l[A[1Gpulling manifest [K
pulling 2049f5674b1e:  12% ▕██                ▏ 1.0 GB/9.0 GB   22 MB/s   5m55s[K[?25h[?2026l[?2026h[?25l[A[1Gpulling manifest [K
pulling 2049f5674b1e:  12% ▕██                ▏ 1.0 GB/9.0 GB   22 MB/s   5m55s[K[?25h[?2026l[?2026h[?25l[A[1Gpulling manifest [K
pulling 2049f5674b1e:  12% ▕██                ▏ 1.0 GB/9.0 GB   22 MB/s   5m55s[K[?25h[?2026l[?2026h[?25l[A[1Gpulling manifest [K
pulling 2049f5674b1e:  12% ▕██                ▏ 1.0 GB/9.0 GB   24 MB/s   5m24s[K[?25h[?2026l[?2026h[?25l[A[1Gpulling manifest [K
pulling 2049f5674b1e:  12% ▕██                ▏ 1.0 GB/9.0 GB   24 MB/s   5m24s[K[?25h[?2026l[?2026h[?25l[A[1Gpulling manifest [K
pulling 2049f5674b1e:  12% ▕██                ▏ 1.0 GB/9.0 GB   24 MB/s   5m24s[K[?25h[?2026l[?2026h[?25l[A[1Gpulling manifest [K
pulling 2049f5674b1e:  12% ▕██                ▏ 1.0 GB/9.0 GB   24 MB/s   5m24s[K[?25h[?2026l[?2026h[?25l[A[1Gpulling manifest [K
pulling 2049f5674b1e:  12% ▕██                ▏ 1.0 GB/9.0 GB   24 MB/s   5m24s[K[?25h[?2026l[?2026h[?25l[A[1Gpulling manifest [K
pulling 2049f5674b1e:  12% ▕██                ▏ 1.1 GB/9.0 GB   24 MB/s   5m24s[K[?25h[?2026l[?2026h[?25l[A[1Gpulling manifest [K
pulling 2049f5674b1e:  12% ▕██                ▏ 1.1 GB/9.0 GB   24 MB/s   5m24s[K[?25h[?2026l[?2026h[?25l[A[1Gpulling manifest [K
pulling 2049f5674b1e:  12% ▕██                ▏ 1.1 GB/9.0 GB   24 MB/s   5m24s[K[?25h[?2026l[?2026h[?25l[A[1Gpulling manifest [K
pulling 2049f5674b1e:  12% ▕██                ▏ 1.1 GB/9.0 GB   24 MB/s   5m24s[K[?25h[?2026l[?2026h[?25l[A[1Gpulling manifest [K
pulling 2049f5674b1e:  12% ▕██                ▏ 1.1 GB/9.0 GB   24 MB/s   5m24s[K[?25h[?2026l[?2026h[?25l[A[1Gpulling manifest [K
pulling 2049f5674b1e:  12% ▕██                ▏ 1.1 GB/9.0 GB   23 MB/s   5m37s[K[?25h[?2026l[?2026h[?25l[A[1Gpulling manifest [K
pulling 2049f5674b1e:  12% ▕██                ▏ 1.1 GB/9.0 GB   23 MB/s   5m37s[K[?25h[?2026l[?2026h[?25l[A[1Gpulling manifest [K
pulling 2049f5674b1e:  12% ▕██                ▏ 1.1 GB/9.0 GB   23 MB/s   5m37s[K[?25h[?2026l[?2026h[?25l[A[1Gpulling manifest [K
pulling 2049f5674b1e:  12% ▕██                ▏ 1.1 GB/9.0 GB   23 MB/s   5m37s[K[?25h[?2026l[?2026h[?25l[A[1Gpulling manifest [K
pulling 2049f5674b1e:  12% ▕██                ▏ 1.1 GB/9.0 GB   23 MB/s   5m36s[K[?25h[?2026l[?2026h[?25l[A[1Gpulling manifest [K
pulling 2049f5674b1e:  12% ▕██                ▏ 1.1 GB/9.0 GB   23 MB/s   5m36s[K[?25h[?2026l[?2026h[?25l[A[1Gpulling manifest [K
pulling 2049f5674b1e:  12% ▕██                ▏ 1.1 GB/9.0 GB   23 MB/s   5m36s[K[?25h[?2026l[?2026h[?25l[A[1Gpulling manifest [K
pulling 2049f5674b1e:  12% ▕██                ▏ 1.1 GB/9.0 GB   23 MB/s   5m36s[K[?25h[?2026l[?2026h[?25l[A[1Gpulling manifest [K
pulling 2049f5674b1e:  12% ▕██                ▏ 1.1 GB/9.0 GB   23 MB/s   5m36s[K[?25h[?2026l[?2026h[?25l[A[1Gpulling manifest [K
pulling 2049f5674b1e:  12% ▕██                ▏ 1.1 GB/9.0 GB   23 MB/s   5m36s[K[?25h[?2026l[?2026h[?25l[A[1Gpulling manifest [K
pulling 2049f5674b1e:  12% ▕██                ▏ 1.1 GB/9.0 GB   22 MB/s   5m52s[K[?25h[?2026l[?2026h[?25l[A[1Gpulling manifest [K
pulling 2049f5674b1e:  12% ▕██                ▏ 1.1 GB/9.0 GB   22 MB/s   5m52s[K[?25h[?2026l[?2026h[?25l[A[1Gpulling manifest [K
pulling 2049f5674b1e:  12% ▕██                ▏ 1.1 GB/9.0 GB   22 MB/s   5m51s[K[?25h[?2026l[?2026h[?25l[A[1Gpulling manifest [K
pulling 2049f5674b1e:  12% ▕██                ▏ 1.1 GB/9.0 GB   22 MB/s   5m51s[K[?25h[?2026l[?2026h[?25l[A[1Gpulling manifest [K
pulling 2049f5674b1e:  12% ▕██                ▏ 1.1 GB/9.0 GB   22 MB/s   5m51s[K[?25h[?2026l[?2026h[?25l[A[1Gpulling manifest [K
pulling 2049f5674b1e:  12% ▕██                ▏ 1.1 GB/9.0 GB   22 MB/s   5m51s[K[?25h[?2026l[?2026h[?25l[A[1Gpulling manifest [K
pulling 2049f5674b1e:  12% ▕██                ▏ 1.1 GB/9.0 GB   22 MB/s   5m51s[K[?25h[?2026l[?2026h[?25l[A[1Gpulling manifest [K
pulling 2049f5674b1e:  12% ▕██                ▏ 1.1 GB/9.0 GB   22 MB/s   5m51s[K[?25h[?2026l[?2026h[?25l[A[1Gpulling manifest [K
pulling 2049f5674b1e:  12% ▕██                ▏ 1.1 GB/9.0 GB   22 MB/s   5m51s[K[?25h[?2026l[?2026h[?25l[A[1Gpulling manifest [K
pulling 2049f5674b1e:  12% ▕██                ▏ 1.1 GB/9.0 GB   22 MB/s   5m51s[K[?25h[?2026l[?2026h[?25l[A[1Gpulling manifest [K
pulling 2049f5674b1e:  12% ▕██                ▏ 1.1 GB/9.0 GB   22 MB/s   5m57s[K[?25h[?2026l[?2026h[?25l[A[1Gpulling manifest [K
pulling 2049f5674b1e:  12% ▕██                ▏ 1.1 GB/9.0 GB   22 MB/s   5m57s[K[?25h[?2026l[?2026h[?25l[A[1Gpulling manifest [K
pulling 2049f5674b1e:  12% ▕██                ▏ 1.1 GB/9.0 GB   22 MB/s   5m56s[K[?25h[?2026l[?2026h[?25l[A[1Gpulling manifest [K
pulling 2049f5674b1e:  12% ▕██                ▏ 1.1 GB/9.0 GB   22 MB/s   5m56s[K[?25h[?2026l[?2026h[?25l[A[1Gpulling manifest [K
pulling 2049f5674b1e:  12% ▕██                ▏ 1.1 GB/9.0 GB   22 MB/s   5m56s[K[?25h[?2026l[?2026h[?25l[A[1Gpulling manifest [K
pulling 2049f5674b1e:  12% ▕██                ▏ 1.1 GB/9.0 GB   22 MB/s   5m56s[K[?25h[?2026l[?2026h[?25l[A[1Gpulling manifest [K
pulling 2049f5674b1e:  12% ▕██                ▏ 1.1 GB/9.0 GB   22 MB/s   5m56s[K[?25h[?2026l[?2026h[?25l[A[1Gpulling manifest [K
pulling 2049f5674b1e:  12% ▕██                ▏ 1.1 GB/9.0 GB   22 MB/s   5m56s[K[?25h[?2026l[?2026h[?25l[A[1Gpulling manifest [K
pulling 2049f5674b1e:  13% ▕██                ▏ 1.1 GB/9.0 GB   22 MB/s   5m56s[K[?25h[?2026l[?2026h[?25l[A[1Gpulling manifest [K
pulling 2049f5674b1e:  13% ▕██                ▏ 1.1 GB/9.0 GB   22 MB/s   5m56s[K[?25h[?2026l[?2026h[?25l[A[1Gpulling manifest [K
pulling 2049f5674b1e:  13% ▕██                ▏ 1.1 GB/9.0 GB   22 MB/s   5m56s[K[?25h[?2026l[?2026h[?25l[A[1Gpulling manifest [K
pulling 2049f5674b1e:  13% ▕██                ▏ 1.1 GB/9.0 GB   22 MB/s   5m48s[K[?25h[?2026l[?2026h[?25l[A[1Gpulling manifest [K
pulling 2049f5674b1e:  13% ▕██                ▏ 1.1 GB/9.0 GB   22 MB/s   5m48s[K[?25h[?2026l[?2026h[?25l[A[1Gpulling manifest [K
pulling 2049f5674b1e:  13% ▕██                ▏ 1.1 GB/9.0 GB   22 MB/s   5m48s[K[?25h[?2026l[?2026h[?25l[A[1Gpulling manifest [K
pulling 2049f5674b1e:  13% ▕██                ▏ 1.1 GB/9.0 GB   22 MB/s   5m47s[K[?25h[?2026l[?2026h[?25l[A[1Gpulling manifest [K
pulling 2049f5674b1e:  13% ▕██                ▏ 1.1 GB/9.0 GB   22 MB/s   5m47s[K[?25h[?2026l[?2026h[?25l[A[1Gpulling manifest [K
pulling 2049f5674b1e:  13% ▕██                ▏ 1.1 GB/9.0 GB   22 MB/s   5m47s[K[?25h[?2026l[?2026h[?25l[A[1Gpulling manifest [K
pulling 2049f5674b1e:  13% ▕██                ▏ 1.1 GB/9.0 GB   22 MB/s   5m47s[K[?25h[?2026l[?2026h[?25l[A[1Gpulling manifest [K
pulling 2049f5674b1e:  13% ▕██                ▏ 1.1 GB/9.0 GB   22 MB/s   5m47s[K[?25h[?2026l[?2026h[?25l[A[1Gpulling manifest [K
pulling 2049f5674b1e:  13% ▕██                ▏ 1.1 GB/9.0 GB   22 MB/s   5m47s[K[?25h[?2026l[?2026h[?25l[A[1Gpulling manifest [K
pulling 2049f5674b1e:  13% ▕██                ▏ 1.1 GB/9.0 GB   22 MB/s   5m47s[K[?25h[?2026l[?2026h[?25l[A[1Gpulling manifest [K
pulling 2049f5674b1e:  13% ▕██                ▏ 1.2 GB/9.0 GB   22 MB/s   5m50s[K[?25h[?2026l[?2026h[?25l[A[1Gpulling manifest [K
pulling 2049f5674b1e:  13% ▕██                ▏ 1.2 GB/9.0 GB   22 MB/s   5m50s[K[?25h[?2026l[?2026h[?25l[A[1Gpulling manifest [K
pulling 2049f5674b1e:  13% ▕██                ▏ 1.2 GB/9.0 GB   22 MB/s   5m49s[K[?25h[?2026l[?2026h[?25l[A[1Gpulling manifest [K
pulling 2049f5674b1e:  13% ▕██                ▏ 1.2 GB/9.0 GB   22 MB/s   5m49s[K[?25h[?2026l[?2026h[?25l[A[1Gpulling manifest [K
pulling 2049f5674b1e:  13% ▕██                ▏ 1.2 GB/9.0 GB   22 MB/s   5m49s[K[?25h[?2026l[?2026h[?25l[A[1Gpulling manifest [K
pulling 2049f5674b1e:  13% ▕██                ▏ 1.2 GB/9.0 GB   22 MB/s   5m49s[K[?25h[?2026l[?2026h[?25l[A[1Gpulling manifest [K
pulling 2049f5674b1e:  13% ▕██                ▏ 1.2 GB/9.0 GB   22 MB/s   5m49s[K[?25h[?2026l[?2026h[?25l[A[1Gpulling manifest [K
pulling 2049f5674b1e:  13% ▕██                ▏ 1.2 GB/9.0 GB   22 MB/s   5m49s[K[?25h[?2026l[?2026h[?25l[A[1Gpulling manifest [K
pulling 2049f5674b1e:  13% ▕██                ▏ 1.2 GB/9.0 GB   22 MB/s   5m49s[K[?25h[?2026l[?2026h[?25l[A[1Gpulling manifest [K
pulling 2049f5674b1e:  13% ▕██                ▏ 1.2 GB/9.0 GB   22 MB/s   5m49s[K[?25h[?2026l[?2026h[?25l[A[1Gpulling manifest [K
pulling 2049f5674b1e:  13% ▕██                ▏ 1.2 GB/9.0 GB   22 MB/s   5m53s[K[?25h[?2026l[?2026h[?25l[A[1Gpulling manifest [K
pulling 2049f5674b1e:  13% ▕██                ▏ 1.2 GB/9.0 GB   22 MB/s   5m53s[K[?25h[?2026l[?2026h[?25l[A[1Gpulling manifest [K
pulling 2049f5674b1e:  13% ▕██                ▏ 1.2 GB/9.0 GB   22 MB/s   5m52s[K[?25h[?2026l[?2026h[?25l[A[1Gpulling manifest [K
pulling 2049f5674b1e:  13% ▕██                ▏ 1.2 GB/9.0 GB   22 MB/s   5m52s[K[?25h[?2026l[?2026h[?25l[A[1Gpulling manifest [K
pulling 2049f5674b1e:  13% ▕██                ▏ 1.2 GB/9.0 GB   22 MB/s   5m52s[K[?25h[?2026l[?2026h[?25l[A[1Gpulling manifest [K
pulling 2049f5674b1e:  13% ▕██                ▏ 1.2 GB/9.0 GB   22 MB/s   5m52s[K[?25h[?2026l[?2026h[?25l[A[1Gpulling manifest [K
pulling 2049f5674b1e:  13% ▕██                ▏ 1.2 GB/9.0 GB   22 MB/s   5m52s[K[?25h[?2026l[?2026h[?25l[A[1Gpulling manifest [K
pulling 2049f5674b1e:  13% ▕██                ▏ 1.2 GB/9.0 GB   22 MB/s   5m52s[K[?25h[?2026l[?2026h[?25l[A[1Gpulling manifest [K
pulling 2049f5674b1e:  13% ▕██                ▏ 1.2 GB/9.0 GB   22 MB/s   5m52s[K[?25h[?2026l[?2026h[?25l[A[1Gpulling manifest [K
pulling 2049f5674b1e:  13% ▕██                ▏ 1.2 GB/9.0 GB   22 MB/s   5m52s[K[?25h[?2026l[?2026h[?25l[A[1Gpulling manifest [K
pulling 2049f5674b1e:  13% ▕██                ▏ 1.2 GB/9.0 GB   21 MB/s    6m7s[K[?25h[?2026l[?2026h[?25l[A[1Gpulling manifest [K
pulling 2049f5674b1e:  13% ▕██                ▏ 1.2 GB/9.0 GB   21 MB/s    6m6s[K[?25h[?2026l[?2026h[?25l[A[1Gpulling manifest [K
pulling 2049f5674b1e:  13% ▕██                ▏ 1.2 GB/9.0 GB   21 MB/s    6m6s[K[?25h[?2026l[?2026h[?25l[A[1Gpulling manifest [K
pulling 2049f5674b1e:  13% ▕██                ▏ 1.2 GB/9.0 GB   21 MB/s    6m6s[K[?25h[?2026l[?2026h[?25l[A[1Gpulling manifest [K
pulling 2049f5674b1e:  13% ▕██                ▏ 1.2 GB/9.0 GB   21 MB/s    6m6s[K[?25h[?2026l[?2026h[?25l[A[1Gpulling manifest [K
pulling 2049f5674b1e:  13% ▕██                ▏ 1.2 GB/9.0 GB   21 MB/s    6m6s[K[?25h[?2026l[?2026h[?25l[A[1Gpulling manifest [K
pulling 2049f5674b1e:  13% ▕██                ▏ 1.2 GB/9.0 GB   21 MB/s    6m6s[K[?25h[?2026l[?2026h[?25l[A[1Gpulling manifest [K
pulling 2049f5674b1e:  13% ▕██                ▏ 1.2 GB/9.0 GB   21 MB/s    6m6s[K[?25h[?2026l[?2026h[?25l[A[1Gpulling manifest [K
pulling 2049f5674b1e:  13% ▕██                ▏ 1.2 GB/9.0 GB   21 MB/s    6m6s[K[?25h[?2026l[?2026h[?25l[A[1Gpulling manifest [K
pulling 2049f5674b1e:  14% ▕██                ▏ 1.2 GB/9.0 GB   21 MB/s    6m5s[K[?25h[?2026l[?2026h[?25l[A[1Gpulling manifest [K
pulling 2049f5674b1e:  14% ▕██                ▏ 1.2 GB/9.0 GB   23 MB/s   5m33s[K[?25h[?2026l[?2026h[?25l[A[1Gpulling manifest [K
pulling 2049f5674b1e:  14% ▕██                ▏ 1.2 GB/9.0 GB   23 MB/s   5m33s[K[?25h[?2026l[?2026h[?25l[A[1Gpulling manifest [K
pulling 2049f5674b1e:  14% ▕██                ▏ 1.2 GB/9.0 GB   23 MB/s   5m32s[K[?25h[?2026l[?2026h[?25l[A[1Gpulling manifest [K
pulling 2049f5674b1e:  14% ▕██                ▏ 1.2 GB/9.0 GB   23 MB/s   5m32s[K[?25h[?2026l[?2026h[?25l[A[1Gpulling manifest [K
pulling 2049f5674b1e:  14% ▕██                ▏ 1.2 GB/9.0 GB   23 MB/s   5m32s[K[?25h[?2026l[?2026h[?25l[A[1Gpulling manifest [K
pulling 2049f5674b1e:  14% ▕██                ▏ 1.2 GB/9.0 GB   23 MB/s   5m32s[K[?25h[?2026l[?2026h[?25l[A[1Gpulling manifest [K
pulling 2049f5674b1e:  14% ▕██                ▏ 1.2 GB/9.0 GB   23 MB/s   5m32s[K[?25h[?2026l[?2026h[?25l[A[1Gpulling manifest [K
pulling 2049f5674b1e:  14% ▕██                ▏ 1.2 GB/9.0 GB   23 MB/s   5m32s[K[?25h[?2026l[?2026h[?25l[A[1Gpulling manifest [K
pulling 2049f5674b1e:  14% ▕██                ▏ 1.2 GB/9.0 GB   23 MB/s   5m32s[K[?25h[?2026l[?2026h[?25l[A[1Gpulling manifest [K
pulling 2049f5674b1e:  14% ▕██                ▏ 1.2 GB/9.0 GB   23 MB/s   5m32s[K[?25h[?2026l[?2026h[?25l[A[1Gpulling manifest [K
pulling 2049f5674b1e:  14% ▕██                ▏ 1.2 GB/9.0 GB   23 MB/s   5m32s[K[?25h[?2026l[?2026h[?25l[A[1Gpulling manifest [K
pulling 2049f5674b1e:  14% ▕██                ▏ 1.2 GB/9.0 GB   22 MB/s   5m48s[K[?25h[?2026l[?2026h[?25l[A[1Gpulling manifest [K
pulling 2049f5674b1e:  14% ▕██                ▏ 1.2 GB/9.0 GB   22 MB/s   5m48s[K[?25h[?2026l[?2026h[?25l[A[1Gpulling manifest [K
pulling 2049f5674b1e:  14% ▕██                ▏ 1.2 GB/9.0 GB   22 MB/s   5m48s[K[?25h[?2026l[?2026h[?25l[A[1Gpulling manifest [K
pulling 2049f5674b1e:  14% ▕██                ▏ 1.3 GB/9.0 GB   22 MB/s   5m48s[K[?25h[?2026l[?2026h[?25l[A[1Gpulling manifest [K
pulling 2049f5674b1e:  14% ▕██                ▏ 1.3 GB/9.0 GB   22 MB/s   5m48s[K[?25h[?2026l[?2026h[?25l[A[1Gpulling manifest [K
pulling 2049f5674b1e:  14% ▕██                ▏ 1.3 GB/9.0 GB   22 MB/s   5m48s[K[?25h[?2026l[?2026h[?25l[A[1Gpulling manifest [K
pulling 2049f5674b1e:  14% ▕██                ▏ 1.3 GB/9.0 GB   22 MB/s   5m48s[K[?25h[?2026l[?2026h[?25l[A[1Gpulling manifest [K
pulling 2049f5674b1e:  14% ▕██                ▏ 1.3 GB/9.0 GB   22 MB/s   5m48s[K[?25h[?2026l[?2026h[?25l[A[1Gpulling manifest [K
pulling 2049f5674b1e:  14% ▕██                ▏ 1.3 GB/9.0 GB   22 MB/s   5m48s[K[?25h[?2026l[?2026h[?25l[A[1Gpulling manifest [K
pulling 2049f5674b1e:  14% ▕██                ▏ 1.3 GB/9.0 GB   22 MB/s   5m48s[K[?25h[?2026l[?2026h[?25l[A[1Gpulling manifest [K
pulling 2049f5674b1e:  14% ▕██                ▏ 1.3 GB/9.0 GB   22 MB/s   5m47s[K[?25h[?2026l[?2026h[?25l[A[1Gpulling manifest [K
pulling 2049f5674b1e:  14% ▕██                ▏ 1.3 GB/9.0 GB   22 MB/s   5m47s[K[?25h[?2026l[?2026h[?25l[A[1Gpulling manifest [K
pulling 2049f5674b1e:  14% ▕██                ▏ 1.3 GB/9.0 GB   22 MB/s   5m47s[K[?25h[?2026l[?2026h[?25l[A[1Gpulling manifest [K
pulling 2049f5674b1e:  14% ▕██                ▏ 1.3 GB/9.0 GB   22 MB/s   5m47s[K[?25h[?2026l[?2026h[?25l[A[1Gpulling manifest [K
pulling 2049f5674b1e:  14% ▕██                ▏ 1.3 GB/9.0 GB   22 MB/s   5m47s[K[?25h[?2026l[?2026h[?25l[A[1Gpulling manifest [K
pulling 2049f5674b1e:  14% ▕██                ▏ 1.3 GB/9.0 GB   22 MB/s   5m47s[K[?25h[?2026l[?2026h[?25l[A[1Gpulling manifest [K
pulling 2049f5674b1e:  14% ▕██                ▏ 1.3 GB/9.0 GB   22 MB/s   5m46s[K[?25h[?2026l[?2026h[?25l[A[1Gpulling manifest [K
pulling 2049f5674b1e:  14% ▕██                ▏ 1.3 GB/9.0 GB   22 MB/s   5m46s[K[?25h[?2026l[?2026h[?25l[A[1Gpulling manifest [K
pulling 2049f5674b1e:  14% ▕██                ▏ 1.3 GB/9.0 GB   22 MB/s   5m46s[K[?25h[?2026l[?2026h[?25l[A[1Gpulling manifest [K
pulling 2049f5674b1e:  14% ▕██                ▏ 1.3 GB/9.0 GB   22 MB/s   5m46s[K[?25h[?2026l[?2026h[?25l[A[1Gpulling manifest [K
pulling 2049f5674b1e:  14% ▕██                ▏ 1.3 GB/9.0 GB   22 MB/s   5m44s[K[?25h[?2026l[?2026h[?25l[A[1Gpulling manifest [K
pulling 2049f5674b1e:  14% ▕██                ▏ 1.3 GB/9.0 GB   22 MB/s   5m44s[K[?25h[?2026l[?2026h[?25l[A[1Gpulling manifest [K
pulling 2049f5674b1e:  14% ▕██                ▏ 1.3 GB/9.0 GB   22 MB/s   5m44s[K[?25h[?2026l[?2026h[?25l[A[1Gpulling manifest [K
pulling 2049f5674b1e:  14% ▕██                ▏ 1.3 GB/9.0 GB   22 MB/s   5m44s[K[?25h[?2026l[?2026h[?25l[A[1Gpulling manifest [K
pulling 2049f5674b1e:  14% ▕██                ▏ 1.3 GB/9.0 GB   22 MB/s   5m44s[K[?25h[?2026l[?2026h[?25l[A[1Gpulling manifest [K
pulling 2049f5674b1e:  14% ▕██                ▏ 1.3 GB/9.0 GB   22 MB/s   5m44s[K[?25h[?2026l[?2026h[?25l[A[1Gpulling manifest [K
pulling 2049f5674b1e:  14% ▕██                ▏ 1.3 GB/9.0 GB   22 MB/s   5m44s[K[?25h[?2026l[?2026h[?25l[A[1Gpulling manifest [K
pulling 2049f5674b1e:  14% ▕██                ▏ 1.3 GB/9.0 GB   22 MB/s   5m44s[K[?25h[?2026l[?2026h[?25l[A[1Gpulling manifest [K
pulling 2049f5674b1e:  14% ▕██                ▏ 1.3 GB/9.0 GB   22 MB/s   5m44s[K[?25h[?2026l[?2026h[?25l[A[1Gpulling manifest [K
pulling 2049f5674b1e:  14% ▕██                ▏ 1.3 GB/9.0 GB   22 MB/s   5m44s[K[?25h[?2026l[?2026h[?25l[A[1Gpulling manifest [K
pulling 2049f5674b1e:  14% ▕██                ▏ 1.3 GB/9.0 GB   21 MB/s   5m51s[K[?25h[?2026l[?2026h[?25l[A[1Gpulling manifest [K
pulling 2049f5674b1e:  14% ▕██                ▏ 1.3 GB/9.0 GB   21 MB/s   5m51s[K[?25h[?2026l[?2026h[?25l[A[1Gpulling manifest [K
pulling 2049f5674b1e:  14% ▕██                ▏ 1.3 GB/9.0 GB   21 MB/s   5m51s[K[?25h[?2026l[?2026h[?25l[A[1Gpulling manifest [K
pulling 2049f5674b1e:  15% ▕██                ▏ 1.3 GB/9.0 GB   21 MB/s   5m51s[K[?25h[?2026l[?2026h[?25l[A[1Gpulling manifest [K
pulling 2049f5674b1e:  15% ▕██                ▏ 1.3 GB/9.0 GB   21 MB/s   5m50s[K[?25h[?2026l[?2026h[?25l[A[1Gpulling manifest [K
pulling 2049f5674b1e:  15% ▕██                ▏ 1.3 GB/9.0 GB   21 MB/s   5m50s[K[?25h[?2026l[?2026h[?25l[A[1Gpulling manifest [K
pulling 2049f5674b1e:  15% ▕██                ▏ 1.3 GB/9.0 GB   21 MB/s   5m50s[K[?25h[?2026l[?2026h[?25l[A[1Gpulling manifest [K
pulling 2049f5674b1e:  15% ▕██                ▏ 1.3 GB/9.0 GB   21 MB/s   5m50s[K[?25h[?2026l[?2026h[?25l[A[1Gpulling manifest [K
pulling 2049f5674b1e:  15% ▕██                ▏ 1.3 GB/9.0 GB   21 MB/s   5m50s[K[?25h[?2026l[?2026h[?25l[A[1Gpulling manifest [K
pulling 2049f5674b1e:  15% ▕██                ▏ 1.3 GB/9.0 GB   21 MB/s   5m50s[K[?25h[?2026l[?2026h[?25l[A[1Gpulling manifest [K
pulling 2049f5674b1e:  15% ▕██                ▏ 1.3 GB/9.0 GB   21 MB/s   5m49s[K[?25h[?2026l[?2026h[?25l[A[1Gpulling manifest [K
pulling 2049f5674b1e:  15% ▕██                ▏ 1.3 GB/9.0 GB   21 MB/s   5m49s[K[?25h[?2026l[?2026h[?25l[A[1Gpulling manifest [K
pulling 2049f5674b1e:  15% ▕██                ▏ 1.3 GB/9.0 GB   21 MB/s   5m49s[K[?25h[?2026l[?2026h[?25l[A[1Gpulling manifest [K
pulling 2049f5674b1e:  15% ▕██                ▏ 1.3 GB/9.0 GB   21 MB/s   5m49s[K[?25h[?2026l[?2026h[?25l[A[1Gpulling manifest [K
pulling 2049f5674b1e:  15% ▕██                ▏ 1.3 GB/9.0 GB   21 MB/s   5m49s[K[?25h[?2026l[?2026h[?25l[A[1Gpulling manifest [K
pulling 2049f5674b1e:  15% ▕██                ▏ 1.3 GB/9.0 GB   21 MB/s   5m49s[K[?25h[?2026l[?2026h[?25l[A[1Gpulling manifest [K
pulling 2049f5674b1e:  15% ▕██                ▏ 1.3 GB/9.0 GB   21 MB/s   5m49s[K[?25h[?2026l[?2026h[?25l[A[1Gpulling manifest [K
pulling 2049f5674b1e:  15% ▕██                ▏ 1.3 GB/9.0 GB   21 MB/s   5m49s[K[?25h[?2026l[?2026h[?25l[A[1Gpulling manifest [K
pulling 2049f5674b1e:  15% ▕██                ▏ 1.3 GB/9.0 GB   21 MB/s   5m48s[K[?25h[?2026l[?2026h[?25l[A[1Gpulling manifest [K
pulling 2049f5674b1e:  15% ▕██                ▏ 1.3 GB/9.0 GB   21 MB/s   5m48s[K[?25h[?2026l[?2026h[?25l[A[1Gpulling manifest [K
pulling 2049f5674b1e:  15% ▕██                ▏ 1.3 GB/9.0 GB   21 MB/s   5m48s[K[?25h[?2026l[?2026h[?25l[A[1Gpulling manifest [K
pulling 2049f5674b1e:  15% ▕██                ▏ 1.4 GB/9.0 GB   22 MB/s   5m41s[K[?25h[?2026l[?2026h[?25l[A[1Gpulling manifest [K
pulling 2049f5674b1e:  15% ▕██                ▏ 1.4 GB/9.0 GB   22 MB/s   5m41s[K[?25h[?2026l[?2026h[?25l[A[1Gpulling manifest [K
pulling 2049f5674b1e:  15% ▕██                ▏ 1.4 GB/9.0 GB   22 MB/s   5m41s[K[?25h[?2026l[?2026h[?25l[A[1Gpulling manifest [K
pulling 2049f5674b1e:  15% ▕██                ▏ 1.4 GB/9.0 GB   22 MB/s   5m41s[K[?25h[?2026l[?2026h[?25l[A[1Gpulling manifest [K
pulling 2049f5674b1e:  15% ▕██                ▏ 1.4 GB/9.0 GB   22 MB/s   5m41s[K[?25h[?2026l[?2026h[?25l[A[1Gpulling manifest [K
pulling 2049f5674b1e:  15% ▕██                ▏ 1.4 GB/9.0 GB   22 MB/s   5m41s[K[?25h[?2026l[?2026h[?25l[A[1Gpulling manifest [K
pulling 2049f5674b1e:  15% ▕██                ▏ 1.4 GB/9.0 GB   22 MB/s   5m41s[K[?25h[?2026l[?2026h[?25l[A[1Gpulling manifest [K
pulling 2049f5674b1e:  15% ▕██                ▏ 1.4 GB/9.0 GB   22 MB/s   5m41s[K[?25h[?2026l[?2026h[?25l[A[1Gpulling manifest [K
pulling 2049f5674b1e:  15% ▕██                ▏ 1.4 GB/9.0 GB   22 MB/s   5m40s[K[?25h[?2026l[?2026h[?25l[A[1Gpulling manifest [K
pulling 2049f5674b1e:  15% ▕██                ▏ 1.4 GB/9.0 GB   22 MB/s   5m40s[K[?25h[?2026l[?2026h[?25l[A[1Gpulling manifest [K
pulling 2049f5674b1e:  15% ▕██                ▏ 1.4 GB/9.0 GB   22 MB/s   5m43s[K[?25h[?2026l[?2026h[?25l[A[1Gpulling manifest [K
pulling 2049f5674b1e:  15% ▕██                ▏ 1.4 GB/9.0 GB   22 MB/s   5m43s[K[?25h[?2026l[?2026h[?25l[A[1Gpulling manifest [K
pulling 2049f5674b1e:  15% ▕██                ▏ 1.4 GB/9.0 GB   22 MB/s   5m43s[K[?25h[?2026l[?2026h[?25l[A[1Gpulling manifest [K
pulling 2049f5674b1e:  15% ▕██                ▏ 1.4 GB/9.0 GB   22 MB/s   5m42s[K[?25h[?2026l[?2026h[?25l[A[1Gpulling manifest [K
pulling 2049f5674b1e:  15% ▕██                ▏ 1.4 GB/9.0 GB   22 MB/s   5m42s[K[?25h[?2026l[?2026h[?25l[A[1Gpulling manifest [K
pulling 2049f5674b1e:  15% ▕██                ▏ 1.4 GB/9.0 GB   22 MB/s   5m42s[K[?25h[?2026l[?2026h[?25l[A[1Gpulling manifest [K
pulling 2049f5674b1e:  15% ▕██                ▏ 1.4 GB/9.0 GB   22 MB/s   5m42s[K[?25h[?2026l[?2026h[?25l[A[1Gpulling manifest [K
pulling 2049f5674b1e:  15% ▕██                ▏ 1.4 GB/9.0 GB   22 MB/s   5m42s[K[?25h[?2026l[?2026h[?25l[A[1Gpulling manifest [K
pulling 2049f5674b1e:  15% ▕██                ▏ 1.4 GB/9.0 GB   22 MB/s   5m42s[K[?25h[?2026l[?2026h[?25l[A[1Gpulling manifest [K
pulling 2049f5674b1e:  15% ▕██                ▏ 1.4 GB/9.0 GB   22 MB/s   5m42s[K[?25h[?2026l[?2026h[?25l[A[1Gpulling manifest [K
pulling 2049f5674b1e:  15% ▕██                ▏ 1.4 GB/9.0 GB   21 MB/s   5m51s[K[?25h[?2026l[?2026h[?25l[A[1Gpulling manifest [K
pulling 2049f5674b1e:  15% ▕██                ▏ 1.4 GB/9.0 GB   21 MB/s   5m51s[K[?25h[?2026l[?2026h[?25l[A[1Gpulling manifest [K
pulling 2049f5674b1e:  16% ▕██                ▏ 1.4 GB/9.0 GB   21 MB/s   5m51s[K[?25h[?2026l[?2026h[?25l[A[1Gpulling manifest [K
pulling 2049f5674b1e:  16% ▕██                ▏ 1.4 GB/9.0 GB   21 MB/s   5m51s[K[?25h[?2026l[?2026h[?25l[A[1Gpulling manifest [K
pulling 2049f5674b1e:  16% ▕██                ▏ 1.4 GB/9.0 GB   21 MB/s   5m51s[K[?25h[?2026l[?2026h[?25l[A[1Gpulling manifest [K
pulling 2049f5674b1e:  16% ▕██                ▏ 1.4 GB/9.0 GB   21 MB/s   5m51s[K[?25h[?2026l[?2026h[?25l[A[1Gpulling manifest [K
pulling 2049f5674b1e:  16% ▕██                ▏ 1.4 GB/9.0 GB   21 MB/s   5m51s[K[?25h[?2026l[?2026h[?25l[A[1Gpulling manifest [K
pulling 2049f5674b1e:  16% ▕██                ▏ 1.4 GB/9.0 GB   21 MB/s   5m51s[K[?25h[?2026l[?2026h[?25l[A[1Gpulling manifest [K
pulling 2049f5674b1e:  16% ▕██                ▏ 1.4 GB/9.0 GB   21 MB/s   5m50s[K[?25h[?2026l[?2026h[?25l[A[1Gpulling manifest [K
pulling 2049f5674b1e:  16% ▕██                ▏ 1.4 GB/9.0 GB   21 MB/s   5m50s[K[?25h[?2026l[?2026h[?25l[A[1Gpulling manifest [K
pulling 2049f5674b1e:  16% ▕██                ▏ 1.4 GB/9.0 GB   21 MB/s   5m56s[K[?25h[?2026l[?2026h[?25l[A[1Gpulling manifest [K
pulling 2049f5674b1e:  16% ▕██                ▏ 1.4 GB/9.0 GB   21 MB/s   5m56s[K[?25h[?2026l[?2026h[?25l[A[1Gpulling manifest [K
pulling 2049f5674b1e:  16% ▕██                ▏ 1.4 GB/9.0 GB   21 MB/s   5m56s[K[?25h[?2026l[?2026h[?25l[A[1Gpulling manifest [K
pulling 2049f5674b1e:  16% ▕██                ▏ 1.4 GB/9.0 GB   21 MB/s   5m56s[K[?25h[?2026l[?2026h[?25l[A[1Gpulling manifest [K
pulling 2049f5674b1e:  16% ▕██                ▏ 1.4 GB/9.0 GB   21 MB/s   5m56s[K[?25h[?2026l[?2026h[?25l[A[1Gpulling manifest [K
pulling 2049f5674b1e:  16% ▕██                ▏ 1.4 GB/9.0 GB   21 MB/s   5m56s[K[?25h[?2026l[?2026h[?25l[A[1Gpulling manifest [K
pulling 2049f5674b1e:  16% ▕██                ▏ 1.4 GB/9.0 GB   21 MB/s   5m56s[K[?25h[?2026l[?2026h[?25l[A[1Gpulling manifest [K
pulling 2049f5674b1e:  16% ▕██                ▏ 1.4 GB/9.0 GB   21 MB/s   5m56s[K[?25h[?2026l[?2026h[?25l[A[1Gpulling manifest [K
pulling 2049f5674b1e:  16% ▕██                ▏ 1.4 GB/9.0 GB   21 MB/s   5m56s[K[?25h[?2026l[?2026h[?25l[A[1Gpulling manifest [K
pulling 2049f5674b1e:  16% ▕██                ▏ 1.4 GB/9.0 GB   21 MB/s   5m55s[K[?25h[?2026l[?2026h[?25l[A[1Gpulling manifest [K
pulling 2049f5674b1e:  16% ▕██                ▏ 1.4 GB/9.0 GB   21 MB/s   5m49s[K[?25h[?2026l[?2026h[?25l[A[1Gpulling manifest [K
pulling 2049f5674b1e:  16% ▕██                ▏ 1.4 GB/9.0 GB   21 MB/s   5m49s[K[?25h[?2026l[?2026h[?25l[A[1Gpulling manifest [K
pulling 2049f5674b1e:  16% ▕██                ▏ 1.4 GB/9.0 GB   21 MB/s   5m49s[K[?25h[?2026l[?2026h[?25l[A[1Gpulling manifest [K
pulling 2049f5674b1e:  16% ▕██                ▏ 1.4 GB/9.0 GB   21 MB/s   5m49s[K[?25h[?2026l[?2026h[?25l[A[1Gpulling manifest [K
pulling 2049f5674b1e:  16% ▕██                ▏ 1.4 GB/9.0 GB   21 MB/s   5m49s[K[?25h[?2026l[?2026h[?25l[A[1Gpulling manifest [K
pulling 2049f5674b1e:  16% ▕██                ▏ 1.4 GB/9.0 GB   21 MB/s   5m49s[K[?25h[?2026l[?2026h[?25l[A[1Gpulling manifest [K
pulling 2049f5674b1e:  16% ▕██                ▏ 1.5 GB/9.0 GB   21 MB/s   5m49s[K[?25h[?2026l[?2026h[?25l[A[1Gpulling manifest [K
pulling 2049f5674b1e:  16% ▕██                ▏ 1.5 GB/9.0 GB   21 MB/s   5m48s[K[?25h[?2026l[?2026h[?25l[A[1Gpulling manifest [K
pulling 2049f5674b1e:  16% ▕██                ▏ 1.5 GB/9.0 GB   21 MB/s   5m48s[K[?25h[?2026l[?2026h[?25l[A[1Gpulling manifest [K
pulling 2049f5674b1e:  16% ▕██                ▏ 1.5 GB/9.0 GB   21 MB/s   5m48s[K[?25h[?2026l[?2026h[?25l[A[1Gpulling manifest [K
pulling 2049f5674b1e:  16% ▕██                ▏ 1.5 GB/9.0 GB   21 MB/s   5m48s[K[?25h[?2026l[?2026h[?25l[A[1Gpulling manifest [K
pulling 2049f5674b1e:  16% ▕██                ▏ 1.5 GB/9.0 GB   22 MB/s   5m28s[K[?25h[?2026l[?2026h[?25l[A[1Gpulling manifest [K
pulling 2049f5674b1e:  16% ▕██                ▏ 1.5 GB/9.0 GB   22 MB/s   5m28s[K[?25h[?2026l[?2026h[?25l[A[1Gpulling manifest [K
pulling 2049f5674b1e:  16% ▕██                ▏ 1.5 GB/9.0 GB   22 MB/s   5m28s[K[?25h[?2026l[?2026h[?25l[A[1Gpulling manifest [K
pulling 2049f5674b1e:  16% ▕██                ▏ 1.5 GB/9.0 GB   22 MB/s   5m28s[K[?25h[?2026l[?2026h[?25l[A[1Gpulling manifest [K
pulling 2049f5674b1e:  16% ▕██                ▏ 1.5 GB/9.0 GB   22 MB/s   5m28s[K[?25h[?2026l[?2026h[?25l[A[1Gpulling manifest [K
pulling 2049f5674b1e:  16% ▕██                ▏ 1.5 GB/9.0 GB   22 MB/s   5m28s[K[?25h[?2026l[?2026h[?25l[A[1Gpulling manifest [K
pulling 2049f5674b1e:  16% ▕██                ▏ 1.5 GB/9.0 GB   22 MB/s   5m28s[K[?25h[?2026l[?2026h[?25l[A[1Gpulling manifest [K
pulling 2049f5674b1e:  16% ▕██                ▏ 1.5 GB/9.0 GB   22 MB/s   5m28s[K[?25h[?2026l[?2026h[?25l[A[1Gpulling manifest [K
pulling 2049f5674b1e:  16% ▕██                ▏ 1.5 GB/9.0 GB   22 MB/s   5m28s[K[?25h[?2026l[?2026h[?25l[A[1Gpulling manifest [K
pulling 2049f5674b1e:  16% ▕██                ▏ 1.5 GB/9.0 GB   22 MB/s   5m28s[K[?25h[?2026l[?2026h[?25l[A[1Gpulling manifest [K
pulling 2049f5674b1e:  16% ▕██                ▏ 1.5 GB/9.0 GB   21 MB/s   5m42s[K[?25h[?2026l[?2026h[?25l[A[1Gpulling manifest [K
pulling 2049f5674b1e:  16% ▕██                ▏ 1.5 GB/9.0 GB   21 MB/s   5m42s[K[?25h[?2026l[?2026h[?25l[A[1Gpulling manifest [K
pulling 2049f5674b1e:  16% ▕██                ▏ 1.5 GB/9.0 GB   21 MB/s   5m42s[K[?25h[?2026l[?2026h[?25l[A[1Gpulling manifest [K
pulling 2049f5674b1e:  17% ▕██                ▏ 1.5 GB/9.0 GB   21 MB/s   5m42s[K[?25h[?2026l[?2026h[?25l[A[1Gpulling manifest [K
pulling 2049f5674b1e:  17% ▕██                ▏ 1.5 GB/9.0 GB   21 MB/s   5m42s[K[?25h[?2026l[?2026h[?25l[A[1Gpulling manifest [K
pulling 2049f5674b1e:  17% ▕██                ▏ 1.5 GB/9.0 GB   21 MB/s   5m42s[K[?25h[?2026l[?2026h[?25l[A[1Gpulling manifest [K
pulling 2049f5674b1e:  17% ▕██                ▏ 1.5 GB/9.0 GB   21 MB/s   5m42s[K[?25h[?2026l[?2026h[?25l[A[1Gpulling manifest [K
pulling 2049f5674b1e:  17% ▕██                ▏ 1.5 GB/9.0 GB   21 MB/s   5m42s[K[?25h[?2026l[?2026h[?25l[A[1Gpulling manifest [K
pulling 2049f5674b1e:  17% ▕██                ▏ 1.5 GB/9.0 GB   21 MB/s   5m42s[K[?25h[?2026l[?2026h[?25l[A[1Gpulling manifest [K
pulling 2049f5674b1e:  17% ▕██                ▏ 1.5 GB/9.0 GB   21 MB/s   5m41s[K[?25h[?2026l[?2026h[?25l[A[1Gpulling manifest [K
pulling 2049f5674b1e:  17% ▕██                ▏ 1.5 GB/9.0 GB   21 MB/s   5m49s[K[?25h[?2026l[?2026h[?25l[A[1Gpulling manifest [K
pulling 2049f5674b1e:  17% ▕██                ▏ 1.5 GB/9.0 GB   21 MB/s   5m49s[K[?25h[?2026l[?2026h[?25l[A[1Gpulling manifest [K
pulling 2049f5674b1e:  17% ▕██                ▏ 1.5 GB/9.0 GB   21 MB/s   5m49s[K[?25h[?2026l[?2026h[?25l[A[1Gpulling manifest [K
pulling 2049f5674b1e:  17% ▕███               ▏ 1.5 GB/9.0 GB   21 MB/s   5m49s[K[?25h[?2026l[?2026h[?25l[A[1Gpulling manifest [K
pulling 2049f5674b1e:  17% ▕███               ▏ 1.5 GB/9.0 GB   21 MB/s   5m49s[K[?25h[?2026l[?2026h[?25l[A[1Gpulling manifest [K
pulling 2049f5674b1e:  17% ▕███               ▏ 1.5 GB/9.0 GB   21 MB/s   5m49s[K[?25h[?2026l[?2026h[?25l[A[1Gpulling manifest [K
pulling 2049f5674b1e:  17% ▕███               ▏ 1.5 GB/9.0 GB   21 MB/s   5m49s[K[?25h[?2026l[?2026h[?25l[A[1Gpulling manifest [K
pulling 2049f5674b1e:  17% ▕███               ▏ 1.5 GB/9.0 GB   21 MB/s   5m49s[K[?25h[?2026l[?2026h[?25l[A[1Gpulling manifest [K
pulling 2049f5674b1e:  17% ▕███               ▏ 1.5 GB/9.0 GB   21 MB/s   5m49s[K[?25h[?2026l[?2026h[?25l[A[1Gpulling manifest [K
pulling 2049f5674b1e:  17% ▕███               ▏ 1.5 GB/9.0 GB   21 MB/s   5m49s[K[?25h[?2026l[?2026h[?25l[A[1Gpulling manifest [K
pulling 2049f5674b1e:  17% ▕███               ▏ 1.5 GB/9.0 GB   21 MB/s   5m52s[K[?25h[?2026l[?2026h[?25l[A[1Gpulling manifest [K
pulling 2049f5674b1e:  17% ▕███               ▏ 1.5 GB/9.0 GB   21 MB/s   5m52s[K[?25h[?2026l[?2026h[?25l[A[1Gpulling manifest [K
pulling 2049f5674b1e:  17% ▕███               ▏ 1.5 GB/9.0 GB   21 MB/s   5m52s[K[?25h[?2026l[?2026h[?25l[A[1Gpulling manifest [K
pulling 2049f5674b1e:  17% ▕███               ▏ 1.5 GB/9.0 GB   21 MB/s   5m52s[K[?25h[?2026l[?2026h[?25l[A[1Gpulling manifest [K
pulling 2049f5674b1e:  17% ▕███               ▏ 1.5 GB/9.0 GB   21 MB/s   5m51s[K[?25h[?2026l[?2026h[?25l[A[1Gpulling manifest [K
pulling 2049f5674b1e:  17% ▕███               ▏ 1.5 GB/9.0 GB   21 MB/s   5m51s[K[?25h[?2026l[?2026h[?25l[A[1Gpulling manifest [K
pulling 2049f5674b1e:  17% ▕███               ▏ 1.5 GB/9.0 GB   21 MB/s   5m51s[K[?25h[?2026l[?2026h[?25l[A[1Gpulling manifest [K
pulling 2049f5674b1e:  17% ▕███               ▏ 1.5 GB/9.0 GB   21 MB/s   5m51s[K[?25h[?2026l[?2026h[?25l[A[1Gpulling manifest [K
pulling 2049f5674b1e:  17% ▕███               ▏ 1.5 GB/9.0 GB   21 MB/s   5m51s[K[?25h[?2026l[?2026h[?25l[A[1Gpulling manifest [K
pulling 2049f5674b1e:  17% ▕███               ▏ 1.5 GB/9.0 GB   21 MB/s   5m51s[K[?25h[?2026l[?2026h[?25l[A[1Gpulling manifest [K
pulling 2049f5674b1e:  17% ▕███               ▏ 1.5 GB/9.0 GB   20 MB/s   5m55s[K[?25h[?2026l[?2026h[?25l[A[1Gpulling manifest [K
pulling 2049f5674b1e:  17% ▕███               ▏ 1.5 GB/9.0 GB   20 MB/s   5m55s[K[?25h[?2026l[?2026h[?25l[A[1Gpulling manifest [K
pulling 2049f5674b1e:  17% ▕███               ▏ 1.5 GB/9.0 GB   20 MB/s   5m55s[K[?25h[?2026l[?2026h[?25l[A[1Gpulling manifest [K
pulling 2049f5674b1e:  17% ▕███               ▏ 1.5 GB/9.0 GB   20 MB/s   5m55s[K[?25h[?2026l[?2026h[?25l[A[1Gpulling manifest [K
pulling 2049f5674b1e:  17% ▕███               ▏ 1.6 GB/9.0 GB   20 MB/s   5m55s[K[?25h[?2026l[?2026h[?25l[A[1Gpulling manifest [K
pulling 2049f5674b1e:  17% ▕███               ▏ 1.6 GB/9.0 GB   20 MB/s   5m55s[K[?25h[?2026l[?2026h[?25l[A[1Gpulling manifest [K
pulling 2049f5674b1e:  17% ▕███               ▏ 1.6 GB/9.0 GB   20 MB/s   5m54s[K[?25h[?2026l[?2026h[?25l[A[1Gpulling manifest [K
pulling 2049f5674b1e:  17% ▕███               ▏ 1.6 GB/9.0 GB   20 MB/s   5m54s[K[?25h[?2026l[?2026h[?25l[A[1Gpulling manifest [K
pulling 2049f5674b1e:  17% ▕███               ▏ 1.6 GB/9.0 GB   20 MB/s   5m54s[K[?25h[?2026l[?2026h[?25l[A[1Gpulling manifest [K
pulling 2049f5674b1e:  17% ▕███               ▏ 1.6 GB/9.0 GB   20 MB/s   5m54s[K[?25h[?2026l[?2026h[?25l[A[1Gpulling manifest [K
pulling 2049f5674b1e:  18% ▕███               ▏ 1.6 GB/9.0 GB   20 MB/s   5m54s[K[?25h[?2026l[?2026h[?25l[A[1Gpulling manifest [K
pulling 2049f5674b1e:  18% ▕███               ▏ 1.6 GB/9.0 GB   22 MB/s   5m24s[K[?25h[?2026l[?2026h[?25l[A[1Gpulling manifest [K
pulling 2049f5674b1e:  18% ▕███               ▏ 1.6 GB/9.0 GB   22 MB/s   5m23s[K[?25h[?2026l[?2026h[?25l[A[1Gpulling manifest [K
pulling 2049f5674b1e:  18% ▕███               ▏ 1.6 GB/9.0 GB   22 MB/s   5m23s[K[?25h[?2026l[?2026h[?25l[A[1Gpulling manifest [K
pulling 2049f5674b1e:  18% ▕███               ▏ 1.6 GB/9.0 GB   22 MB/s   5m23s[K[?25h[?2026l[?2026h[?25l[A[1Gpulling manifest [K
pulling 2049f5674b1e:  18% ▕███               ▏ 1.6 GB/9.0 GB   22 MB/s   5m23s[K[?25h[?2026l[?2026h[?25l[A[1Gpulling manifest [K
pulling 2049f5674b1e:  18% ▕███               ▏ 1.6 GB/9.0 GB   22 MB/s   5m23s[K[?25h[?2026l[?2026h[?25l[A[1Gpulling manifest [K
pulling 2049f5674b1e:  18% ▕███               ▏ 1.6 GB/9.0 GB   22 MB/s   5m23s[K[?25h[?2026l[?2026h[?25l[A[1Gpulling manifest [K
pulling 2049f5674b1e:  18% ▕███               ▏ 1.6 GB/9.0 GB   22 MB/s   5m23s[K[?25h[?2026l[?2026h[?25l[A[1Gpulling manifest [K
pulling 2049f5674b1e:  18% ▕███               ▏ 1.6 GB/9.0 GB   22 MB/s   5m23s[K[?25h[?2026l[?2026h[?25l[A[1Gpulling manifest [K
pulling 2049f5674b1e:  18% ▕███               ▏ 1.6 GB/9.0 GB   22 MB/s   5m23s[K[?25h[?2026l[?2026h[?25l[A[1Gpulling manifest [K
pulling 2049f5674b1e:  18% ▕███               ▏ 1.6 GB/9.0 GB   22 MB/s   5m36s[K[?25h[?2026l[?2026h[?25l[A[1Gpulling manifest [K
pulling 2049f5674b1e:  18% ▕███               ▏ 1.6 GB/9.0 GB   22 MB/s   5m36s[K[?25h[?2026l[?2026h[?25l[A[1Gpulling manifest [K
pulling 2049f5674b1e:  18% ▕███               ▏ 1.6 GB/9.0 GB   22 MB/s   5m36s[K[?25h[?2026l[?2026h[?25l[A[1Gpulling manifest [K
pulling 2049f5674b1e:  18% ▕███               ▏ 1.6 GB/9.0 GB   22 MB/s   5m36s[K[?25h[?2026l[?2026h[?25l[A[1Gpulling manifest [K
pulling 2049f5674b1e:  18% ▕███               ▏ 1.6 GB/9.0 GB   22 MB/s   5m36s[K[?25h[?2026l[?2026h[?25l[A[1Gpulling manifest [K
pulling 2049f5674b1e:  18% ▕███               ▏ 1.6 GB/9.0 GB   22 MB/s   5m35s[K[?25h[?2026l[?2026h[?25l[A[1Gpulling manifest [K
pulling 2049f5674b1e:  18% ▕███               ▏ 1.6 GB/9.0 GB   22 MB/s   5m35s[K[?25h[?2026l[?2026h[?25l[A[1Gpulling manifest [K
pulling 2049f5674b1e:  18% ▕███               ▏ 1.6 GB/9.0 GB   22 MB/s   5m35s[K[?25h[?2026l[?2026h[?25l[A[1Gpulling manifest [K
pulling 2049f5674b1e:  18% ▕███               ▏ 1.6 GB/9.0 GB   22 MB/s   5m35s[K[?25h[?2026l[?2026h[?25l[A[1Gpulling manifest [K
pulling 2049f5674b1e:  18% ▕███               ▏ 1.6 GB/9.0 GB   22 MB/s   5m35s[K[?25h[?2026l[?2026h[?25l[A[1Gpulling manifest [K
pulling 2049f5674b1e:  18% ▕███               ▏ 1.6 GB/9.0 GB   20 MB/s   5m52s[K[?25h[?2026l[?2026h[?25l[A[1Gpulling manifest [K
pulling 2049f5674b1e:  18% ▕███               ▏ 1.6 GB/9.0 GB   20 MB/s   5m52s[K[?25h[?2026l[?2026h[?25l[A[1Gpulling manifest [K
pulling 2049f5674b1e:  18% ▕███               ▏ 1.6 GB/9.0 GB   20 MB/s   5m52s[K[?25h[?2026l[?2026h[?25l[A[1Gpulling manifest [K
pulling 2049f5674b1e:  18% ▕███               ▏ 1.6 GB/9.0 GB   20 MB/s   5m52s[K[?25h[?2026l[?2026h[?25l[A[1Gpulling manifest [K
pulling 2049f5674b1e:  18% ▕███               ▏ 1.6 GB/9.0 GB   20 MB/s   5m52s[K[?25h[?2026l[?2026h[?25l[A[1Gpulling manifest [K
pulling 2049f5674b1e:  18% ▕███               ▏ 1.6 GB/9.0 GB   20 MB/s   5m52s[K[?25h[?2026l[?2026h[?25l[A[1Gpulling manifest [K
pulling 2049f5674b1e:  18% ▕███               ▏ 1.6 GB/9.0 GB   20 MB/s   5m52s[K[?25h[?2026l[?2026h[?25l[A[1Gpulling manifest [K
pulling 2049f5674b1e:  18% ▕███               ▏ 1.6 GB/9.0 GB   20 MB/s   5m52s[K[?25h[?2026l[?2026h[?25l[A[1Gpulling manifest [K
pulling 2049f5674b1e:  18% ▕███               ▏ 1.6 GB/9.0 GB   20 MB/s   5m51s[K[?25h[?2026l[?2026h[?25l[A[1Gpulling manifest [K
pulling 2049f5674b1e:  18% ▕███               ▏ 1.6 GB/9.0 GB   20 MB/s   5m51s[K[?25h[?2026l[?2026h[?25l[A[1Gpulling manifest [K
pulling 2049f5674b1e:  18% ▕███               ▏ 1.6 GB/9.0 GB   20 MB/s    6m0s[K[?25h[?2026l[?2026h[?25l[A[1Gpulling manifest [K
pulling 2049f5674b1e:  18% ▕███               ▏ 1.6 GB/9.0 GB   20 MB/s    6m0s[K[?25h[?2026l[?2026h[?25l[A[1Gpulling manifest [K
pulling 2049f5674b1e:  18% ▕███               ▏ 1.6 GB/9.0 GB   20 MB/s    6m0s[K[?25h[?2026l[?2026h[?25l[A[1Gpulling manifest [K
pulling 2049f5674b1e:  18% ▕███               ▏ 1.6 GB/9.0 GB   20 MB/s    6m0s[K[?25h[?2026l[?2026h[?25l[A[1Gpulling manifest [K
pulling 2049f5674b1e:  18% ▕███               ▏ 1.6 GB/9.0 GB   20 MB/s    6m0s[K[?25h[?2026l[?2026h[?25l[A[1Gpulling manifest [K
pulling 2049f5674b1e:  18% ▕███               ▏ 1.6 GB/9.0 GB   20 MB/s   5m59s[K[?25h[?2026l[?2026h[?25l[A[1Gpulling manifest [K
pulling 2049f5674b1e:  18% ▕███               ▏ 1.6 GB/9.0 GB   20 MB/s   5m59s[K[?25h[?2026l[?2026h[?25l[A[1Gpulling manifest [K
pulling 2049f5674b1e:  18% ▕███               ▏ 1.6 GB/9.0 GB   20 MB/s   5m59s[K[?25h[?2026l[?2026h[?25l[A[1Gpulling manifest [K
pulling 2049f5674b1e:  18% ▕███               ▏ 1.6 GB/9.0 GB   20 MB/s   5m59s[K[?25h[?2026l[?2026h[?25l[A[1Gpulling manifest [K
pulling 2049f5674b1e:  18% ▕███               ▏ 1.7 GB/9.0 GB   20 MB/s   5m59s[K[?25h[?2026l[?2026h[?25l[A[1Gpulling manifest [K
pulling 2049f5674b1e:  18% ▕███               ▏ 1.7 GB/9.0 GB   21 MB/s   5m45s[K[?25h[?2026l[?2026h[?25l[A[1Gpulling manifest [K
pulling 2049f5674b1e:  18% ▕███               ▏ 1.7 GB/9.0 GB   21 MB/s   5m45s[K[?25h[?2026l[?2026h[?25l[A[1Gpulling manifest [K
pulling 2049f5674b1e:  18% ▕███               ▏ 1.7 GB/9.0 GB   21 MB/s   5m45s[K[?25h[?2026l[?2026h[?25l[A[1Gpulling manifest [K
pulling 2049f5674b1e:  18% ▕███               ▏ 1.7 GB/9.0 GB   21 MB/s   5m45s[K[?25h[?2026l[?2026h[?25l[A[1Gpulling manifest [K
pulling 2049f5674b1e:  19% ▕███               ▏ 1.7 GB/9.0 GB   21 MB/s   5m45s[K[?25h[?2026l[?2026h[?25l[A[1Gpulling manifest [K
pulling 2049f5674b1e:  19% ▕███               ▏ 1.7 GB/9.0 GB   21 MB/s   5m45s[K[?25h[?2026l[?2026h[?25l[A[1Gpulling manifest [K
pulling 2049f5674b1e:  19% ▕███               ▏ 1.7 GB/9.0 GB   21 MB/s   5m45s[K[?25h[?2026l[?2026h[?25l[A[1Gpulling manifest [K
pulling 2049f5674b1e:  19% ▕███               ▏ 1.7 GB/9.0 GB   21 MB/s   5m45s[K[?25h[?2026l[?2026h[?25l[A[1Gpulling manifest [K
pulling 2049f5674b1e:  19% ▕███               ▏ 1.7 GB/9.0 GB   21 MB/s   5m45s[K[?25h[?2026l[?2026h[?25l[A[1Gpulling manifest [K
pulling 2049f5674b1e:  19% ▕███               ▏ 1.7 GB/9.0 GB   21 MB/s   5m44s[K[?25h[?2026l[?2026h[?25l[A[1Gpulling manifest [K
pulling 2049f5674b1e:  19% ▕███               ▏ 1.7 GB/9.0 GB   21 MB/s   5m44s[K[?25h[?2026l[?2026h[?25l[A[1Gpulling manifest [K
pulling 2049f5674b1e:  19% ▕███               ▏ 1.7 GB/9.0 GB   22 MB/s   5m32s[K[?25h[?2026l[?2026h[?25l[A[1Gpulling manifest [K
pulling 2049f5674b1e:  19% ▕███               ▏ 1.7 GB/9.0 GB   22 MB/s   5m32s[K[?25h[?2026l[?2026h[?25l[A[1Gpulling manifest [K
pulling 2049f5674b1e:  19% ▕███               ▏ 1.7 GB/9.0 GB   22 MB/s   5m32s[K[?25h[?2026l[?2026h[?25l[A[1Gpulling manifest [K
pulling 2049f5674b1e:  19% ▕███               ▏ 1.7 GB/9.0 GB   22 MB/s   5m31s[K[?25h[?2026l[?2026h[?25l[A[1Gpulling manifest [K
pulling 2049f5674b1e:  19% ▕███               ▏ 1.7 GB/9.0 GB   22 MB/s   5m31s[K[?25h[?2026l[?2026h[?25l[A[1Gpulling manifest [K
pulling 2049f5674b1e:  19% ▕███               ▏ 1.7 GB/9.0 GB   22 MB/s   5m31s[K[?25h[?2026l[?2026h[?25l[A[1Gpulling manifest [K
pulling 2049f5674b1e:  19% ▕███               ▏ 1.7 GB/9.0 GB   22 MB/s   5m31s[K[?25h[?2026l[?2026h[?25l[A[1Gpulling manifest [K
pulling 2049f5674b1e:  19% ▕███               ▏ 1.7 GB/9.0 GB   22 MB/s   5m31s[K[?25h[?2026l[?2026h[?25l[A[1Gpulling manifest [K
pulling 2049f5674b1e:  19% ▕███               ▏ 1.7 GB/9.0 GB   22 MB/s   5m31s[K[?25h[?2026l[?2026h[?25l[A[1Gpulling manifest [K
pulling 2049f5674b1e:  19% ▕███               ▏ 1.7 GB/9.0 GB   22 MB/s   5m31s[K[?25h[?2026l[?2026h[?25l[A[1Gpulling manifest [K
pulling 2049f5674b1e:  19% ▕███               ▏ 1.7 GB/9.0 GB   23 MB/s   5m16s[K[?25h[?2026l[?2026h[?25l[A[1Gpulling manifest [K
pulling 2049f5674b1e:  19% ▕███               ▏ 1.7 GB/9.0 GB   23 MB/s   5m16s[K[?25h[?2026l[?2026h[?25l[A[1Gpulling manifest [K
pulling 2049f5674b1e:  19% ▕███               ▏ 1.7 GB/9.0 GB   23 MB/s   5m15s[K[?25h[?2026l[?2026h[?25l[A[1Gpulling manifest [K
pulling 2049f5674b1e:  19% ▕███               ▏ 1.7 GB/9.0 GB   23 MB/s   5m15s[K[?25h[?2026l[?2026h[?25l[A[1Gpulling manifest [K
pulling 2049f5674b1e:  19% ▕███               ▏ 1.7 GB/9.0 GB   23 MB/s   5m15s[K[?25h[?2026l[?2026h[?25l[A[1Gpulling manifest [K
pulling 2049f5674b1e:  19% ▕███               ▏ 1.7 GB/9.0 GB   23 MB/s   5m15s[K[?25h[?2026l[?2026h[?25l[A[1Gpulling manifest [K
pulling 2049f5674b1e:  19% ▕███               ▏ 1.7 GB/9.0 GB   23 MB/s   5m15s[K[?25h[?2026l[?2026h[?25l[A[1Gpulling manifest [K
pulling 2049f5674b1e:  19% ▕███               ▏ 1.7 GB/9.0 GB   23 MB/s   5m15s[K[?25h[?2026l[?2026h[?25l[A[1Gpulling manifest [K
pulling 2049f5674b1e:  19% ▕███               ▏ 1.7 GB/9.0 GB   23 MB/s   5m15s[K[?25h[?2026l[?2026h[?25l[A[1Gpulling manifest [K
pulling 2049f5674b1e:  19% ▕███               ▏ 1.7 GB/9.0 GB   23 MB/s   5m15s[K[?25h[?2026l[?2026h[?25l[A[1Gpulling manifest [K
pulling 2049f5674b1e:  19% ▕███               ▏ 1.7 GB/9.0 GB   23 MB/s   5m12s[K[?25h[?2026l[?2026h[?25l[A[1Gpulling manifest [K
pulling 2049f5674b1e:  19% ▕███               ▏ 1.7 GB/9.0 GB   23 MB/s   5m11s[K[?25h[?2026l[?2026h[?25l[A[1Gpulling manifest [K
pulling 2049f5674b1e:  19% ▕███               ▏ 1.7 GB/9.0 GB   23 MB/s   5m11s[K[?25h[?2026l[?2026h[?25l[A[1Gpulling manifest [K
pulling 2049f5674b1e:  19% ▕███               ▏ 1.7 GB/9.0 GB   23 MB/s   5m11s[K[?25h[?2026l[?2026h[?25l[A[1Gpulling manifest [K
pulling 2049f5674b1e:  19% ▕███               ▏ 1.7 GB/9.0 GB   23 MB/s   5m11s[K[?25h[?2026l[?2026h[?25l[A[1Gpulling manifest [K
pulling 2049f5674b1e:  19% ▕███               ▏ 1.7 GB/9.0 GB   23 MB/s   5m11s[K[?25h[?2026l[?2026h[?25l[A[1Gpulling manifest [K
pulling 2049f5674b1e:  19% ▕███               ▏ 1.7 GB/9.0 GB   23 MB/s   5m11s[K[?25h[?2026l[?2026h[?25l[A[1Gpulling manifest [K
pulling 2049f5674b1e:  19% ▕███               ▏ 1.7 GB/9.0 GB   23 MB/s   5m11s[K[?25h[?2026l[?2026h[?25l[A[1Gpulling manifest [K
pulling 2049f5674b1e:  19% ▕███               ▏ 1.7 GB/9.0 GB   23 MB/s   5m11s[K[?25h[?2026l[?2026h[?25l[A[1Gpulling manifest [K
pulling 2049f5674b1e:  19% ▕███               ▏ 1.7 GB/9.0 GB   23 MB/s   5m11s[K[?25h[?2026l[?2026h[?25l[A[1Gpulling manifest [K
pulling 2049f5674b1e:  19% ▕███               ▏ 1.7 GB/9.0 GB   22 MB/s   5m18s[K[?25h[?2026l[?2026h[?25l[A[1Gpulling manifest [K
pulling 2049f5674b1e:  19% ▕███               ▏ 1.7 GB/9.0 GB   22 MB/s   5m18s[K[?25h[?2026l[?2026h[?25l[A[1Gpulling manifest [K
pulling 2049f5674b1e:  19% ▕███               ▏ 1.7 GB/9.0 GB   22 MB/s   5m18s[K[?25h[?2026l[?2026h[?25l[A[1Gpulling manifest [K
pulling 2049f5674b1e:  19% ▕███               ▏ 1.7 GB/9.0 GB   22 MB/s   5m18s[K[?25h[?2026l[?2026h[?25l[A[1Gpulling manifest [K
pulling 2049f5674b1e:  19% ▕███               ▏ 1.8 GB/9.0 GB   22 MB/s   5m18s[K[?25h[?2026l[?2026h[?25l[A[1Gpulling manifest [K
pulling 2049f5674b1e:  20% ▕███               ▏ 1.8 GB/9.0 GB   22 MB/s   5m18s[K[?25h[?2026l[?2026h[?25l[A[1Gpulling manifest [K
pulling 2049f5674b1e:  20% ▕███               ▏ 1.8 GB/9.0 GB   22 MB/s   5m18s[K[?25h[?2026l[?2026h[?25l[A[1Gpulling manifest [K
pulling 2049f5674b1e:  20% ▕███               ▏ 1.8 GB/9.0 GB   22 MB/s   5m18s[K[?25h[?2026l[?2026h[?25l[A[1Gpulling manifest [K
pulling 2049f5674b1e:  20% ▕███               ▏ 1.8 GB/9.0 GB   22 MB/s   5m18s[K[?25h[?2026l[?2026h[?25l[A[1Gpulling manifest [K
pulling 2049f5674b1e:  20% ▕███               ▏ 1.8 GB/9.0 GB   22 MB/s   5m17s[K[?25h[?2026l[?2026h[?25l[A[1Gpulling manifest [K
pulling 2049f5674b1e:  20% ▕███               ▏ 1.8 GB/9.0 GB   20 MB/s   5m46s[K[?25h[?2026l[?2026h[?25l[A[1Gpulling manifest [K
pulling 2049f5674b1e:  20% ▕███               ▏ 1.8 GB/9.0 GB   20 MB/s   5m46s[K[?25h[?2026l[?2026h[?25l[A[1Gpulling manifest [K
pulling 2049f5674b1e:  20% ▕███               ▏ 1.8 GB/9.0 GB   20 MB/s   5m46s[K[?25h[?2026l[?2026h[?25l[A[1Gpulling manifest [K
pulling 2049f5674b1e:  20% ▕███               ▏ 1.8 GB/9.0 GB   20 MB/s   5m46s[K[?25h[?2026l[?2026h[?25l[A[1Gpulling manifest [K
pulling 2049f5674b1e:  20% ▕███               ▏ 1.8 GB/9.0 GB   20 MB/s   5m46s[K[?25h[?2026l[?2026h[?25l[A[1Gpulling manifest [K
pulling 2049f5674b1e:  20% ▕███               ▏ 1.8 GB/9.0 GB   20 MB/s   5m46s[K[?25h[?2026l[?2026h[?25l[A[1Gpulling manifest [K
pulling 2049f5674b1e:  20% ▕███               ▏ 1.8 GB/9.0 GB   20 MB/s   5m46s[K[?25h[?2026l[?2026h[?25l[A[1Gpulling manifest [K
pulling 2049f5674b1e:  20% ▕███               ▏ 1.8 GB/9.0 GB   20 MB/s   5m46s[K[?25h[?2026l[?2026h[?25l[A[1Gpulling manifest [K
pulling 2049f5674b1e:  20% ▕███               ▏ 1.8 GB/9.0 GB   20 MB/s   5m45s[K[?25h[?2026l[?2026h[?25l[A[1Gpulling manifest [K
pulling 2049f5674b1e:  20% ▕███               ▏ 1.8 GB/9.0 GB   20 MB/s   5m45s[K[?25h[?2026l[?2026h[?25l[A[1Gpulling manifest [K
pulling 2049f5674b1e:  20% ▕███               ▏ 1.8 GB/9.0 GB   20 MB/s   5m45s[K[?25h[?2026l[?2026h[?25l[A[1Gpulling manifest [K
pulling 2049f5674b1e:  20% ▕███               ▏ 1.8 GB/9.0 GB   21 MB/s   5m27s[K[?25h[?2026l[?2026h[?25l[A[1Gpulling manifest [K
pulling 2049f5674b1e:  20% ▕███               ▏ 1.8 GB/9.0 GB   21 MB/s   5m27s[K[?25h[?2026l[?2026h[?25l[A[1Gpulling manifest [K
pulling 2049f5674b1e:  20% ▕███               ▏ 1.8 GB/9.0 GB   21 MB/s   5m27s[K[?25h[?2026l[?2026h[?25l[A[1Gpulling manifest [K
pulling 2049f5674b1e:  20% ▕███               ▏ 1.8 GB/9.0 GB   21 MB/s   5m26s[K[?25h[?2026l[?2026h[?25l[A[1Gpulling manifest [K
pulling 2049f5674b1e:  20% ▕███               ▏ 1.8 GB/9.0 GB   21 MB/s   5m26s[K[?25h[?2026l[?2026h[?25l[A[1Gpulling manifest [K
pulling 2049f5674b1e:  20% ▕███               ▏ 1.8 GB/9.0 GB   21 MB/s   5m26s[K[?25h[?2026l[?2026h[?25l[A[1Gpulling manifest [K
pulling 2049f5674b1e:  20% ▕███               ▏ 1.8 GB/9.0 GB   21 MB/s   5m26s[K[?25h[?2026l[?2026h[?25l[A[1Gpulling manifest [K
pulling 2049f5674b1e:  20% ▕███               ▏ 1.8 GB/9.0 GB   21 MB/s   5m26s[K[?25h[?2026l[?2026h[?25l[A[1Gpulling manifest [K
pulling 2049f5674b1e:  20% ▕███               ▏ 1.8 GB/9.0 GB   21 MB/s   5m26s[K[?25h[?2026l[?2026h[?25l[A[1Gpulling manifest [K
pulling 2049f5674b1e:  20% ▕███               ▏ 1.8 GB/9.0 GB   21 MB/s   5m25s[K[?25h[?2026l[?2026h[?25l[A[1Gpulling manifest [K
pulling 2049f5674b1e:  20% ▕███               ▏ 1.8 GB/9.0 GB   23 MB/s    5m2s[K[?25h[?2026l[?2026h[?25l[A[1Gpulling manifest [K
pulling 2049f5674b1e:  20% ▕███               ▏ 1.8 GB/9.0 GB   23 MB/s    5m1s[K[?25h[?2026l[?2026h[?25l[A[1Gpulling manifest [K
pulling 2049f5674b1e:  20% ▕███               ▏ 1.8 GB/9.0 GB   23 MB/s    5m1s[K[?25h[?2026l[?2026h[?25l[A[1Gpulling manifest [K
pulling 2049f5674b1e:  20% ▕███               ▏ 1.8 GB/9.0 GB   23 MB/s    5m1s[K[?25h[?2026l[?2026h[?25l[A[1Gpulling manifest [K
pulling 2049f5674b1e:  20% ▕███               ▏ 1.8 GB/9.0 GB   23 MB/s    5m1s[K[?25h[?2026l[?2026h[?25l[A[1Gpulling manifest [K
pulling 2049f5674b1e:  20% ▕███               ▏ 1.8 GB/9.0 GB   23 MB/s    5m1s[K[?25h[?2026l[?2026h[?25l[A[1Gpulling manifest [K
pulling 2049f5674b1e:  20% ▕███               ▏ 1.8 GB/9.0 GB   23 MB/s    5m1s[K[?25h[?2026l[?2026h[?25l[A[1Gpulling manifest [K
pulling 2049f5674b1e:  20% ▕███               ▏ 1.8 GB/9.0 GB   23 MB/s    5m1s[K[?25h[?2026l[?2026h[?25l[A[1Gpulling manifest [K
pulling 2049f5674b1e:  20% ▕███               ▏ 1.8 GB/9.0 GB   23 MB/s    5m1s[K[?25h[?2026l[?2026h[?25l[A[1Gpulling manifest [K
pulling 2049f5674b1e:  20% ▕███               ▏ 1.8 GB/9.0 GB   23 MB/s    5m1s[K[?25h[?2026l[?2026h[?25l[A[1Gpulling manifest [K
pulling 2049f5674b1e:  21% ▕███               ▏ 1.8 GB/9.0 GB   24 MB/s   4m54s[K[?25h[?2026l[?2026h[?25l[A[1Gpulling manifest [K
pulling 2049f5674b1e:  21% ▕███               ▏ 1.8 GB/9.0 GB   24 MB/s   4m54s[K[?25h[?2026l[?2026h[?25l[A[1Gpulling manifest [K
pulling 2049f5674b1e:  21% ▕███               ▏ 1.8 GB/9.0 GB   24 MB/s   4m54s[K[?25h[?2026l[?2026h[?25l[A[1Gpulling manifest [K
pulling 2049f5674b1e:  21% ▕███               ▏ 1.8 GB/9.0 GB   24 MB/s   4m54s[K[?25h[?2026l[?2026h[?25l[A[1Gpulling manifest [K
pulling 2049f5674b1e:  21% ▕███               ▏ 1.9 GB/9.0 GB   24 MB/s   4m54s[K[?25h[?2026l[?2026h[?25l[A[1Gpulling manifest [K
pulling 2049f5674b1e:  21% ▕███               ▏ 1.9 GB/9.0 GB   24 MB/s   4m54s[K[?25h[?2026l[?2026h[?25l[A[1Gpulling manifest [K
pulling 2049f5674b1e:  21% ▕███               ▏ 1.9 GB/9.0 GB   24 MB/s   4m54s[K[?25h[?2026l[?2026h[?25l[A[1Gpulling manifest [K
pulling 2049f5674b1e:  21% ▕███               ▏ 1.9 GB/9.0 GB   24 MB/s   4m54s[K[?25h[?2026l[?2026h[?25l[A[1Gpulling manifest [K
pulling 2049f5674b1e:  21% ▕███               ▏ 1.9 GB/9.0 GB   24 MB/s   4m54s[K[?25h[?2026l[?2026h[?25l[A[1Gpulling manifest [K
pulling 2049f5674b1e:  21% ▕███               ▏ 1.9 GB/9.0 GB   24 MB/s   4m54s[K[?25h[?2026l[?2026h[?25l[A[1Gpulling manifest [K
pulling 2049f5674b1e:  21% ▕███               ▏ 1.9 GB/9.0 GB   23 MB/s    5m6s[K[?25h[?2026l[?2026h[?25l[A[1Gpulling manifest [K
pulling 2049f5674b1e:  21% ▕███               ▏ 1.9 GB/9.0 GB   23 MB/s    5m6s[K[?25h[?2026l[?2026h[?25l[A[1Gpulling manifest [K
pulling 2049f5674b1e:  21% ▕███               ▏ 1.9 GB/9.0 GB   23 MB/s    5m5s[K[?25h[?2026l[?2026h[?25l[A[1Gpulling manifest [K
pulling 2049f5674b1e:  21% ▕███               ▏ 1.9 GB/9.0 GB   23 MB/s    5m5s[K[?25h[?2026l[?2026h[?25l[A[1Gpulling manifest [K
pulling 2049f5674b1e:  21% ▕███               ▏ 1.9 GB/9.0 GB   23 MB/s    5m5s[K[?25h[?2026l[?2026h[?25l[A[1Gpulling manifest [K
pulling 2049f5674b1e:  21% ▕███               ▏ 1.9 GB/9.0 GB   23 MB/s    5m5s[K[?25h[?2026l[?2026h[?25l[A[1Gpulling manifest [K
pulling 2049f5674b1e:  21% ▕███               ▏ 1.9 GB/9.0 GB   23 MB/s    5m5s[K[?25h[?2026l[?2026h[?25l[A[1Gpulling manifest [K
pulling 2049f5674b1e:  21% ▕███               ▏ 1.9 GB/9.0 GB   23 MB/s    5m5s[K[?25h[?2026l[?2026h[?25l[A[1Gpulling manifest [K
pulling 2049f5674b1e:  21% ▕███               ▏ 1.9 GB/9.0 GB   23 MB/s    5m5s[K[?25h[?2026l[?2026h[?25l[A[1Gpulling manifest [K
pulling 2049f5674b1e:  21% ▕███               ▏ 1.9 GB/9.0 GB   23 MB/s    5m5s[K[?25h[?2026l[?2026h[?25l[A[1Gpulling manifest [K
pulling 2049f5674b1e:  21% ▕███               ▏ 1.9 GB/9.0 GB   23 MB/s    5m3s[K[?25h[?2026l[?2026h[?25l[A[1Gpulling manifest [K
pulling 2049f5674b1e:  21% ▕███               ▏ 1.9 GB/9.0 GB   23 MB/s    5m3s[K[?25h[?2026l[?2026h[?25l[A[1Gpulling manifest [K
pulling 2049f5674b1e:  21% ▕███               ▏ 1.9 GB/9.0 GB   23 MB/s    5m3s[K[?25h[?2026l[?2026h[?25l[A[1Gpulling manifest [K
pulling 2049f5674b1e:  21% ▕███               ▏ 1.9 GB/9.0 GB   23 MB/s    5m3s[K[?25h[?2026l[?2026h[?25l[A[1Gpulling manifest [K
pulling 2049f5674b1e:  21% ▕███               ▏ 1.9 GB/9.0 GB   23 MB/s    5m3s[K[?25h[?2026l[?2026h[?25l[A[1Gpulling manifest [K
pulling 2049f5674b1e:  21% ▕███               ▏ 1.9 GB/9.0 GB   23 MB/s    5m2s[K[?25h[?2026l[?2026h[?25l[A[1Gpulling manifest [K
pulling 2049f5674b1e:  21% ▕███               ▏ 1.9 GB/9.0 GB   23 MB/s    5m2s[K[?25h[?2026l[?2026h[?25l[A[1Gpulling manifest [K
pulling 2049f5674b1e:  21% ▕███               ▏ 1.9 GB/9.0 GB   23 MB/s    5m2s[K[?25h[?2026l[?2026h[?25l[A[1Gpulling manifest [K
pulling 2049f5674b1e:  21% ▕███               ▏ 1.9 GB/9.0 GB   23 MB/s    5m2s[K[?25h[?2026l[?2026h[?25l[A[1Gpulling manifest [K
pulling 2049f5674b1e:  21% ▕███               ▏ 1.9 GB/9.0 GB   23 MB/s    5m2s[K[?25h[?2026l[?2026h[?25l[A[1Gpulling manifest [K
pulling 2049f5674b1e:  21% ▕███               ▏ 1.9 GB/9.0 GB   23 MB/s    5m2s[K[?25h[?2026l[?2026h[?25l[A[1Gpulling manifest [K
pulling 2049f5674b1e:  21% ▕███               ▏ 1.9 GB/9.0 GB   23 MB/s   4m56s[K[?25h[?2026l[?2026h[?25l[A[1Gpulling manifest [K
pulling 2049f5674b1e:  21% ▕███               ▏ 1.9 GB/9.0 GB   23 MB/s   4m56s[K[?25h[?2026l[?2026h[?25l[A[1Gpulling manifest [K
pulling 2049f5674b1e:  21% ▕███               ▏ 1.9 GB/9.0 GB   23 MB/s   4m56s[K[?25h[?2026l[?2026h[?25l[A[1Gpulling manifest [K
pulling 2049f5674b1e:  21% ▕███               ▏ 1.9 GB/9.0 GB   23 MB/s   4m55s[K[?25h[?2026l[?2026h[?25l[A[1Gpulling manifest [K
pulling 2049f5674b1e:  21% ▕███               ▏ 1.9 GB/9.0 GB   23 MB/s   4m55s[K[?25h[?2026l[?2026h[?25l[A[1Gpulling manifest [K
pulling 2049f5674b1e:  21% ▕███               ▏ 1.9 GB/9.0 GB   23 MB/s   4m55s[K[?25h[?2026l[?2026h[?25l[A[1Gpulling manifest [K
pulling 2049f5674b1e:  21% ▕███               ▏ 1.9 GB/9.0 GB   23 MB/s   4m55s[K[?25h[?2026l[?2026h[?25l[A[1Gpulling manifest [K
pulling 2049f5674b1e:  21% ▕███               ▏ 1.9 GB/9.0 GB   23 MB/s   4m55s[K[?25h[?2026l[?2026h[?25l[A[1Gpulling manifest [K
pulling 2049f5674b1e:  22% ▕███               ▏ 1.9 GB/9.0 GB   23 MB/s   4m55s[K[?25h[?2026l[?2026h[?25l[A[1Gpulling manifest [K
pulling 2049f5674b1e:  22% ▕███               ▏ 1.9 GB/9.0 GB   23 MB/s   4m55s[K[?25h[?2026l[?2026h[?25l[A[1Gpulling manifest [K
pulling 2049f5674b1e:  22% ▕███               ▏ 1.9 GB/9.0 GB   23 MB/s   4m57s[K[?25h[?2026l[?2026h[?25l[A[1Gpulling manifest [K
pulling 2049f5674b1e:  22% ▕███               ▏ 1.9 GB/9.0 GB   23 MB/s   4m57s[K[?25h[?2026l[?2026h[?25l[A[1Gpulling manifest [K
pulling 2049f5674b1e:  22% ▕███               ▏ 1.9 GB/9.0 GB   23 MB/s   4m57s[K[?25h[?2026l[?2026h[?25l[A[1Gpulling manifest [K
pulling 2049f5674b1e:  22% ▕███               ▏ 1.9 GB/9.0 GB   23 MB/s   4m57s[K[?25h[?2026l[?2026h[?25l[A[1Gpulling manifest [K
pulling 2049f5674b1e:  22% ▕███               ▏ 1.9 GB/9.0 GB   23 MB/s   4m57s[K[?25h[?2026l[?2026h[?25l[A[1Gpulling manifest [K
pulling 2049f5674b1e:  22% ▕███               ▏ 2.0 GB/9.0 GB   23 MB/s   4m57s[K[?25h[?2026l[?2026h[?25l[A[1Gpulling manifest [K
pulling 2049f5674b1e:  22% ▕███               ▏ 2.0 GB/9.0 GB   23 MB/s   4m56s[K[?25h[?2026l[?2026h[?25l[A[1Gpulling manifest [K
pulling 2049f5674b1e:  22% ▕███               ▏ 2.0 GB/9.0 GB   23 MB/s   4m56s[K[?25h[?2026l[?2026h[?25l[A[1Gpulling manifest [K
pulling 2049f5674b1e:  22% ▕███               ▏ 2.0 GB/9.0 GB   23 MB/s   4m56s[K[?25h[?2026l[?2026h[?25l[A[1Gpulling manifest [K
pulling 2049f5674b1e:  22% ▕███               ▏ 2.0 GB/9.0 GB   23 MB/s   4m56s[K[?25h[?2026l[?2026h[?25l[A[1Gpulling manifest [K
pulling 2049f5674b1e:  22% ▕███               ▏ 2.0 GB/9.0 GB   24 MB/s   4m46s[K[?25h[?2026l[?2026h[?25l[A[1Gpulling manifest [K
pulling 2049f5674b1e:  22% ▕███               ▏ 2.0 GB/9.0 GB   24 MB/s   4m46s[K[?25h[?2026l[?2026h[?25l[A[1Gpulling manifest [K
pulling 2049f5674b1e:  22% ▕███               ▏ 2.0 GB/9.0 GB   24 MB/s   4m46s[K[?25h[?2026l[?2026h[?25l[A[1Gpulling manifest [K
pulling 2049f5674b1e:  22% ▕███               ▏ 2.0 GB/9.0 GB   24 MB/s   4m46s[K[?25h[?2026l[?2026h[?25l[A[1Gpulling manifest [K
pulling 2049f5674b1e:  22% ▕███               ▏ 2.0 GB/9.0 GB   24 MB/s   4m46s[K[?25h[?2026l[?2026h[?25l[A[1Gpulling manifest [K
pulling 2049f5674b1e:  22% ▕███               ▏ 2.0 GB/9.0 GB   24 MB/s   4m45s[K[?25h[?2026l[?2026h[?25l[A[1Gpulling manifest [K
pulling 2049f5674b1e:  22% ▕███               ▏ 2.0 GB/9.0 GB   24 MB/s   4m45s[K[?25h[?2026l[?2026h[?25l[A[1Gpulling manifest [K
pulling 2049f5674b1e:  22% ▕███               ▏ 2.0 GB/9.0 GB   24 MB/s   4m45s[K[?25h[?2026l[?2026h[?25l[A[1Gpulling manifest [K
pulling 2049f5674b1e:  22% ▕███               ▏ 2.0 GB/9.0 GB   24 MB/s   4m45s[K[?25h[?2026l[?2026h[?25l[A[1Gpulling manifest [K
pulling 2049f5674b1e:  22% ▕███               ▏ 2.0 GB/9.0 GB   24 MB/s   4m45s[K[?25h[?2026l[?2026h[?25l[A[1Gpulling manifest [K
pulling 2049f5674b1e:  22% ▕███               ▏ 2.0 GB/9.0 GB   24 MB/s   4m40s[K[?25h[?2026l[?2026h[?25l[A[1Gpulling manifest [K
pulling 2049f5674b1e:  22% ▕███               ▏ 2.0 GB/9.0 GB   24 MB/s   4m39s[K[?25h[?2026l[?2026h[?25l[A[1Gpulling manifest [K
pulling 2049f5674b1e:  22% ▕███               ▏ 2.0 GB/9.0 GB   24 MB/s   4m39s[K[?25h[?2026l[?2026h[?25l[A[1Gpulling manifest [K
pulling 2049f5674b1e:  22% ▕███               ▏ 2.0 GB/9.0 GB   24 MB/s   4m39s[K[?25h[?2026l[?2026h[?25l[A[1Gpulling manifest [K
pulling 2049f5674b1e:  22% ▕████              ▏ 2.0 GB/9.0 GB   24 MB/s   4m39s[K[?25h[?2026l[?2026h[?25l[A[1Gpulling manifest [K
pulling 2049f5674b1e:  22% ▕████              ▏ 2.0 GB/9.0 GB   24 MB/s   4m39s[K[?25h[?2026l[?2026h[?25l[A[1Gpulling manifest [K
pulling 2049f5674b1e:  22% ▕████              ▏ 2.0 GB/9.0 GB   24 MB/s   4m39s[K[?25h[?2026l[?2026h[?25l[A[1Gpulling manifest [K
pulling 2049f5674b1e:  22% ▕████              ▏ 2.0 GB/9.0 GB   24 MB/s   4m39s[K[?25h[?2026l[?2026h[?25l[A[1Gpulling manifest [K
pulling 2049f5674b1e:  22% ▕████              ▏ 2.0 GB/9.0 GB   24 MB/s   4m39s[K[?25h[?2026l[?2026h[?25l[A[1Gpulling manifest [K
pulling 2049f5674b1e:  22% ▕████              ▏ 2.0 GB/9.0 GB   24 MB/s   4m39s[K[?25h[?2026l[?2026h[?25l[A[1Gpulling manifest [K
pulling 2049f5674b1e:  22% ▕████              ▏ 2.0 GB/9.0 GB   25 MB/s   4m35s[K[?25h[?2026l[?2026h[?25l[A[1Gpulling manifest [K
pulling 2049f5674b1e:  22% ▕████              ▏ 2.0 GB/9.0 GB   25 MB/s   4m35s[K[?25h[?2026l[?2026h[?25l[A[1Gpulling manifest [K
pulling 2049f5674b1e:  22% ▕████              ▏ 2.0 GB/9.0 GB   25 MB/s   4m35s[K[?25h[?2026l[?2026h[?25l[A[1Gpulling manifest [K
pulling 2049f5674b1e:  23% ▕████              ▏ 2.0 GB/9.0 GB   25 MB/s   4m35s[K[?25h[?2026l[?2026h[?25l[A[1Gpulling manifest [K
pulling 2049f5674b1e:  23% ▕████              ▏ 2.0 GB/9.0 GB   25 MB/s   4m35s[K[?25h[?2026l[?2026h[?25l[A[1Gpulling manifest [K
pulling 2049f5674b1e:  23% ▕████              ▏ 2.0 GB/9.0 GB   25 MB/s   4m35s[K[?25h[?2026l[?2026h[?25l[A[1Gpulling manifest [K
pulling 2049f5674b1e:  23% ▕████              ▏ 2.0 GB/9.0 GB   25 MB/s   4m35s[K[?25h[?2026l[?2026h[?25l[A[1Gpulling manifest [K
pulling 2049f5674b1e:  23% ▕████              ▏ 2.0 GB/9.0 GB   25 MB/s   4m35s[K[?25h[?2026l[?2026h[?25l[A[1Gpulling manifest [K
pulling 2049f5674b1e:  23% ▕████              ▏ 2.0 GB/9.0 GB   25 MB/s   4m35s[K[?25h[?2026l[?2026h[?25l[A[1Gpulling manifest [K
pulling 2049f5674b1e:  23% ▕████              ▏ 2.0 GB/9.0 GB   25 MB/s   4m35s[K[?25h[?2026l[?2026h[?25l[A[1Gpulling manifest [K
pulling 2049f5674b1e:  23% ▕████              ▏ 2.0 GB/9.0 GB   25 MB/s   4m34s[K[?25h[?2026l[?2026h[?25l[A[1Gpulling manifest [K
pulling 2049f5674b1e:  23% ▕████              ▏ 2.0 GB/9.0 GB   23 MB/s   4m55s[K[?25h[?2026l[?2026h[?25l[A[1Gpulling manifest [K
pulling 2049f5674b1e:  23% ▕████              ▏ 2.0 GB/9.0 GB   23 MB/s   4m55s[K[?25h[?2026l[?2026h[?25l[A[1Gpulling manifest [K
pulling 2049f5674b1e:  23% ▕████              ▏ 2.0 GB/9.0 GB   23 MB/s   4m55s[K[?25h[?2026l[?2026h[?25l[A[1Gpulling manifest [K
pulling 2049f5674b1e:  23% ▕████              ▏ 2.0 GB/9.0 GB   23 MB/s   4m55s[K[?25h[?2026l[?2026h[?25l[A[1Gpulling manifest [K
pulling 2049f5674b1e:  23% ▕████              ▏ 2.0 GB/9.0 GB   23 MB/s   4m55s[K[?25h[?2026l[?2026h[?25l[A[1Gpulling manifest [K
pulling 2049f5674b1e:  23% ▕████              ▏ 2.0 GB/9.0 GB   23 MB/s   4m55s[K[?25h[?2026l[?2026h[?25l[A[1Gpulling manifest [K
pulling 2049f5674b1e:  23% ▕████              ▏ 2.0 GB/9.0 GB   23 MB/s   4m55s[K[?25h[?2026l[?2026h[?25l[A[1Gpulling manifest [K
pulling 2049f5674b1e:  23% ▕████              ▏ 2.0 GB/9.0 GB   23 MB/s   4m55s[K[?25h[?2026l[?2026h[?25l[A[1Gpulling manifest [K
pulling 2049f5674b1e:  23% ▕████              ▏ 2.0 GB/9.0 GB   23 MB/s   4m54s[K[?25h[?2026l[?2026h[?25l[A[1Gpulling manifest [K
pulling 2049f5674b1e:  23% ▕████              ▏ 2.0 GB/9.0 GB   23 MB/s   4m54s[K[?25h[?2026l[?2026h[?25l[A[1Gpulling manifest [K
pulling 2049f5674b1e:  23% ▕████              ▏ 2.1 GB/9.0 GB   22 MB/s    5m5s[K[?25h[?2026l[?2026h[?25l[A[1Gpulling manifest [K
pulling 2049f5674b1e:  23% ▕████              ▏ 2.1 GB/9.0 GB   22 MB/s    5m5s[K[?25h[?2026l[?2026h[?25l[A[1Gpulling manifest [K
pulling 2049f5674b1e:  23% ▕████              ▏ 2.1 GB/9.0 GB   22 MB/s    5m5s[K[?25h[?2026l[?2026h[?25l[A[1Gpulling manifest [K
pulling 2049f5674b1e:  23% ▕████              ▏ 2.1 GB/9.0 GB   22 MB/s    5m5s[K[?25h[?2026l[?2026h[?25l[A[1Gpulling manifest [K
pulling 2049f5674b1e:  23% ▕████              ▏ 2.1 GB/9.0 GB   22 MB/s    5m4s[K[?25h[?2026l[?2026h[?25l[A[1Gpulling manifest [K
pulling 2049f5674b1e:  23% ▕████              ▏ 2.1 GB/9.0 GB   22 MB/s    5m4s[K[?25h[?2026l[?2026h[?25l[A[1Gpulling manifest [K
pulling 2049f5674b1e:  23% ▕████              ▏ 2.1 GB/9.0 GB   22 MB/s    5m4s[K[?25h[?2026l[?2026h[?25l[A[1Gpulling manifest [K
pulling 2049f5674b1e:  23% ▕████              ▏ 2.1 GB/9.0 GB   22 MB/s    5m4s[K[?25h[?2026l[?2026h[?25l[A[1Gpulling manifest [K
pulling 2049f5674b1e:  23% ▕████              ▏ 2.1 GB/9.0 GB   22 MB/s    5m4s[K[?25h[?2026l[?2026h[?25l[A[1Gpulling manifest [K
pulling 2049f5674b1e:  23% ▕████              ▏ 2.1 GB/9.0 GB   22 MB/s    5m4s[K[?25h[?2026l[?2026h[?25l[A[1Gpulling manifest [K
pulling 2049f5674b1e:  23% ▕████              ▏ 2.1 GB/9.0 GB   23 MB/s   4m55s[K[?25h[?2026l[?2026h[?25l[A[1Gpulling manifest [K
pulling 2049f5674b1e:  23% ▕████              ▏ 2.1 GB/9.0 GB   23 MB/s   4m55s[K[?25h[?2026l[?2026h[?25l[A[1Gpulling manifest [K
pulling 2049f5674b1e:  23% ▕████              ▏ 2.1 GB/9.0 GB   23 MB/s   4m55s[K[?25h[?2026l[?2026h[?25l[A[1Gpulling manifest [K
pulling 2049f5674b1e:  23% ▕████              ▏ 2.1 GB/9.0 GB   23 MB/s   4m55s[K[?25h[?2026l[?2026h[?25l[A[1Gpulling manifest [K
pulling 2049f5674b1e:  23% ▕████              ▏ 2.1 GB/9.0 GB   23 MB/s   4m55s[K[?25h[?2026l[?2026h[?25l[A[1Gpulling manifest [K
pulling 2049f5674b1e:  23% ▕████              ▏ 2.1 GB/9.0 GB   23 MB/s   4m54s[K[?25h[?2026l[?2026h[?25l[A[1Gpulling manifest [K
pulling 2049f5674b1e:  23% ▕████              ▏ 2.1 GB/9.0 GB   23 MB/s   4m54s[K[?25h[?2026l[?2026h[?25l[A[1Gpulling manifest [K
pulling 2049f5674b1e:  23% ▕████              ▏ 2.1 GB/9.0 GB   23 MB/s   4m54s[K[?25h[?2026l[?2026h[?25l[A[1Gpulling manifest [K
pulling 2049f5674b1e:  23% ▕████              ▏ 2.1 GB/9.0 GB   23 MB/s   4m54s[K[?25h[?2026l[?2026h[?25l[A[1Gpulling manifest [K
pulling 2049f5674b1e:  23% ▕████              ▏ 2.1 GB/9.0 GB   23 MB/s   4m54s[K[?25h[?2026l[?2026h[?25l[A[1Gpulling manifest [K
pulling 2049f5674b1e:  23% ▕████              ▏ 2.1 GB/9.0 GB   23 MB/s   4m53s[K[?25h[?2026l[?2026h[?25l[A[1Gpulling manifest [K
pulling 2049f5674b1e:  23% ▕████              ▏ 2.1 GB/9.0 GB   23 MB/s   4m53s[K[?25h[?2026l[?2026h[?25l[A[1Gpulling manifest [K
pulling 2049f5674b1e:  23% ▕████              ▏ 2.1 GB/9.0 GB   23 MB/s   4m53s[K[?25h[?2026l[?2026h[?25l[A[1Gpulling manifest [K
pulling 2049f5674b1e:  23% ▕████              ▏ 2.1 GB/9.0 GB   23 MB/s   4m52s[K[?25h[?2026l[?2026h[?25l[A[1Gpulling manifest [K
pulling 2049f5674b1e:  23% ▕████              ▏ 2.1 GB/9.0 GB   23 MB/s   4m52s[K[?25h[?2026l[?2026h[?25l[A[1Gpulling manifest [K
pulling 2049f5674b1e:  23% ▕████              ▏ 2.1 GB/9.0 GB   23 MB/s   4m52s[K[?25h[?2026l[?2026h[?25l[A[1Gpulling manifest [K
pulling 2049f5674b1e:  23% ▕████              ▏ 2.1 GB/9.0 GB   23 MB/s   4m52s[K[?25h[?2026l[?2026h[?25l[A[1Gpulling manifest [K
pulling 2049f5674b1e:  24% ▕████              ▏ 2.1 GB/9.0 GB   23 MB/s   4m52s[K[?25h[?2026l[?2026h[?25l[A[1Gpulling manifest [K
pulling 2049f5674b1e:  24% ▕████              ▏ 2.1 GB/9.0 GB   23 MB/s   4m52s[K[?25h[?2026l[?2026h[?25l[A[1Gpulling manifest [K
pulling 2049f5674b1e:  24% ▕████              ▏ 2.1 GB/9.0 GB   23 MB/s   4m52s[K[?25h[?2026l[?2026h[?25l[A[1Gpulling manifest [K
pulling 2049f5674b1e:  24% ▕████              ▏ 2.1 GB/9.0 GB   22 MB/s    5m4s[K[?25h[?2026l[?2026h[?25l[A[1Gpulling manifest [K
pulling 2049f5674b1e:  24% ▕████              ▏ 2.1 GB/9.0 GB   22 MB/s    5m4s[K[?25h[?2026l[?2026h[?25l[A[1Gpulling manifest [K
pulling 2049f5674b1e:  24% ▕████              ▏ 2.1 GB/9.0 GB   22 MB/s    5m4s[K[?25h[?2026l[?2026h[?25l[A[1Gpulling manifest [K
pulling 2049f5674b1e:  24% ▕████              ▏ 2.1 GB/9.0 GB   22 MB/s    5m4s[K[?25h[?2026l[?2026h[?25l[A[1Gpulling manifest [K
pulling 2049f5674b1e:  24% ▕████              ▏ 2.1 GB/9.0 GB   22 MB/s    5m4s[K[?25h[?2026l[?2026h[?25l[A[1Gpulling manifest [K
pulling 2049f5674b1e:  24% ▕████              ▏ 2.1 GB/9.0 GB   22 MB/s    5m4s[K[?25h[?2026l[?2026h[?25l[A[1Gpulling manifest [K
pulling 2049f5674b1e:  24% ▕████              ▏ 2.1 GB/9.0 GB   22 MB/s    5m4s[K[?25h[?2026l[?2026h[?25l[A[1Gpulling manifest [K
pulling 2049f5674b1e:  24% ▕████              ▏ 2.1 GB/9.0 GB   22 MB/s    5m4s[K[?25h[?2026l[?2026h[?25l[A[1Gpulling manifest [K
pulling 2049f5674b1e:  24% ▕████              ▏ 2.1 GB/9.0 GB   22 MB/s    5m3s[K[?25h[?2026l[?2026h[?25l[A[1Gpulling manifest [K
pulling 2049f5674b1e:  24% ▕████              ▏ 2.1 GB/9.0 GB   22 MB/s    5m3s[K[?25h[?2026l[?2026h[?25l[A[1Gpulling manifest [K
pulling 2049f5674b1e:  24% ▕████              ▏ 2.1 GB/9.0 GB   22 MB/s    5m3s[K[?25h[?2026l[?2026h[?25l[A[1Gpulling manifest [K
pulling 2049f5674b1e:  24% ▕████              ▏ 2.1 GB/9.0 GB   23 MB/s   4m57s[K[?25h[?2026l[?2026h[?25l[A[1Gpulling manifest [K
pulling 2049f5674b1e:  24% ▕████              ▏ 2.2 GB/9.0 GB   23 MB/s   4m56s[K[?25h[?2026l[?2026h[?25l[A[1Gpulling manifest [K
pulling 2049f5674b1e:  24% ▕████              ▏ 2.2 GB/9.0 GB   23 MB/s   4m56s[K[?25h[?2026l[?2026h[?25l[A[1Gpulling manifest [K
pulling 2049f5674b1e:  24% ▕████              ▏ 2.2 GB/9.0 GB   23 MB/s   4m56s[K[?25h[?2026l[?2026h[?25l[A[1Gpulling manifest [K
pulling 2049f5674b1e:  24% ▕████              ▏ 2.2 GB/9.0 GB   23 MB/s   4m56s[K[?25h[?2026l[?2026h[?25l[A[1Gpulling manifest [K
pulling 2049f5674b1e:  24% ▕████              ▏ 2.2 GB/9.0 GB   23 MB/s   4m56s[K[?25h[?2026l[?2026h[?25l[A[1Gpulling manifest [K
pulling 2049f5674b1e:  24% ▕████              ▏ 2.2 GB/9.0 GB   23 MB/s   4m56s[K[?25h[?2026l[?2026h[?25l[A[1Gpulling manifest [K
pulling 2049f5674b1e:  24% ▕████              ▏ 2.2 GB/9.0 GB   23 MB/s   4m56s[K[?25h[?2026l[?2026h[?25l[A[1Gpulling manifest [K
pulling 2049f5674b1e:  24% ▕████              ▏ 2.2 GB/9.0 GB   23 MB/s   4m56s[K[?25h[?2026l[?2026h[?25l[A[1Gpulling manifest [K
pulling 2049f5674b1e:  24% ▕████              ▏ 2.2 GB/9.0 GB   23 MB/s   4m56s[K[?25h[?2026l[?2026h[?25l[A[1Gpulling manifest [K
pulling 2049f5674b1e:  24% ▕████              ▏ 2.2 GB/9.0 GB   22 MB/s   4m56s[K[?25h[?2026l[?2026h[?25l[A[1Gpulling manifest [K
pulling 2049f5674b1e:  24% ▕████              ▏ 2.2 GB/9.0 GB   22 MB/s   4m56s[K[?25h[?2026l[?2026h[?25l[A[1Gpulling manifest [K
pulling 2049f5674b1e:  24% ▕████              ▏ 2.2 GB/9.0 GB   22 MB/s   4m56s[K[?25h[?2026l[?2026h[?25l[A[1Gpulling manifest [K
pulling 2049f5674b1e:  24% ▕████              ▏ 2.2 GB/9.0 GB   22 MB/s   4m56s[K[?25h[?2026l[?2026h[?25l[A[1Gpulling manifest [K
pulling 2049f5674b1e:  24% ▕████              ▏ 2.2 GB/9.0 GB   22 MB/s   4m56s[K[?25h[?2026l[?2026h[?25l[A[1Gpulling manifest [K
pulling 2049f5674b1e:  24% ▕████              ▏ 2.2 GB/9.0 GB   22 MB/s   4m56s[K[?25h[?2026l[?2026h[?25l[A[1Gpulling manifest [K
pulling 2049f5674b1e:  24% ▕████              ▏ 2.2 GB/9.0 GB   22 MB/s   4m55s[K[?25h[?2026l[?2026h[?25l[A[1Gpulling manifest [K
pulling 2049f5674b1e:  24% ▕████              ▏ 2.2 GB/9.0 GB   22 MB/s   4m55s[K[?25h[?2026l[?2026h[?25l[A[1Gpulling manifest [K
pulling 2049f5674b1e:  24% ▕████              ▏ 2.2 GB/9.0 GB   22 MB/s   4m55s[K[?25h[?2026l[?2026h[?25l[A[1Gpulling manifest [K
pulling 2049f5674b1e:  24% ▕████              ▏ 2.2 GB/9.0 GB   22 MB/s   4m55s[K[?25h[?2026l[?2026h[?25l[A[1Gpulling manifest [K
pulling 2049f5674b1e:  24% ▕████              ▏ 2.2 GB/9.0 GB   23 MB/s   4m51s[K[?25h[?2026l[?2026h[?25l[A[1Gpulling manifest [K
pulling 2049f5674b1e:  24% ▕████              ▏ 2.2 GB/9.0 GB   23 MB/s   4m50s[K[?25h[?2026l[?2026h[?25l[A[1Gpulling manifest [K
pulling 2049f5674b1e:  25% ▕████              ▏ 2.2 GB/9.0 GB   23 MB/s   4m50s[K[?25h[?2026l[?2026h[?25l[A[1Gpulling manifest [K
pulling 2049f5674b1e:  25% ▕████              ▏ 2.2 GB/9.0 GB   23 MB/s   4m50s[K[?25h[?2026l[?2026h[?25l[A[1Gpulling manifest [K
pulling 2049f5674b1e:  25% ▕████              ▏ 2.2 GB/9.0 GB   23 MB/s   4m50s[K[?25h[?2026l[?2026h[?25l[A[1Gpulling manifest [K
pulling 2049f5674b1e:  25% ▕████              ▏ 2.2 GB/9.0 GB   23 MB/s   4m50s[K[?25h[?2026l[?2026h[?25l[A[1Gpulling manifest [K
pulling 2049f5674b1e:  25% ▕████              ▏ 2.2 GB/9.0 GB   23 MB/s   4m50s[K[?25h[?2026l[?2026h[?25l[A[1Gpulling manifest [K
pulling 2049f5674b1e:  25% ▕████              ▏ 2.2 GB/9.0 GB   23 MB/s   4m50s[K[?25h[?2026l[?2026h[?25l[A[1Gpulling manifest [K
pulling 2049f5674b1e:  25% ▕████              ▏ 2.2 GB/9.0 GB   23 MB/s   4m50s[K[?25h[?2026l[?2026h[?25l[A[1Gpulling manifest [K
pulling 2049f5674b1e:  25% ▕████              ▏ 2.2 GB/9.0 GB   23 MB/s   4m50s[K[?25h[?2026l[?2026h[?25l[A[1Gpulling manifest [K
pulling 2049f5674b1e:  25% ▕████              ▏ 2.2 GB/9.0 GB   22 MB/s    5m0s[K[?25h[?2026l[?2026h[?25l[A[1Gpulling manifest [K
pulling 2049f5674b1e:  25% ▕████              ▏ 2.2 GB/9.0 GB   22 MB/s   4m59s[K[?25h[?2026l[?2026h[?25l[A[1Gpulling manifest [K
pulling 2049f5674b1e:  25% ▕████              ▏ 2.2 GB/9.0 GB   22 MB/s   4m59s[K[?25h[?2026l[?2026h[?25l[A[1Gpulling manifest [K
pulling 2049f5674b1e:  25% ▕████              ▏ 2.2 GB/9.0 GB   22 MB/s   4m59s[K[?25h[?2026l[?2026h[?25l[A[1Gpulling manifest [K
pulling 2049f5674b1e:  25% ▕████              ▏ 2.2 GB/9.0 GB   22 MB/s   4m59s[K[?25h[?2026l[?2026h[?25l[A[1Gpulling manifest [K
pulling 2049f5674b1e:  25% ▕████              ▏ 2.2 GB/9.0 GB   22 MB/s   4m59s[K[?25h[?2026l[?2026h[?25l[A[1Gpulling manifest [K
pulling 2049f5674b1e:  25% ▕████              ▏ 2.2 GB/9.0 GB   22 MB/s   4m59s[K[?25h[?2026l[?2026h[?25l[A[1Gpulling manifest [K
pulling 2049f5674b1e:  25% ▕████              ▏ 2.2 GB/9.0 GB   22 MB/s   4m59s[K[?25h[?2026l[?2026h[?25l[A[1Gpulling manifest [K
pulling 2049f5674b1e:  25% ▕████              ▏ 2.2 GB/9.0 GB   22 MB/s   4m59s[K[?25h[?2026l[?2026h[?25l[A[1Gpulling manifest [K
pulling 2049f5674b1e:  25% ▕████              ▏ 2.2 GB/9.0 GB   22 MB/s   4m59s[K[?25h[?2026l[?2026h[?25l[A[1Gpulling manifest [K
pulling 2049f5674b1e:  25% ▕████              ▏ 2.2 GB/9.0 GB   22 MB/s   4m57s[K[?25h[?2026l[?2026h[?25l[A[1Gpulling manifest [K
pulling 2049f5674b1e:  25% ▕████              ▏ 2.2 GB/9.0 GB   22 MB/s   4m57s[K[?25h[?2026l[?2026h[?25l[A[1Gpulling manifest [K
pulling 2049f5674b1e:  25% ▕████              ▏ 2.2 GB/9.0 GB   22 MB/s   4m57s[K[?25h[?2026l[?2026h[?25l[A[1Gpulling manifest [K
pulling 2049f5674b1e:  25% ▕████              ▏ 2.2 GB/9.0 GB   22 MB/s   4m57s[K[?25h[?2026l[?2026h[?25l[A[1Gpulling manifest [K
pulling 2049f5674b1e:  25% ▕████              ▏ 2.2 GB/9.0 GB   22 MB/s   4m57s[K[?25h[?2026l[?2026h[?25l[A[1Gpulling manifest [K
pulling 2049f5674b1e:  25% ▕████              ▏ 2.2 GB/9.0 GB   22 MB/s   4m56s[K[?25h[?2026l[?2026h[?25l[A[1Gpulling manifest [K
pulling 2049f5674b1e:  25% ▕████              ▏ 2.2 GB/9.0 GB   22 MB/s   4m56s[K[?25h[?2026l[?2026h[?25l[A[1Gpulling manifest [K
pulling 2049f5674b1e:  25% ▕████              ▏ 2.2 GB/9.0 GB   22 MB/s   4m56s[K[?25h[?2026l[?2026h[?25l[A[1Gpulling manifest [K
pulling 2049f5674b1e:  25% ▕████              ▏ 2.2 GB/9.0 GB   22 MB/s   4m56s[K[?25h[?2026l[?2026h[?25l[A[1Gpulling manifest [K
pulling 2049f5674b1e:  25% ▕████              ▏ 2.3 GB/9.0 GB   22 MB/s   4m56s[K[?25h[?2026l[?2026h[?25l[A[1Gpulling manifest [K
pulling 2049f5674b1e:  25% ▕████              ▏ 2.3 GB/9.0 GB   22 MB/s   4m56s[K[?25h[?2026l[?2026h[?25l[A[1Gpulling manifest [K
pulling 2049f5674b1e:  25% ▕████              ▏ 2.3 GB/9.0 GB   22 MB/s   4m55s[K[?25h[?2026l[?2026h[?25l[A[1Gpulling manifest [K
pulling 2049f5674b1e:  25% ▕████              ▏ 2.3 GB/9.0 GB   22 MB/s   4m55s[K[?25h[?2026l[?2026h[?25l[A[1Gpulling manifest [K
pulling 2049f5674b1e:  25% ▕████              ▏ 2.3 GB/9.0 GB   22 MB/s   4m54s[K[?25h[?2026l[?2026h[?25l[A[1Gpulling manifest [K
pulling 2049f5674b1e:  25% ▕████              ▏ 2.3 GB/9.0 GB   22 MB/s   4m54s[K[?25h[?2026l[?2026h[?25l[A[1Gpulling manifest [K
pulling 2049f5674b1e:  25% ▕████              ▏ 2.3 GB/9.0 GB   22 MB/s   4m54s[K[?25h[?2026l[?2026h[?25l[A[1Gpulling manifest [K
pulling 2049f5674b1e:  25% ▕████              ▏ 2.3 GB/9.0 GB   22 MB/s   4m54s[K[?25h[?2026l[?2026h[?25l[A[1Gpulling manifest [K
pulling 2049f5674b1e:  25% ▕████              ▏ 2.3 GB/9.0 GB   22 MB/s   4m54s[K[?25h[?2026l[?2026h[?25l[A[1Gpulling manifest [K
pulling 2049f5674b1e:  25% ▕████              ▏ 2.3 GB/9.0 GB   22 MB/s   4m54s[K[?25h[?2026l[?2026h[?25l[A[1Gpulling manifest [K
pulling 2049f5674b1e:  25% ▕████              ▏ 2.3 GB/9.0 GB   22 MB/s   4m53s[K[?25h[?2026l[?2026h[?25l[A[1Gpulling manifest [K
pulling 2049f5674b1e:  25% ▕████              ▏ 2.3 GB/9.0 GB   22 MB/s   4m53s[K[?25h[?2026l[?2026h[?25l[A[1Gpulling manifest [K
pulling 2049f5674b1e:  25% ▕████              ▏ 2.3 GB/9.0 GB   23 MB/s   4m45s[K[?25h[?2026l[?2026h[?25l[A[1Gpulling manifest [K
pulling 2049f5674b1e:  25% ▕████              ▏ 2.3 GB/9.0 GB   23 MB/s   4m45s[K[?25h[?2026l[?2026h[?25l[A[1Gpulling manifest [K
pulling 2049f5674b1e:  26% ▕████              ▏ 2.3 GB/9.0 GB   23 MB/s   4m45s[K[?25h[?2026l[?2026h[?25l[A[1Gpulling manifest [K
pulling 2049f5674b1e:  26% ▕████              ▏ 2.3 GB/9.0 GB   23 MB/s   4m45s[K[?25h[?2026l[?2026h[?25l[A[1Gpulling manifest [K
pulling 2049f5674b1e:  26% ▕████              ▏ 2.3 GB/9.0 GB   23 MB/s   4m45s[K[?25h[?2026l[?2026h[?25l[A[1Gpulling manifest [K
pulling 2049f5674b1e:  26% ▕████              ▏ 2.3 GB/9.0 GB   23 MB/s   4m44s[K[?25h[?2026l[?2026h[?25l[A[1Gpulling manifest [K
pulling 2049f5674b1e:  26% ▕████              ▏ 2.3 GB/9.0 GB   23 MB/s   4m44s[K[?25h[?2026l[?2026h[?25l[A[1Gpulling manifest [K
pulling 2049f5674b1e:  26% ▕████              ▏ 2.3 GB/9.0 GB   23 MB/s   4m44s[K[?25h[?2026l[?2026h[?25l[A[1Gpulling manifest [K
pulling 2049f5674b1e:  26% ▕████              ▏ 2.3 GB/9.0 GB   23 MB/s   4m44s[K[?25h[?2026l[?2026h[?25l[A[1Gpulling manifest [K
pulling 2049f5674b1e:  26% ▕████              ▏ 2.3 GB/9.0 GB   23 MB/s   4m44s[K[?25h[?2026l[?2026h[?25l[A[1Gpulling manifest [K
pulling 2049f5674b1e:  26% ▕████              ▏ 2.3 GB/9.0 GB   23 MB/s   4m40s[K[?25h[?2026l[?2026h[?25l[A[1Gpulling manifest [K
pulling 2049f5674b1e:  26% ▕████              ▏ 2.3 GB/9.0 GB   23 MB/s   4m40s[K[?25h[?2026l[?2026h[?25l[A[1Gpulling manifest [K
pulling 2049f5674b1e:  26% ▕████              ▏ 2.3 GB/9.0 GB   23 MB/s   4m40s[K[?25h[?2026l[?2026h[?25l[A[1Gpulling manifest [K
pulling 2049f5674b1e:  26% ▕████              ▏ 2.3 GB/9.0 GB   23 MB/s   4m40s[K[?25h[?2026l[?2026h[?25l[A[1Gpulling manifest [K
pulling 2049f5674b1e:  26% ▕████              ▏ 2.3 GB/9.0 GB   23 MB/s   4m40s[K[?25h[?2026l[?2026h[?25l[A[1Gpulling manifest [K
pulling 2049f5674b1e:  26% ▕████              ▏ 2.3 GB/9.0 GB   23 MB/s   4m40s[K[?25h[?2026l[?2026h[?25l[A[1Gpulling manifest [K
pulling 2049f5674b1e:  26% ▕████              ▏ 2.3 GB/9.0 GB   23 MB/s   4m40s[K[?25h[?2026l[?2026h[?25l[A[1Gpulling manifest [K
pulling 2049f5674b1e:  26% ▕████              ▏ 2.3 GB/9.0 GB   23 MB/s   4m39s[K[?25h[?2026l[?2026h[?25l[A[1Gpulling manifest [K
pulling 2049f5674b1e:  26% ▕████              ▏ 2.3 GB/9.0 GB   23 MB/s   4m39s[K[?25h[?2026l[?2026h[?25l[A[1Gpulling manifest [K
pulling 2049f5674b1e:  26% ▕████              ▏ 2.3 GB/9.0 GB   23 MB/s   4m39s[K[?25h[?2026l[?2026h[?25l[A[1Gpulling manifest [K
pulling 2049f5674b1e:  26% ▕████              ▏ 2.3 GB/9.0 GB   23 MB/s   4m37s[K[?25h[?2026l[?2026h[?25l[A[1Gpulling manifest [K
pulling 2049f5674b1e:  26% ▕████              ▏ 2.3 GB/9.0 GB   23 MB/s   4m37s[K[?25h[?2026l[?2026h[?25l[A[1Gpulling manifest [K
pulling 2049f5674b1e:  26% ▕████              ▏ 2.3 GB/9.0 GB   23 MB/s   4m37s[K[?25h[?2026l[?2026h[?25l[A[1Gpulling manifest [K
pulling 2049f5674b1e:  26% ▕████              ▏ 2.3 GB/9.0 GB   23 MB/s   4m37s[K[?25h[?2026l[?2026h[?25l[A[1Gpulling manifest [K
pulling 2049f5674b1e:  26% ▕████              ▏ 2.3 GB/9.0 GB   23 MB/s   4m37s[K[?25h[?2026l[?2026h[?25l[A[1Gpulling manifest [K
pulling 2049f5674b1e:  26% ▕████              ▏ 2.3 GB/9.0 GB   23 MB/s   4m37s[K[?25h[?2026l[?2026h[?25l[A[1Gpulling manifest [K
pulling 2049f5674b1e:  26% ▕████              ▏ 2.3 GB/9.0 GB   23 MB/s   4m37s[K[?25h[?2026l[?2026h[?25l[A[1Gpulling manifest [K
pulling 2049f5674b1e:  26% ▕████              ▏ 2.4 GB/9.0 GB   23 MB/s   4m37s[K[?25h[?2026l[?2026h[?25l[A[1Gpulling manifest [K
pulling 2049f5674b1e:  26% ▕████              ▏ 2.4 GB/9.0 GB   23 MB/s   4m37s[K[?25h[?2026l[?2026h[?25l[A[1Gpulling manifest [K
pulling 2049f5674b1e:  26% ▕████              ▏ 2.4 GB/9.0 GB   23 MB/s   4m36s[K[?25h[?2026l[?2026h[?25l[A[1Gpulling manifest [K
pulling 2049f5674b1e:  26% ▕████              ▏ 2.4 GB/9.0 GB   23 MB/s   4m40s[K[?25h[?2026l[?2026h[?25l[A[1Gpulling manifest [K
pulling 2049f5674b1e:  26% ▕████              ▏ 2.4 GB/9.0 GB   23 MB/s   4m39s[K[?25h[?2026l[?2026h[?25l[A[1Gpulling manifest [K
pulling 2049f5674b1e:  26% ▕████              ▏ 2.4 GB/9.0 GB   23 MB/s   4m39s[K[?25h[?2026l[?2026h[?25l[A[1Gpulling manifest [K
pulling 2049f5674b1e:  26% ▕████              ▏ 2.4 GB/9.0 GB   23 MB/s   4m39s[K[?25h[?2026l[?2026h[?25l[A[1Gpulling manifest [K
pulling 2049f5674b1e:  26% ▕████              ▏ 2.4 GB/9.0 GB   23 MB/s   4m39s[K[?25h[?2026l[?2026h[?25l[A[1Gpulling manifest [K
pulling 2049f5674b1e:  26% ▕████              ▏ 2.4 GB/9.0 GB   23 MB/s   4m39s[K[?25h[?2026l[?2026h[?25l[A[1Gpulling manifest [K
pulling 2049f5674b1e:  26% ▕████              ▏ 2.4 GB/9.0 GB   23 MB/s   4m39s[K[?25h[?2026l[?2026h[?25l[A[1Gpulling manifest [K
pulling 2049f5674b1e:  26% ▕████              ▏ 2.4 GB/9.0 GB   23 MB/s   4m39s[K[?25h[?2026l[?2026h[?25l[A[1Gpulling manifest [K
pulling 2049f5674b1e:  26% ▕████              ▏ 2.4 GB/9.0 GB   23 MB/s   4m39s[K[?25h[?2026l[?2026h[?25l[A[1Gpulling manifest [K
pulling 2049f5674b1e:  26% ▕████              ▏ 2.4 GB/9.0 GB   23 MB/s   4m39s[K[?25h[?2026l[?2026h[?25l[A[1Gpulling manifest [K
pulling 2049f5674b1e:  26% ▕████              ▏ 2.4 GB/9.0 GB   23 MB/s   4m39s[K[?25h[?2026l[?2026h[?25l[A[1Gpulling manifest [K
pulling 2049f5674b1e:  27% ▕████              ▏ 2.4 GB/9.0 GB   23 MB/s   4m41s[K[?25h[?2026l[?2026h[?25l[A[1Gpulling manifest [K
pulling 2049f5674b1e:  27% ▕████              ▏ 2.4 GB/9.0 GB   23 MB/s   4m41s[K[?25h[?2026l[?2026h[?25l[A[1Gpulling manifest [K
pulling 2049f5674b1e:  27% ▕████              ▏ 2.4 GB/9.0 GB   23 MB/s   4m41s[K[?25h[?2026l[?2026h[?25l[A[1Gpulling manifest [K
pulling 2049f5674b1e:  27% ▕████              ▏ 2.4 GB/9.0 GB   23 MB/s   4m41s[K[?25h[?2026l[?2026h[?25l[A[1Gpulling manifest [K
pulling 2049f5674b1e:  27% ▕████              ▏ 2.4 GB/9.0 GB   23 MB/s   4m41s[K[?25h[?2026l[?2026h[?25l[A[1Gpulling manifest [K
pulling 2049f5674b1e:  27% ▕████              ▏ 2.4 GB/9.0 GB   23 MB/s   4m41s[K[?25h[?2026l[?2026h[?25l[A[1Gpulling manifest [K
pulling 2049f5674b1e:  27% ▕████              ▏ 2.4 GB/9.0 GB   23 MB/s   4m41s[K[?25h[?2026l[?2026h[?25l[A[1Gpulling manifest [K
pulling 2049f5674b1e:  27% ▕████              ▏ 2.4 GB/9.0 GB   23 MB/s   4m41s[K[?25h[?2026l[?2026h[?25l[A[1Gpulling manifest [K
pulling 2049f5674b1e:  27% ▕████              ▏ 2.4 GB/9.0 GB   23 MB/s   4m41s[K[?25h[?2026l[?2026h[?25l[A[1Gpulling manifest [K
pulling 2049f5674b1e:  27% ▕████              ▏ 2.4 GB/9.0 GB   23 MB/s   4m41s[K[?25h[?2026l[?2026h[?25l[A[1Gpulling manifest [K
pulling 2049f5674b1e:  27% ▕████              ▏ 2.4 GB/9.0 GB   23 MB/s   4m42s[K[?25h[?2026l[?2026h[?25l[A[1Gpulling manifest [K
pulling 2049f5674b1e:  27% ▕████              ▏ 2.4 GB/9.0 GB   23 MB/s   4m42s[K[?25h[?2026l[?2026h[?25l[A[1Gpulling manifest [K
pulling 2049f5674b1e:  27% ▕████              ▏ 2.4 GB/9.0 GB   23 MB/s   4m42s[K[?25h[?2026l[?2026h[?25l[A[1Gpulling manifest [K
pulling 2049f5674b1e:  27% ▕████              ▏ 2.4 GB/9.0 GB   23 MB/s   4m42s[K[?25h[?2026l[?2026h[?25l[A[1Gpulling manifest [K
pulling 2049f5674b1e:  27% ▕████              ▏ 2.4 GB/9.0 GB   23 MB/s   4m42s[K[?25h[?2026l[?2026h[?25l[A[1Gpulling manifest [K
pulling 2049f5674b1e:  27% ▕████              ▏ 2.4 GB/9.0 GB   23 MB/s   4m42s[K[?25h[?2026l[?2026h[?25l[A[1Gpulling manifest [K
pulling 2049f5674b1e:  27% ▕████              ▏ 2.4 GB/9.0 GB   23 MB/s   4m42s[K[?25h[?2026l[?2026h[?25l[A[1Gpulling manifest [K
pulling 2049f5674b1e:  27% ▕████              ▏ 2.4 GB/9.0 GB   23 MB/s   4m41s[K[?25h[?2026l[?2026h[?25l[A[1Gpulling manifest [K
pulling 2049f5674b1e:  27% ▕████              ▏ 2.4 GB/9.0 GB   23 MB/s   4m41s[K[?25h[?2026l[?2026h[?25l[A[1Gpulling manifest [K
pulling 2049f5674b1e:  27% ▕████              ▏ 2.4 GB/9.0 GB   23 MB/s   4m41s[K[?25h[?2026l[?2026h[?25l[A[1Gpulling manifest [K
pulling 2049f5674b1e:  27% ▕████              ▏ 2.4 GB/9.0 GB   24 MB/s   4m29s[K[?25h[?2026l[?2026h[?25l[A[1Gpulling manifest [K
pulling 2049f5674b1e:  27% ▕████              ▏ 2.4 GB/9.0 GB   24 MB/s   4m29s[K[?25h[?2026l[?2026h[?25l[A[1Gpulling manifest [K
pulling 2049f5674b1e:  27% ▕████              ▏ 2.4 GB/9.0 GB   24 MB/s   4m29s[K[?25h[?2026l[?2026h[?25l[A[1Gpulling manifest [K
pulling 2049f5674b1e:  27% ▕████              ▏ 2.4 GB/9.0 GB   24 MB/s   4m29s[K[?25h[?2026l[?2026h[?25l[A[1Gpulling manifest [K
pulling 2049f5674b1e:  27% ▕████              ▏ 2.4 GB/9.0 GB   24 MB/s   4m28s[K[?25h[?2026l[?2026h[?25l[A[1Gpulling manifest [K
pulling 2049f5674b1e:  27% ▕████              ▏ 2.5 GB/9.0 GB   24 MB/s   4m28s[K[?25h[?2026l[?2026h[?25l[A[1Gpulling manifest [K
pulling 2049f5674b1e:  27% ▕████              ▏ 2.5 GB/9.0 GB   24 MB/s   4m28s[K[?25h[?2026l[?2026h[?25l[A[1Gpulling manifest [K
pulling 2049f5674b1e:  27% ▕████              ▏ 2.5 GB/9.0 GB   24 MB/s   4m28s[K[?25h[?2026l[?2026h[?25l[A[1Gpulling manifest [K
pulling 2049f5674b1e:  27% ▕████              ▏ 2.5 GB/9.0 GB   24 MB/s   4m28s[K[?25h[?2026l[?2026h[?25l[A[1Gpulling manifest [K
pulling 2049f5674b1e:  27% ▕████              ▏ 2.5 GB/9.0 GB   24 MB/s   4m28s[K[?25h[?2026l[?2026h[?25l[A[1Gpulling manifest [K
pulling 2049f5674b1e:  27% ▕████              ▏ 2.5 GB/9.0 GB   25 MB/s   4m19s[K[?25h[?2026l[?2026h[?25l[A[1Gpulling manifest [K
pulling 2049f5674b1e:  27% ▕████              ▏ 2.5 GB/9.0 GB   25 MB/s   4m18s[K[?25h[?2026l[?2026h[?25l[A[1Gpulling manifest [K
pulling 2049f5674b1e:  27% ▕████              ▏ 2.5 GB/9.0 GB   25 MB/s   4m18s[K[?25h[?2026l[?2026h[?25l[A[1Gpulling manifest [K
pulling 2049f5674b1e:  27% ▕████              ▏ 2.5 GB/9.0 GB   25 MB/s   4m18s[K[?25h[?2026l[?2026h[?25l[A[1Gpulling manifest [K
pulling 2049f5674b1e:  27% ▕████              ▏ 2.5 GB/9.0 GB   25 MB/s   4m18s[K[?25h[?2026l[?2026h[?25l[A[1Gpulling manifest [K
pulling 2049f5674b1e:  27% ▕████              ▏ 2.5 GB/9.0 GB   25 MB/s   4m18s[K[?25h[?2026l[?2026h[?25l[A[1Gpulling manifest [K
pulling 2049f5674b1e:  27% ▕████              ▏ 2.5 GB/9.0 GB   25 MB/s   4m18s[K[?25h[?2026l[?2026h[?25l[A[1Gpulling manifest [K
pulling 2049f5674b1e:  27% ▕████              ▏ 2.5 GB/9.0 GB   25 MB/s   4m18s[K[?25h[?2026l[?2026h[?25l[A[1Gpulling manifest [K
pulling 2049f5674b1e:  27% ▕████              ▏ 2.5 GB/9.0 GB   25 MB/s   4m18s[K[?25h[?2026l[?2026h[?25l[A[1Gpulling manifest [K
pulling 2049f5674b1e:  27% ▕████              ▏ 2.5 GB/9.0 GB   25 MB/s   4m18s[K[?25h[?2026l[?2026h[?25l[A[1Gpulling manifest [K
pulling 2049f5674b1e:  28% ▕████              ▏ 2.5 GB/9.0 GB   24 MB/s   4m26s[K[?25h[?2026l[?2026h[?25l[A[1Gpulling manifest [K
pulling 2049f5674b1e:  28% ▕████              ▏ 2.5 GB/9.0 GB   24 MB/s   4m26s[K[?25h[?2026l[?2026h[?25l[A[1Gpulling manifest [K
pulling 2049f5674b1e:  28% ▕████              ▏ 2.5 GB/9.0 GB   24 MB/s   4m26s[K[?25h[?2026l[?2026h[?25l[A[1Gpulling manifest [K
pulling 2049f5674b1e:  28% ▕████              ▏ 2.5 GB/9.0 GB   24 MB/s   4m26s[K[?25h[?2026l[?2026h[?25l[A[1Gpulling manifest [K
pulling 2049f5674b1e:  28% ▕████              ▏ 2.5 GB/9.0 GB   24 MB/s   4m26s[K[?25h[?2026l[?2026h[?25l[A[1Gpulling manifest [K
pulling 2049f5674b1e:  28% ▕████              ▏ 2.5 GB/9.0 GB   24 MB/s   4m26s[K[?25h[?2026l[?2026h[?25l[A[1Gpulling manifest [K
pulling 2049f5674b1e:  28% ▕████              ▏ 2.5 GB/9.0 GB   24 MB/s   4m25s[K[?25h[?2026l[?2026h[?25l[A[1Gpulling manifest [K
pulling 2049f5674b1e:  28% ▕████              ▏ 2.5 GB/9.0 GB   24 MB/s   4m25s[K[?25h[?2026l[?2026h[?25l[A[1Gpulling manifest [K
pulling 2049f5674b1e:  28% ▕████              ▏ 2.5 GB/9.0 GB   24 MB/s   4m25s[K[?25h[?2026l[?2026h[?25l[A[1Gpulling manifest [K
pulling 2049f5674b1e:  28% ▕████              ▏ 2.5 GB/9.0 GB   24 MB/s   4m25s[K[?25h[?2026l[?2026h[?25l[A[1Gpulling manifest [K
pulling 2049f5674b1e:  28% ▕████              ▏ 2.5 GB/9.0 GB   24 MB/s   4m25s[K[?25h[?2026l[?2026h[?25l[A[1Gpulling manifest [K
pulling 2049f5674b1e:  28% ▕████              ▏ 2.5 GB/9.0 GB   23 MB/s   4m40s[K[?25h[?2026l[?2026h[?25l[A[1Gpulling manifest [K
pulling 2049f5674b1e:  28% ▕█████             ▏ 2.5 GB/9.0 GB   23 MB/s   4m40s[K[?25h[?2026l[?2026h[?25l[A[1Gpulling manifest [K
pulling 2049f5674b1e:  28% ▕█████             ▏ 2.5 GB/9.0 GB   23 MB/s   4m40s[K[?25h[?2026l[?2026h[?25l[A[1Gpulling manifest [K
pulling 2049f5674b1e:  28% ▕█████             ▏ 2.5 GB/9.0 GB   23 MB/s   4m40s[K[?25h[?2026l[?2026h[?25l[A[1Gpulling manifest [K
pulling 2049f5674b1e:  28% ▕█████             ▏ 2.5 GB/9.0 GB   23 MB/s   4m40s[K[?25h[?2026l[?2026h[?25l[A[1Gpulling manifest [K
pulling 2049f5674b1e:  28% ▕█████             ▏ 2.5 GB/9.0 GB   23 MB/s   4m40s[K[?25h[?2026l[?2026h[?25l[A[1Gpulling manifest [K
pulling 2049f5674b1e:  28% ▕█████             ▏ 2.5 GB/9.0 GB   23 MB/s   4m40s[K[?25h[?2026l[?2026h[?25l[A[1Gpulling manifest [K
pulling 2049f5674b1e:  28% ▕█████             ▏ 2.5 GB/9.0 GB   23 MB/s   4m40s[K[?25h[?2026l[?2026h[?25l[A[1Gpulling manifest [K
pulling 2049f5674b1e:  28% ▕█████             ▏ 2.5 GB/9.0 GB   23 MB/s   4m40s[K[?25h[?2026l[?2026h[?25l[A[1Gpulling manifest [K
pulling 2049f5674b1e:  28% ▕█████             ▏ 2.5 GB/9.0 GB   23 MB/s   4m39s[K[?25h[?2026l[?2026h[?25l[A[1Gpulling manifest [K
pulling 2049f5674b1e:  28% ▕█████             ▏ 2.5 GB/9.0 GB   22 MB/s   4m41s[K[?25h[?2026l[?2026h[?25l[A[1Gpulling manifest [K
pulling 2049f5674b1e:  28% ▕█████             ▏ 2.5 GB/9.0 GB   22 MB/s   4m41s[K[?25h[?2026l[?2026h[?25l[A[1Gpulling manifest [K
pulling 2049f5674b1e:  28% ▕█████             ▏ 2.5 GB/9.0 GB   22 MB/s   4m41s[K[?25h[?2026l[?2026h[?25l[A[1Gpulling manifest [K
pulling 2049f5674b1e:  28% ▕█████             ▏ 2.5 GB/9.0 GB   22 MB/s   4m40s[K[?25h[?2026l[?2026h[?25l[A[1Gpulling manifest [K
pulling 2049f5674b1e:  28% ▕█████             ▏ 2.5 GB/9.0 GB   22 MB/s   4m40s[K[?25h[?2026l[?2026h[?25l[A[1Gpulling manifest [K
pulling 2049f5674b1e:  28% ▕█████             ▏ 2.5 GB/9.0 GB   22 MB/s   4m40s[K[?25h[?2026l[?2026h[?25l[A[1Gpulling manifest [K
pulling 2049f5674b1e:  28% ▕█████             ▏ 2.5 GB/9.0 GB   22 MB/s   4m40s[K[?25h[?2026l[?2026h[?25l[A[1Gpulling manifest [K
pulling 2049f5674b1e:  28% ▕█████             ▏ 2.5 GB/9.0 GB   22 MB/s   4m40s[K[?25h[?2026l[?2026h[?25l[A[1Gpulling manifest [K
pulling 2049f5674b1e:  28% ▕█████             ▏ 2.5 GB/9.0 GB   22 MB/s   4m39s[K[?25h[?2026l[?2026h[?25l[A[1Gpulling manifest [K
pulling 2049f5674b1e:  28% ▕█████             ▏ 2.5 GB/9.0 GB   22 MB/s   4m39s[K[?25h[?2026l[?2026h[?25l[A[1Gpulling manifest [K
pulling 2049f5674b1e:  28% ▕█████             ▏ 2.6 GB/9.0 GB   24 MB/s   4m27s[K[?25h[?2026l[?2026h[?25l[A[1Gpulling manifest [K
pulling 2049f5674b1e:  28% ▕█████             ▏ 2.6 GB/9.0 GB   24 MB/s   4m27s[K[?25h[?2026l[?2026h[?25l[A[1Gpulling manifest [K
pulling 2049f5674b1e:  28% ▕█████             ▏ 2.6 GB/9.0 GB   24 MB/s   4m27s[K[?25h[?2026l[?2026h[?25l[A[1Gpulling manifest [K
pulling 2049f5674b1e:  28% ▕█████             ▏ 2.6 GB/9.0 GB   24 MB/s   4m27s[K[?25h[?2026l[?2026h[?25l[A[1Gpulling manifest [K
pulling 2049f5674b1e:  28% ▕█████             ▏ 2.6 GB/9.0 GB   24 MB/s   4m27s[K[?25h[?2026l[?2026h[?25l[A[1Gpulling manifest [K
pulling 2049f5674b1e:  28% ▕█████             ▏ 2.6 GB/9.0 GB   24 MB/s   4m26s[K[?25h[?2026l[?2026h[?25l[A[1Gpulling manifest [K
pulling 2049f5674b1e:  28% ▕█████             ▏ 2.6 GB/9.0 GB   24 MB/s   4m26s[K[?25h[?2026l[?2026h[?25l[A[1Gpulling manifest [K
pulling 2049f5674b1e:  29% ▕█████             ▏ 2.6 GB/9.0 GB   24 MB/s   4m26s[K[?25h[?2026l[?2026h[?25l[A[1Gpulling manifest [K
pulling 2049f5674b1e:  29% ▕█████             ▏ 2.6 GB/9.0 GB   24 MB/s   4m26s[K[?25h[?2026l[?2026h[?25l[A[1Gpulling manifest [K
pulling 2049f5674b1e:  29% ▕█████             ▏ 2.6 GB/9.0 GB   24 MB/s   4m26s[K[?25h[?2026l[?2026h[?25l[A[1Gpulling manifest [K
pulling 2049f5674b1e:  29% ▕█████             ▏ 2.6 GB/9.0 GB   23 MB/s   4m33s[K[?25h[?2026l[?2026h[?25l[A[1Gpulling manifest [K
pulling 2049f5674b1e:  29% ▕█████             ▏ 2.6 GB/9.0 GB   23 MB/s   4m33s[K[?25h[?2026l[?2026h[?25l[A[1Gpulling manifest [K
pulling 2049f5674b1e:  29% ▕█████             ▏ 2.6 GB/9.0 GB   23 MB/s   4m33s[K[?25h[?2026l[?2026h[?25l[A[1Gpulling manifest [K
pulling 2049f5674b1e:  29% ▕█████             ▏ 2.6 GB/9.0 GB   23 MB/s   4m33s[K[?25h[?2026l[?2026h[?25l[A[1Gpulling manifest [K
pulling 2049f5674b1e:  29% ▕█████             ▏ 2.6 GB/9.0 GB   23 MB/s   4m33s[K[?25h[?2026l[?2026h[?25l[A[1Gpulling manifest [K
pulling 2049f5674b1e:  29% ▕█████             ▏ 2.6 GB/9.0 GB   23 MB/s   4m33s[K[?25h[?2026l[?2026h[?25l[A[1Gpulling manifest [K
pulling 2049f5674b1e:  29% ▕█████             ▏ 2.6 GB/9.0 GB   23 MB/s   4m33s[K[?25h[?2026l[?2026h[?25l[A[1Gpulling manifest [K
pulling 2049f5674b1e:  29% ▕█████             ▏ 2.6 GB/9.0 GB   23 MB/s   4m33s[K[?25h[?2026l[?2026h[?25l[A[1Gpulling manifest [K
pulling 2049f5674b1e:  29% ▕█████             ▏ 2.6 GB/9.0 GB   23 MB/s   4m33s[K[?25h[?2026l[?2026h[?25l[A[1Gpulling manifest [K
pulling 2049f5674b1e:  29% ▕█████             ▏ 2.6 GB/9.0 GB   23 MB/s   4m33s[K[?25h[?2026l[?2026h[?25l[A[1Gpulling manifest [K
pulling 2049f5674b1e:  29% ▕█████             ▏ 2.6 GB/9.0 GB   23 MB/s   4m31s[K[?25h[?2026l[?2026h[?25l[A[1Gpulling manifest [K
pulling 2049f5674b1e:  29% ▕█████             ▏ 2.6 GB/9.0 GB   23 MB/s   4m31s[K[?25h[?2026l[?2026h[?25l[A[1Gpulling manifest [K
pulling 2049f5674b1e:  29% ▕█████             ▏ 2.6 GB/9.0 GB   23 MB/s   4m31s[K[?25h[?2026l[?2026h[?25l[A[1Gpulling manifest [K
pulling 2049f5674b1e:  29% ▕█████             ▏ 2.6 GB/9.0 GB   23 MB/s   4m31s[K[?25h[?2026l[?2026h[?25l[A[1Gpulling manifest [K
pulling 2049f5674b1e:  29% ▕█████             ▏ 2.6 GB/9.0 GB   23 MB/s   4m31s[K[?25h[?2026l[?2026h[?25l[A[1Gpulling manifest [K
pulling 2049f5674b1e:  29% ▕█████             ▏ 2.6 GB/9.0 GB   23 MB/s   4m31s[K[?25h[?2026l[?2026h[?25l[A[1Gpulling manifest [K
pulling 2049f5674b1e:  29% ▕█████             ▏ 2.6 GB/9.0 GB   23 MB/s   4m30s[K[?25h[?2026l[?2026h[?25l[A[1Gpulling manifest [K
pulling 2049f5674b1e:  29% ▕█████             ▏ 2.6 GB/9.0 GB   23 MB/s   4m30s[K[?25h[?2026l[?2026h[?25l[A[1Gpulling manifest [K
pulling 2049f5674b1e:  29% ▕█████             ▏ 2.6 GB/9.0 GB   23 MB/s   4m30s[K[?25h[?2026l[?2026h[?25l[A[1Gpulling manifest [K
pulling 2049f5674b1e:  29% ▕█████             ▏ 2.6 GB/9.0 GB   23 MB/s   4m30s[K[?25h[?2026l[?2026h[?25l[A[1Gpulling manifest [K
pulling 2049f5674b1e:  29% ▕█████             ▏ 2.6 GB/9.0 GB   23 MB/s   4m30s[K[?25h[?2026l[?2026h[?25l[A[1Gpulling manifest [K
pulling 2049f5674b1e:  29% ▕█████             ▏ 2.6 GB/9.0 GB   23 MB/s   4m26s[K[?25h[?2026l[?2026h[?25l[A[1Gpulling manifest [K
pulling 2049f5674b1e:  29% ▕█████             ▏ 2.6 GB/9.0 GB   23 MB/s   4m26s[K[?25h[?2026l[?2026h[?25l[A[1Gpulling manifest [K
pulling 2049f5674b1e:  29% ▕█████             ▏ 2.6 GB/9.0 GB   23 MB/s   4m26s[K[?25h[?2026l[?2026h[?25l[A[1Gpulling manifest [K
pulling 2049f5674b1e:  29% ▕█████             ▏ 2.6 GB/9.0 GB   23 MB/s   4m25s[K[?25h[?2026l[?2026h[?25l[A[1Gpulling manifest [K
pulling 2049f5674b1e:  29% ▕█████             ▏ 2.6 GB/9.0 GB   23 MB/s   4m25s[K[?25h[?2026l[?2026h[?25l[A[1Gpulling manifest [K
pulling 2049f5674b1e:  29% ▕█████             ▏ 2.6 GB/9.0 GB   23 MB/s   4m25s[K[?25h[?2026l[?2026h[?25l[A[1Gpulling manifest [K
pulling 2049f5674b1e:  29% ▕█████             ▏ 2.6 GB/9.0 GB   23 MB/s   4m25s[K[?25h[?2026l[?2026h[?25l[A[1Gpulling manifest [K
pulling 2049f5674b1e:  29% ▕█████             ▏ 2.6 GB/9.0 GB   23 MB/s   4m25s[K[?25h[?2026l[?2026h[?25l[A[1Gpulling manifest [K
pulling 2049f5674b1e:  29% ▕█████             ▏ 2.6 GB/9.0 GB   23 MB/s   4m25s[K[?25h[?2026l[?2026h[?25l[A[1Gpulling manifest [K
pulling 2049f5674b1e:  29% ▕█████             ▏ 2.6 GB/9.0 GB   23 MB/s   4m25s[K[?25h[?2026l[?2026h[?25l[A[1Gpulling manifest [K
pulling 2049f5674b1e:  29% ▕█████             ▏ 2.6 GB/9.0 GB   23 MB/s   4m32s[K[?25h[?2026l[?2026h[?25l[A[1Gpulling manifest [K
pulling 2049f5674b1e:  29% ▕█████             ▏ 2.6 GB/9.0 GB   23 MB/s   4m32s[K[?25h[?2026l[?2026h[?25l[A[1Gpulling manifest [K
pulling 2049f5674b1e:  29% ▕█████             ▏ 2.6 GB/9.0 GB   23 MB/s   4m32s[K[?25h[?2026l[?2026h[?25l[A[1Gpulling manifest [K
pulling 2049f5674b1e:  29% ▕█████             ▏ 2.7 GB/9.0 GB   23 MB/s   4m32s[K[?25h[?2026l[?2026h[?25l[A[1Gpulling manifest [K
pulling 2049f5674b1e:  30% ▕█████             ▏ 2.7 GB/9.0 GB   23 MB/s   4m32s[K[?25h[?2026l[?2026h[?25l[A[1Gpulling manifest [K
pulling 2049f5674b1e:  30% ▕█████             ▏ 2.7 GB/9.0 GB   23 MB/s   4m31s[K[?25h[?2026l[?2026h[?25l[A[1Gpulling manifest [K
pulling 2049f5674b1e:  30% ▕█████             ▏ 2.7 GB/9.0 GB   23 MB/s   4m31s[K[?25h[?2026l[?2026h[?25l[A[1Gpulling manifest [K
pulling 2049f5674b1e:  30% ▕█████             ▏ 2.7 GB/9.0 GB   23 MB/s   4m31s[K[?25h[?2026l[?2026h[?25l[A[1Gpulling manifest [K
pulling 2049f5674b1e:  30% ▕█████             ▏ 2.7 GB/9.0 GB   23 MB/s   4m31s[K[?25h[?2026l[?2026h[?25l[A[1Gpulling manifest [K
pulling 2049f5674b1e:  30% ▕█████             ▏ 2.7 GB/9.0 GB   23 MB/s   4m31s[K[?25h[?2026l[?2026h[?25l[A[1Gpulling manifest [K
pulling 2049f5674b1e:  30% ▕█████             ▏ 2.7 GB/9.0 GB   22 MB/s   4m39s[K[?25h[?2026l[?2026h[?25l[A[1Gpulling manifest [K
pulling 2049f5674b1e:  30% ▕█████             ▏ 2.7 GB/9.0 GB   22 MB/s   4m39s[K[?25h[?2026l[?2026h[?25l[A[1Gpulling manifest [K
pulling 2049f5674b1e:  30% ▕█████             ▏ 2.7 GB/9.0 GB   22 MB/s   4m39s[K[?25h[?2026l[?2026h[?25l[A[1Gpulling manifest [K
pulling 2049f5674b1e:  30% ▕█████             ▏ 2.7 GB/9.0 GB   22 MB/s   4m39s[K[?25h[?2026l[?2026h[?25l[A[1Gpulling manifest [K
pulling 2049f5674b1e:  30% ▕█████             ▏ 2.7 GB/9.0 GB   22 MB/s   4m39s[K[?25h[?2026l[?2026h[?25l[A[1Gpulling manifest [K
pulling 2049f5674b1e:  30% ▕█████             ▏ 2.7 GB/9.0 GB   22 MB/s   4m39s[K[?25h[?2026l[?2026h[?25l[A[1Gpulling manifest [K
pulling 2049f5674b1e:  30% ▕█████             ▏ 2.7 GB/9.0 GB   22 MB/s   4m39s[K[?25h[?2026l[?2026h[?25l[A[1Gpulling manifest [K
pulling 2049f5674b1e:  30% ▕█████             ▏ 2.7 GB/9.0 GB   22 MB/s   4m38s[K[?25h[?2026l[?2026h[?25l[A[1Gpulling manifest [K
pulling 2049f5674b1e:  30% ▕█████             ▏ 2.7 GB/9.0 GB   22 MB/s   4m38s[K[?25h[?2026l[?2026h[?25l[A[1Gpulling manifest [K
pulling 2049f5674b1e:  30% ▕█████             ▏ 2.7 GB/9.0 GB   22 MB/s   4m38s[K[?25h[?2026l[?2026h[?25l[A[1Gpulling manifest [K
pulling 2049f5674b1e:  30% ▕█████             ▏ 2.7 GB/9.0 GB   24 MB/s   4m14s[K[?25h[?2026l[?2026h[?25l[A[1Gpulling manifest [K
pulling 2049f5674b1e:  30% ▕█████             ▏ 2.7 GB/9.0 GB   24 MB/s   4m14s[K[?25h[?2026l[?2026h[?25l[A[1Gpulling manifest [K
pulling 2049f5674b1e:  30% ▕█████             ▏ 2.7 GB/9.0 GB   24 MB/s   4m14s[K[?25h[?2026l[?2026h[?25l[A[1Gpulling manifest [K
pulling 2049f5674b1e:  30% ▕█████             ▏ 2.7 GB/9.0 GB   24 MB/s   4m14s[K[?25h[?2026l[?2026h[?25l[A[1Gpulling manifest [K
pulling 2049f5674b1e:  30% ▕█████             ▏ 2.7 GB/9.0 GB   24 MB/s   4m14s[K[?25h[?2026l[?2026h[?25l[A[1Gpulling manifest [K
pulling 2049f5674b1e:  30% ▕█████             ▏ 2.7 GB/9.0 GB   24 MB/s   4m13s[K[?25h[?2026l[?2026h[?25l[A[1Gpulling manifest [K
pulling 2049f5674b1e:  30% ▕█████             ▏ 2.7 GB/9.0 GB   24 MB/s   4m13s[K[?25h[?2026l[?2026h[?25l[A[1Gpulling manifest [K
pulling 2049f5674b1e:  30% ▕█████             ▏ 2.7 GB/9.0 GB   24 MB/s   4m13s[K[?25h[?2026l[?2026h[?25l[A[1Gpulling manifest [K
pulling 2049f5674b1e:  30% ▕█████             ▏ 2.7 GB/9.0 GB   24 MB/s   4m13s[K[?25h[?2026l[?2026h[?25l[A[1Gpulling manifest [K
pulling 2049f5674b1e:  30% ▕█████             ▏ 2.7 GB/9.0 GB   24 MB/s   4m13s[K[?25h[?2026l[?2026h[?25l[A[1Gpulling manifest [K
pulling 2049f5674b1e:  30% ▕█████             ▏ 2.7 GB/9.0 GB   25 MB/s    4m5s[K[?25h[?2026l[?2026h[?25l[A[1Gpulling manifest [K
pulling 2049f5674b1e:  30% ▕█████             ▏ 2.7 GB/9.0 GB   25 MB/s    4m5s[K[?25h[?2026l[?2026h[?25l[A[1Gpulling manifest [K
pulling 2049f5674b1e:  30% ▕█████             ▏ 2.7 GB/9.0 GB   25 MB/s    4m5s[K[?25h[?2026l[?2026h[?25l[A[1Gpulling manifest [K
pulling 2049f5674b1e:  30% ▕█████             ▏ 2.7 GB/9.0 GB   25 MB/s    4m5s[K[?25h[?2026l[?2026h[?25l[A[1Gpulling manifest [K
pulling 2049f5674b1e:  30% ▕█████             ▏ 2.7 GB/9.0 GB   25 MB/s    4m5s[K[?25h[?2026l[?2026h[?25l[A[1Gpulling manifest [K
pulling 2049f5674b1e:  30% ▕█████             ▏ 2.7 GB/9.0 GB   25 MB/s    4m5s[K[?25h[?2026l[?2026h[?25l[A[1Gpulling manifest [K
pulling 2049f5674b1e:  30% ▕█████             ▏ 2.7 GB/9.0 GB   25 MB/s    4m5s[K[?25h[?2026l[?2026h[?25l[A[1Gpulling manifest [K
pulling 2049f5674b1e:  30% ▕█████             ▏ 2.7 GB/9.0 GB   25 MB/s    4m5s[K[?25h[?2026l[?2026h[?25l[A[1Gpulling manifest [K
pulling 2049f5674b1e:  30% ▕█████             ▏ 2.7 GB/9.0 GB   25 MB/s    4m5s[K[?25h[?2026l[?2026h[?25l[A[1Gpulling manifest [K
pulling 2049f5674b1e:  30% ▕█████             ▏ 2.7 GB/9.0 GB   25 MB/s    4m5s[K[?25h[?2026l[?2026h[?25l[A[1Gpulling manifest [K
pulling 2049f5674b1e:  30% ▕█████             ▏ 2.7 GB/9.0 GB   25 MB/s    4m5s[K[?25h[?2026l[?2026h[?25l[A[1Gpulling manifest [K
pulling 2049f5674b1e:  30% ▕█████             ▏ 2.7 GB/9.0 GB   24 MB/s   4m15s[K[?25h[?2026l[?2026h[?25l[A[1Gpulling manifest [K
pulling 2049f5674b1e:  31% ▕█████             ▏ 2.7 GB/9.0 GB   24 MB/s   4m15s[K[?25h[?2026l[?2026h[?25l[A[1Gpulling manifest [K
pulling 2049f5674b1e:  31% ▕█████             ▏ 2.7 GB/9.0 GB   24 MB/s   4m15s[K[?25h[?2026l[?2026h[?25l[A[1Gpulling manifest [K
pulling 2049f5674b1e:  31% ▕█████             ▏ 2.8 GB/9.0 GB   24 MB/s   4m14s[K[?25h[?2026l[?2026h[?25l[A[1Gpulling manifest [K
pulling 2049f5674b1e:  31% ▕█████             ▏ 2.8 GB/9.0 GB   24 MB/s   4m14s[K[?25h[?2026l[?2026h[?25l[A[1Gpulling manifest [K
pulling 2049f5674b1e:  31% ▕█████             ▏ 2.8 GB/9.0 GB   24 MB/s   4m14s[K[?25h[?2026l[?2026h[?25l[A[1Gpulling manifest [K
pulling 2049f5674b1e:  31% ▕█████             ▏ 2.8 GB/9.0 GB   24 MB/s   4m14s[K[?25h[?2026l[?2026h[?25l[A[1Gpulling manifest [K
pulling 2049f5674b1e:  31% ▕█████             ▏ 2.8 GB/9.0 GB   24 MB/s   4m14s[K[?25h[?2026l[?2026h[?25l[A[1Gpulling manifest [K
pulling 2049f5674b1e:  31% ▕█████             ▏ 2.8 GB/9.0 GB   24 MB/s   4m14s[K[?25h[?2026l[?2026h[?25l[A[1Gpulling manifest [K
pulling 2049f5674b1e:  31% ▕█████             ▏ 2.8 GB/9.0 GB   24 MB/s   4m14s[K[?25h[?2026l[?2026h[?25l[A[1Gpulling manifest [K
pulling 2049f5674b1e:  31% ▕█████             ▏ 2.8 GB/9.0 GB   23 MB/s   4m24s[K[?25h[?2026l[?2026h[?25l[A[1Gpulling manifest [K
pulling 2049f5674b1e:  31% ▕█████             ▏ 2.8 GB/9.0 GB   23 MB/s   4m24s[K[?25h[?2026l[?2026h[?25l[A[1Gpulling manifest [K
pulling 2049f5674b1e:  31% ▕█████             ▏ 2.8 GB/9.0 GB   23 MB/s   4m24s[K[?25h[?2026l[?2026h[?25l[A[1Gpulling manifest [K
pulling 2049f5674b1e:  31% ▕█████             ▏ 2.8 GB/9.0 GB   23 MB/s   4m24s[K[?25h[?2026l[?2026h[?25l[A[1Gpulling manifest [K
pulling 2049f5674b1e:  31% ▕█████             ▏ 2.8 GB/9.0 GB   23 MB/s   4m24s[K[?25h[?2026l[?2026h[?25l[A[1Gpulling manifest [K
pulling 2049f5674b1e:  31% ▕█████             ▏ 2.8 GB/9.0 GB   23 MB/s   4m24s[K[?25h[?2026l[?2026h[?25l[A[1Gpulling manifest [K
pulling 2049f5674b1e:  31% ▕█████             ▏ 2.8 GB/9.0 GB   23 MB/s   4m24s[K[?25h[?2026l[?2026h[?25l[A[1Gpulling manifest [K
pulling 2049f5674b1e:  31% ▕█████             ▏ 2.8 GB/9.0 GB   23 MB/s   4m24s[K[?25h[?2026l[?2026h[?25l[A[1Gpulling manifest [K
pulling 2049f5674b1e:  31% ▕█████             ▏ 2.8 GB/9.0 GB   23 MB/s   4m24s[K[?25h[?2026l[?2026h[?25l[A[1Gpulling manifest [K
pulling 2049f5674b1e:  31% ▕█████             ▏ 2.8 GB/9.0 GB   23 MB/s   4m24s[K[?25h[?2026l[?2026h[?25l[A[1Gpulling manifest [K
pulling 2049f5674b1e:  31% ▕█████             ▏ 2.8 GB/9.0 GB   23 MB/s   4m28s[K[?25h[?2026l[?2026h[?25l[A[1Gpulling manifest [K
pulling 2049f5674b1e:  31% ▕█████             ▏ 2.8 GB/9.0 GB   23 MB/s   4m28s[K[?25h[?2026l[?2026h[?25l[A[1Gpulling manifest [K
pulling 2049f5674b1e:  31% ▕█████             ▏ 2.8 GB/9.0 GB   23 MB/s   4m28s[K[?25h[?2026l[?2026h[?25l[A[1Gpulling manifest [K
pulling 2049f5674b1e:  31% ▕█████             ▏ 2.8 GB/9.0 GB   23 MB/s   4m28s[K[?25h[?2026l[?2026h[?25l[A[1Gpulling manifest [K
pulling 2049f5674b1e:  31% ▕█████             ▏ 2.8 GB/9.0 GB   23 MB/s   4m27s[K[?25h[?2026l[?2026h[?25l[A[1Gpulling manifest [K
pulling 2049f5674b1e:  31% ▕█████             ▏ 2.8 GB/9.0 GB   23 MB/s   4m27s[K[?25h[?2026l[?2026h[?25l[A[1Gpulling manifest [K
pulling 2049f5674b1e:  31% ▕█████             ▏ 2.8 GB/9.0 GB   23 MB/s   4m27s[K[?25h[?2026l[?2026h[?25l[A[1Gpulling manifest [K
pulling 2049f5674b1e:  31% ▕█████             ▏ 2.8 GB/9.0 GB   23 MB/s   4m27s[K[?25h[?2026l[?2026h[?25l[A[1Gpulling manifest [K
pulling 2049f5674b1e:  31% ▕█████             ▏ 2.8 GB/9.0 GB   23 MB/s   4m26s[K[?25h[?2026l[?2026h[?25l[A[1Gpulling manifest [K
pulling 2049f5674b1e:  31% ▕█████             ▏ 2.8 GB/9.0 GB   23 MB/s   4m26s[K[?25h[?2026l[?2026h[?25l[A[1Gpulling manifest [K
pulling 2049f5674b1e:  31% ▕█████             ▏ 2.8 GB/9.0 GB   24 MB/s   4m11s[K[?25h[?2026l[?2026h[?25l[A[1Gpulling manifest [K
pulling 2049f5674b1e:  31% ▕█████             ▏ 2.8 GB/9.0 GB   24 MB/s   4m11s[K[?25h[?2026l[?2026h[?25l[A[1Gpulling manifest [K
pulling 2049f5674b1e:  31% ▕█████             ▏ 2.8 GB/9.0 GB   24 MB/s   4m11s[K[?25h[?2026l[?2026h[?25l[A[1Gpulling manifest [K
pulling 2049f5674b1e:  31% ▕█████             ▏ 2.8 GB/9.0 GB   24 MB/s   4m11s[K[?25h[?2026l[?2026h[?25l[A[1Gpulling manifest [K
pulling 2049f5674b1e:  31% ▕█████             ▏ 2.8 GB/9.0 GB   24 MB/s   4m11s[K[?25h[?2026l[?2026h[?25l[A[1Gpulling manifest [K
pulling 2049f5674b1e:  31% ▕█████             ▏ 2.8 GB/9.0 GB   24 MB/s   4m11s[K[?25h[?2026l[?2026h[?25l[A[1Gpulling manifest [K
pulling 2049f5674b1e:  31% ▕█████             ▏ 2.8 GB/9.0 GB   24 MB/s   4m11s[K[?25h[?2026l[?2026h[?25l[A[1Gpulling manifest [K
pulling 2049f5674b1e:  31% ▕█████             ▏ 2.8 GB/9.0 GB   24 MB/s   4m11s[K[?25h[?2026l[?2026h[?25l[A[1Gpulling manifest [K
pulling 2049f5674b1e:  31% ▕█████             ▏ 2.8 GB/9.0 GB   24 MB/s   4m11s[K[?25h[?2026l[?2026h[?25l[A[1Gpulling manifest [K
pulling 2049f5674b1e:  31% ▕█████             ▏ 2.8 GB/9.0 GB   24 MB/s   4m11s[K[?25h[?2026l[?2026h[?25l[A[1Gpulling manifest [K
pulling 2049f5674b1e:  31% ▕█████             ▏ 2.8 GB/9.0 GB   22 MB/s   4m27s[K[?25h[?2026l[?2026h[?25l[A[1Gpulling manifest [K
pulling 2049f5674b1e:  31% ▕█████             ▏ 2.8 GB/9.0 GB   22 MB/s   4m27s[K[?25h[?2026l[?2026h[?25l[A[1Gpulling manifest [K
pulling 2049f5674b1e:  32% ▕█████             ▏ 2.8 GB/9.0 GB   22 MB/s   4m27s[K[?25h[?2026l[?2026h[?25l[A[1Gpulling manifest [K
pulling 2049f5674b1e:  32% ▕█████             ▏ 2.8 GB/9.0 GB   22 MB/s   4m27s[K[?25h[?2026l[?2026h[?25l[A[1Gpulling manifest [K
pulling 2049f5674b1e:  32% ▕█████             ▏ 2.8 GB/9.0 GB   22 MB/s   4m27s[K[?25h[?2026l[?2026h[?25l[A[1Gpulling manifest [K
pulling 2049f5674b1e:  32% ▕█████             ▏ 2.8 GB/9.0 GB   22 MB/s   4m27s[K[?25h[?2026l[?2026h[?25l[A[1Gpulling manifest [K
pulling 2049f5674b1e:  32% ▕█████             ▏ 2.8 GB/9.0 GB   22 MB/s   4m27s[K[?25h[?2026l[?2026h[?25l[A[1Gpulling manifest [K
pulling 2049f5674b1e:  32% ▕█████             ▏ 2.8 GB/9.0 GB   22 MB/s   4m27s[K[?25h[?2026l[?2026h[?25l[A[1Gpulling manifest [K
pulling 2049f5674b1e:  32% ▕█████             ▏ 2.8 GB/9.0 GB   22 MB/s   4m27s[K[?25h[?2026l[?2026h[?25l[A[1Gpulling manifest [K
pulling 2049f5674b1e:  32% ▕█████             ▏ 2.8 GB/9.0 GB   22 MB/s   4m27s[K[?25h[?2026l[?2026h[?25l[A[1Gpulling manifest [K
pulling 2049f5674b1e:  32% ▕█████             ▏ 2.9 GB/9.0 GB   22 MB/s   4m27s[K[?25h[?2026l[?2026h[?25l[A[1Gpulling manifest [K
pulling 2049f5674b1e:  32% ▕█████             ▏ 2.9 GB/9.0 GB   22 MB/s   4m26s[K[?25h[?2026l[?2026h[?25l[A[1Gpulling manifest [K
pulling 2049f5674b1e:  32% ▕█████             ▏ 2.9 GB/9.0 GB   22 MB/s   4m26s[K[?25h[?2026l[?2026h[?25l[A[1Gpulling manifest [K
pulling 2049f5674b1e:  32% ▕█████             ▏ 2.9 GB/9.0 GB   22 MB/s   4m26s[K[?25h[?2026l[?2026h[?25l[A[1Gpulling manifest [K
pulling 2049f5674b1e:  32% ▕█████             ▏ 2.9 GB/9.0 GB   22 MB/s   4m26s[K[?25h[?2026l[?2026h[?25l[A[1Gpulling manifest [K
pulling 2049f5674b1e:  32% ▕█████             ▏ 2.9 GB/9.0 GB   22 MB/s   4m26s[K[?25h[?2026l[?2026h[?25l[A[1Gpulling manifest [K
pulling 2049f5674b1e:  32% ▕█████             ▏ 2.9 GB/9.0 GB   22 MB/s   4m26s[K[?25h[?2026l[?2026h[?25l[A[1Gpulling manifest [K
pulling 2049f5674b1e:  32% ▕█████             ▏ 2.9 GB/9.0 GB   22 MB/s   4m26s[K[?25h[?2026l[?2026h[?25l[A[1Gpulling manifest [K
pulling 2049f5674b1e:  32% ▕█████             ▏ 2.9 GB/9.0 GB   22 MB/s   4m25s[K[?25h[?2026l[?2026h[?25l[A[1Gpulling manifest [K
pulling 2049f5674b1e:  32% ▕█████             ▏ 2.9 GB/9.0 GB   22 MB/s   4m25s[K[?25h[?2026l[?2026h[?25l[A[1Gpulling manifest [K
pulling 2049f5674b1e:  32% ▕█████             ▏ 2.9 GB/9.0 GB   22 MB/s   4m25s[K[?25h[?2026l[?2026h[?25l[A[1Gpulling manifest [K
pulling 2049f5674b1e:  32% ▕█████             ▏ 2.9 GB/9.0 GB   24 MB/s    4m8s[K[?25h[?2026l[?2026h[?25l[A[1Gpulling manifest [K
pulling 2049f5674b1e:  32% ▕█████             ▏ 2.9 GB/9.0 GB   24 MB/s    4m8s[K[?25h[?2026l[?2026h[?25l[A[1Gpulling manifest [K
pulling 2049f5674b1e:  32% ▕█████             ▏ 2.9 GB/9.0 GB   24 MB/s    4m8s[K[?25h[?2026l[?2026h[?25l[A[1Gpulling manifest [K
pulling 2049f5674b1e:  32% ▕█████             ▏ 2.9 GB/9.0 GB   24 MB/s    4m8s[K[?25h[?2026l[?2026h[?25l[A[1Gpulling manifest [K
pulling 2049f5674b1e:  32% ▕█████             ▏ 2.9 GB/9.0 GB   24 MB/s    4m8s[K[?25h[?2026l[?2026h[?25l[A[1Gpulling manifest [K
pulling 2049f5674b1e:  32% ▕█████             ▏ 2.9 GB/9.0 GB   24 MB/s    4m7s[K[?25h[?2026l[?2026h[?25l[A[1Gpulling manifest [K
pulling 2049f5674b1e:  32% ▕█████             ▏ 2.9 GB/9.0 GB   24 MB/s    4m7s[K[?25h[?2026l[?2026h[?25l[A[1Gpulling manifest [K
pulling 2049f5674b1e:  32% ▕█████             ▏ 2.9 GB/9.0 GB   24 MB/s    4m7s[K[?25h[?2026l[?2026h[?25l[A[1Gpulling manifest [K
pulling 2049f5674b1e:  32% ▕█████             ▏ 2.9 GB/9.0 GB   24 MB/s    4m7s[K[?25h[?2026l[?2026h[?25l[A[1Gpulling manifest [K
pulling 2049f5674b1e:  32% ▕█████             ▏ 2.9 GB/9.0 GB   24 MB/s    4m7s[K[?25h[?2026l[?2026h[?25l[A[1Gpulling manifest [K
pulling 2049f5674b1e:  32% ▕█████             ▏ 2.9 GB/9.0 GB   23 MB/s   4m19s[K[?25h[?2026l[?2026h[?25l[A[1Gpulling manifest [K
pulling 2049f5674b1e:  32% ▕█████             ▏ 2.9 GB/9.0 GB   23 MB/s   4m19s[K[?25h[?2026l[?2026h[?25l[A[1Gpulling manifest [K
pulling 2049f5674b1e:  32% ▕█████             ▏ 2.9 GB/9.0 GB   23 MB/s   4m19s[K[?25h[?2026l[?2026h[?25l[A[1Gpulling manifest [K
pulling 2049f5674b1e:  32% ▕█████             ▏ 2.9 GB/9.0 GB   23 MB/s   4m18s[K[?25h[?2026l[?2026h[?25l[A[1Gpulling manifest [K
pulling 2049f5674b1e:  32% ▕█████             ▏ 2.9 GB/9.0 GB   23 MB/s   4m18s[K[?25h[?2026l[?2026h[?25l[A[1Gpulling manifest [K
pulling 2049f5674b1e:  32% ▕█████             ▏ 2.9 GB/9.0 GB   23 MB/s   4m18s[K[?25h[?2026l[?2026h[?25l[A[1Gpulling manifest [K
pulling 2049f5674b1e:  32% ▕█████             ▏ 2.9 GB/9.0 GB   23 MB/s   4m18s[K[?25h[?2026l[?2026h[?25l[A[1Gpulling manifest [K
pulling 2049f5674b1e:  33% ▕█████             ▏ 2.9 GB/9.0 GB   23 MB/s   4m18s[K[?25h[?2026l[?2026h[?25l[A[1Gpulling manifest [K
pulling 2049f5674b1e:  33% ▕█████             ▏ 2.9 GB/9.0 GB   23 MB/s   4m18s[K[?25h[?2026l[?2026h[?25l[A[1Gpulling manifest [K
pulling 2049f5674b1e:  33% ▕█████             ▏ 2.9 GB/9.0 GB   23 MB/s   4m18s[K[?25h[?2026l[?2026h[?25l[A[1Gpulling manifest [K
pulling 2049f5674b1e:  33% ▕█████             ▏ 2.9 GB/9.0 GB   22 MB/s   4m28s[K[?25h[?2026l[?2026h[?25l[A[1Gpulling manifest [K
pulling 2049f5674b1e:  33% ▕█████             ▏ 2.9 GB/9.0 GB   22 MB/s   4m28s[K[?25h[?2026l[?2026h[?25l[A[1Gpulling manifest [K
pulling 2049f5674b1e:  33% ▕█████             ▏ 2.9 GB/9.0 GB   22 MB/s   4m28s[K[?25h[?2026l[?2026h[?25l[A[1Gpulling manifest [K
pulling 2049f5674b1e:  33% ▕█████             ▏ 2.9 GB/9.0 GB   22 MB/s   4m28s[K[?25h[?2026l[?2026h[?25l[A[1Gpulling manifest [K
pulling 2049f5674b1e:  33% ▕█████             ▏ 2.9 GB/9.0 GB   22 MB/s   4m27s[K[?25h[?2026l[?2026h[?25l[A[1Gpulling manifest [K
pulling 2049f5674b1e:  33% ▕█████             ▏ 2.9 GB/9.0 GB   22 MB/s   4m27s[K[?25h[?2026l[?2026h[?25l[A[1Gpulling manifest [K
pulling 2049f5674b1e:  33% ▕█████             ▏ 2.9 GB/9.0 GB   22 MB/s   4m27s[K[?25h[?2026l[?2026h[?25l[A[1Gpulling manifest [K
pulling 2049f5674b1e:  33% ▕█████             ▏ 2.9 GB/9.0 GB   22 MB/s   4m27s[K[?25h[?2026l[?2026h[?25l[A[1Gpulling manifest [K
pulling 2049f5674b1e:  33% ▕█████             ▏ 2.9 GB/9.0 GB   22 MB/s   4m27s[K[?25h[?2026l[?2026h[?25l[A[1Gpulling manifest [K
pulling 2049f5674b1e:  33% ▕█████             ▏ 3.0 GB/9.0 GB   22 MB/s   4m27s[K[?25h[?2026l[?2026h[?25l[A[1Gpulling manifest [K
pulling 2049f5674b1e:  33% ▕█████             ▏ 3.0 GB/9.0 GB   24 MB/s   4m10s[K[?25h[?2026l[?2026h[?25l[A[1Gpulling manifest [K
pulling 2049f5674b1e:  33% ▕█████             ▏ 3.0 GB/9.0 GB   24 MB/s   4m10s[K[?25h[?2026l[?2026h[?25l[A[1Gpulling manifest [K
pulling 2049f5674b1e:  33% ▕█████             ▏ 3.0 GB/9.0 GB   24 MB/s   4m10s[K[?25h[?2026l[?2026h[?25l[A[1Gpulling manifest [K
pulling 2049f5674b1e:  33% ▕█████             ▏ 3.0 GB/9.0 GB   24 MB/s   4m10s[K[?25h[?2026l[?2026h[?25l[A[1Gpulling manifest [K
pulling 2049f5674b1e:  33% ▕█████             ▏ 3.0 GB/9.0 GB   24 MB/s   4m10s[K[?25h[?2026l[?2026h[?25l[A[1Gpulling manifest [K
pulling 2049f5674b1e:  33% ▕█████             ▏ 3.0 GB/9.0 GB   24 MB/s    4m9s[K[?25h[?2026l[?2026h[?25l[A[1Gpulling manifest [K
pulling 2049f5674b1e:  33% ▕█████             ▏ 3.0 GB/9.0 GB   24 MB/s    4m9s[K[?25h[?2026l[?2026h[?25l[A[1Gpulling manifest [K
pulling 2049f5674b1e:  33% ▕█████             ▏ 3.0 GB/9.0 GB   24 MB/s    4m9s[K[?25h[?2026l[?2026h[?25l[A[1Gpulling manifest [K
pulling 2049f5674b1e:  33% ▕█████             ▏ 3.0 GB/9.0 GB   24 MB/s    4m9s[K[?25h[?2026l[?2026h[?25l[A[1Gpulling manifest [K
pulling 2049f5674b1e:  33% ▕█████             ▏ 3.0 GB/9.0 GB   24 MB/s    4m9s[K[?25h[?2026l[?2026h[?25l[A[1Gpulling manifest [K
pulling 2049f5674b1e:  33% ▕█████             ▏ 3.0 GB/9.0 GB   24 MB/s    4m9s[K[?25h[?2026l[?2026h[?25l[A[1Gpulling manifest [K
pulling 2049f5674b1e:  33% ▕█████             ▏ 3.0 GB/9.0 GB   24 MB/s    4m1s[K[?25h[?2026l[?2026h[?25l[A[1Gpulling manifest [K
pulling 2049f5674b1e:  33% ▕█████             ▏ 3.0 GB/9.0 GB   24 MB/s    4m1s[K[?25h[?2026l[?2026h[?25l[A[1Gpulling manifest [K
pulling 2049f5674b1e:  33% ▕█████             ▏ 3.0 GB/9.0 GB   24 MB/s    4m1s[K[?25h[?2026l[?2026h[?25l[A[1Gpulling manifest [K
pulling 2049f5674b1e:  33% ▕█████             ▏ 3.0 GB/9.0 GB   24 MB/s    4m1s[K[?25h[?2026l[?2026h[?25l[A[1Gpulling manifest [K
pulling 2049f5674b1e:  33% ▕█████             ▏ 3.0 GB/9.0 GB   24 MB/s    4m1s[K[?25h[?2026l[?2026h[?25l[A[1Gpulling manifest [K
pulling 2049f5674b1e:  33% ▕█████             ▏ 3.0 GB/9.0 GB   24 MB/s    4m1s[K[?25h[?2026l[?2026h[?25l[A[1Gpulling manifest [K
pulling 2049f5674b1e:  33% ▕█████             ▏ 3.0 GB/9.0 GB   24 MB/s    4m1s[K[?25h[?2026l[?2026h[?25l[A[1Gpulling manifest [K
pulling 2049f5674b1e:  33% ▕█████             ▏ 3.0 GB/9.0 GB   24 MB/s    4m1s[K[?25h[?2026l[?2026h[?25l[A[1Gpulling manifest [K
pulling 2049f5674b1e:  33% ▕█████             ▏ 3.0 GB/9.0 GB   24 MB/s    4m1s[K[?25h[?2026l[?2026h[?25l[A[1Gpulling manifest [K
pulling 2049f5674b1e:  33% ▕██████            ▏ 3.0 GB/9.0 GB   24 MB/s    4m1s[K[?25h[?2026l[?2026h[?25l[A[1Gpulling manifest [K
pulling 2049f5674b1e:  33% ▕██████            ▏ 3.0 GB/9.0 GB   24 MB/s    4m5s[K[?25h[?2026l[?2026h[?25l[A[1Gpulling manifest [K
pulling 2049f5674b1e:  33% ▕██████            ▏ 3.0 GB/9.0 GB   24 MB/s    4m5s[K[?25h[?2026l[?2026h[?25l[A[1Gpulling manifest [K
pulling 2049f5674b1e:  33% ▕██████            ▏ 3.0 GB/9.0 GB   24 MB/s    4m5s[K[?25h[?2026l[?2026h[?25l[A[1Gpulling manifest [K
pulling 2049f5674b1e:  33% ▕██████            ▏ 3.0 GB/9.0 GB   24 MB/s    4m5s[K[?25h[?2026l[?2026h[?25l[A[1Gpulling manifest [K
pulling 2049f5674b1e:  33% ▕██████            ▏ 3.0 GB/9.0 GB   24 MB/s    4m5s[K[?25h[?2026l[?2026h[?25l[A[1Gpulling manifest [K
pulling 2049f5674b1e:  33% ▕██████            ▏ 3.0 GB/9.0 GB   24 MB/s    4m5s[K[?25h[?2026l[?2026h[?25l[A[1Gpulling manifest [K
pulling 2049f5674b1e:  34% ▕██████            ▏ 3.0 GB/9.0 GB   24 MB/s    4m4s[K[?25h[?2026l[?2026h[?25l[A[1Gpulling manifest [K
pulling 2049f5674b1e:  34% ▕██████            ▏ 3.0 GB/9.0 GB   24 MB/s    4m4s[K[?25h[?2026l[?2026h[?25l[A[1Gpulling manifest [K
pulling 2049f5674b1e:  34% ▕██████            ▏ 3.0 GB/9.0 GB   24 MB/s    4m4s[K[?25h[?2026l[?2026h[?25l[A[1Gpulling manifest [K
pulling 2049f5674b1e:  34% ▕██████            ▏ 3.0 GB/9.0 GB   24 MB/s    4m4s[K[?25h[?2026l[?2026h[?25l[A[1Gpulling manifest [K
pulling 2049f5674b1e:  34% ▕██████            ▏ 3.0 GB/9.0 GB   22 MB/s   4m20s[K[?25h[?2026l[?2026h[?25l[A[1Gpulling manifest [K
pulling 2049f5674b1e:  34% ▕██████            ▏ 3.0 GB/9.0 GB   22 MB/s   4m20s[K[?25h[?2026l[?2026h[?25l[A[1Gpulling manifest [K
pulling 2049f5674b1e:  34% ▕██████            ▏ 3.0 GB/9.0 GB   22 MB/s   4m20s[K[?25h[?2026l[?2026h[?25l[A[1Gpulling manifest [K
pulling 2049f5674b1e:  34% ▕██████            ▏ 3.0 GB/9.0 GB   22 MB/s   4m20s[K[?25h[?2026l[?2026h[?25l[A[1Gpulling manifest [K
pulling 2049f5674b1e:  34% ▕██████            ▏ 3.0 GB/9.0 GB   22 MB/s   4m20s[K[?25h[?2026l[?2026h[?25l[A[1Gpulling manifest [K
pulling 2049f5674b1e:  34% ▕██████            ▏ 3.0 GB/9.0 GB   22 MB/s   4m20s[K[?25h[?2026l[?2026h[?25l[A[1Gpulling manifest [K
pulling 2049f5674b1e:  34% ▕██████            ▏ 3.0 GB/9.0 GB   22 MB/s   4m19s[K[?25h[?2026l[?2026h[?25l[A[1Gpulling manifest [K
pulling 2049f5674b1e:  34% ▕██████            ▏ 3.0 GB/9.0 GB   22 MB/s   4m19s[K[?25h[?2026l[?2026h[?25l[A[1Gpulling manifest [K
pulling 2049f5674b1e:  34% ▕██████            ▏ 3.0 GB/9.0 GB   22 MB/s   4m19s[K[?25h[?2026l[?2026h[?25l[A[1Gpulling manifest [K
pulling 2049f5674b1e:  34% ▕██████            ▏ 3.0 GB/9.0 GB   22 MB/s   4m19s[K[?25h[?2026l[?2026h[?25l[A[1Gpulling manifest [K
pulling 2049f5674b1e:  34% ▕██████            ▏ 3.0 GB/9.0 GB   23 MB/s   4m15s[K[?25h[?2026l[?2026h[?25l[A[1Gpulling manifest [K
pulling 2049f5674b1e:  34% ▕██████            ▏ 3.0 GB/9.0 GB   23 MB/s   4m15s[K[?25h[?2026l[?2026h[?25l[A[1Gpulling manifest [K
pulling 2049f5674b1e:  34% ▕██████            ▏ 3.0 GB/9.0 GB   23 MB/s   4m15s[K[?25h[?2026l[?2026h[?25l[A[1Gpulling manifest [K
pulling 2049f5674b1e:  34% ▕██████            ▏ 3.0 GB/9.0 GB   23 MB/s   4m15s[K[?25h[?2026l[?2026h[?25l[A[1Gpulling manifest [K
pulling 2049f5674b1e:  34% ▕██████            ▏ 3.0 GB/9.0 GB   23 MB/s   4m14s[K[?25h[?2026l[?2026h[?25l[A[1Gpulling manifest [K
pulling 2049f5674b1e:  34% ▕██████            ▏ 3.0 GB/9.0 GB   23 MB/s   4m14s[K[?25h[?2026l[?2026h[?25l[A[1Gpulling manifest [K
pulling 2049f5674b1e:  34% ▕██████            ▏ 3.1 GB/9.0 GB   23 MB/s   4m14s[K[?25h[?2026l[?2026h[?25l[A[1Gpulling manifest [K
pulling 2049f5674b1e:  34% ▕██████            ▏ 3.1 GB/9.0 GB   23 MB/s   4m14s[K[?25h[?2026l[?2026h[?25l[A[1Gpulling manifest [K
pulling 2049f5674b1e:  34% ▕██████            ▏ 3.1 GB/9.0 GB   23 MB/s   4m14s[K[?25h[?2026l[?2026h[?25l[A[1Gpulling manifest [K
pulling 2049f5674b1e:  34% ▕██████            ▏ 3.1 GB/9.0 GB   23 MB/s   4m14s[K[?25h[?2026l[?2026h[?25l[A[1Gpulling manifest [K
pulling 2049f5674b1e:  34% ▕██████            ▏ 3.1 GB/9.0 GB   23 MB/s   4m10s[K[?25h[?2026l[?2026h[?25l[A[1Gpulling manifest [K
pulling 2049f5674b1e:  34% ▕██████            ▏ 3.1 GB/9.0 GB   23 MB/s   4m10s[K[?25h[?2026l[?2026h[?25l[A[1Gpulling manifest [K
pulling 2049f5674b1e:  34% ▕██████            ▏ 3.1 GB/9.0 GB   23 MB/s   4m10s[K[?25h[?2026l[?2026h[?25l[A[1Gpulling manifest [K
pulling 2049f5674b1e:  34% ▕██████            ▏ 3.1 GB/9.0 GB   23 MB/s   4m10s[K[?25h[?2026l[?2026h[?25l[A[1Gpulling manifest [K
pulling 2049f5674b1e:  34% ▕██████            ▏ 3.1 GB/9.0 GB   23 MB/s   4m10s[K[?25h[?2026l[?2026h[?25l[A[1Gpulling manifest [K
pulling 2049f5674b1e:  34% ▕██████            ▏ 3.1 GB/9.0 GB   23 MB/s   4m10s[K[?25h[?2026l[?2026h[?25l[A[1Gpulling manifest [K
pulling 2049f5674b1e:  34% ▕██████            ▏ 3.1 GB/9.0 GB   23 MB/s    4m9s[K[?25h[?2026l[?2026h[?25l[A[1Gpulling manifest [K
pulling 2049f5674b1e:  34% ▕██████            ▏ 3.1 GB/9.0 GB   23 MB/s    4m9s[K[?25h[?2026l[?2026h[?25l[A[1Gpulling manifest [K
pulling 2049f5674b1e:  34% ▕██████            ▏ 3.1 GB/9.0 GB   23 MB/s    4m9s[K[?25h[?2026l[?2026h[?25l[A[1Gpulling manifest [K
pulling 2049f5674b1e:  34% ▕██████            ▏ 3.1 GB/9.0 GB   23 MB/s    4m9s[K[?25h[?2026l[?2026h[?25l[A[1Gpulling manifest [K
pulling 2049f5674b1e:  34% ▕██████            ▏ 3.1 GB/9.0 GB   23 MB/s    4m9s[K[?25h[?2026l[?2026h[?25l[A[1Gpulling manifest [K
pulling 2049f5674b1e:  34% ▕██████            ▏ 3.1 GB/9.0 GB   23 MB/s    4m9s[K[?25h[?2026l[?2026h[?25l[A[1Gpulling manifest [K
pulling 2049f5674b1e:  35% ▕██████            ▏ 3.1 GB/9.0 GB   23 MB/s    4m9s[K[?25h[?2026l[?2026h[?25l[A[1Gpulling manifest [K
pulling 2049f5674b1e:  35% ▕██████            ▏ 3.1 GB/9.0 GB   23 MB/s    4m9s[K[?25h[?2026l[?2026h[?25l[A[1Gpulling manifest [K
pulling 2049f5674b1e:  35% ▕██████            ▏ 3.1 GB/9.0 GB   23 MB/s    4m9s[K[?25h[?2026l[?2026h[?25l[A[1Gpulling manifest [K
pulling 2049f5674b1e:  35% ▕██████            ▏ 3.1 GB/9.0 GB   23 MB/s    4m9s[K[?25h[?2026l[?2026h[?25l[A[1Gpulling manifest [K
pulling 2049f5674b1e:  35% ▕██████            ▏ 3.1 GB/9.0 GB   23 MB/s    4m9s[K[?25h[?2026l[?2026h[?25l[A[1Gpulling manifest [K
pulling 2049f5674b1e:  35% ▕██████            ▏ 3.1 GB/9.0 GB   23 MB/s    4m9s[K[?25h[?2026l[?2026h[?25l[A[1Gpulling manifest [K
pulling 2049f5674b1e:  35% ▕██████            ▏ 3.1 GB/9.0 GB   23 MB/s    4m9s[K[?25h[?2026l[?2026h[?25l[A[1Gpulling manifest [K
pulling 2049f5674b1e:  35% ▕██████            ▏ 3.1 GB/9.0 GB   23 MB/s    4m9s[K[?25h[?2026l[?2026h[?25l[A[1Gpulling manifest [K
pulling 2049f5674b1e:  35% ▕██████            ▏ 3.1 GB/9.0 GB   23 MB/s    4m9s[K[?25h[?2026l[?2026h[?25l[A[1Gpulling manifest [K
pulling 2049f5674b1e:  35% ▕██████            ▏ 3.1 GB/9.0 GB   22 MB/s   4m16s[K[?25h[?2026l[?2026h[?25l[A[1Gpulling manifest [K
pulling 2049f5674b1e:  35% ▕██████            ▏ 3.1 GB/9.0 GB   22 MB/s   4m16s[K[?25h[?2026l[?2026h[?25l[A[1Gpulling manifest [K
pulling 2049f5674b1e:  35% ▕██████            ▏ 3.1 GB/9.0 GB   22 MB/s   4m16s[K[?25h[?2026l[?2026h[?25l[A[1Gpulling manifest [K
pulling 2049f5674b1e:  35% ▕██████            ▏ 3.1 GB/9.0 GB   22 MB/s   4m16s[K[?25h[?2026l[?2026h[?25l[A[1Gpulling manifest [K
pulling 2049f5674b1e:  35% ▕██████            ▏ 3.1 GB/9.0 GB   22 MB/s   4m16s[K[?25h[?2026l[?2026h[?25l[A[1Gpulling manifest [K
pulling 2049f5674b1e:  35% ▕██████            ▏ 3.1 GB/9.0 GB   22 MB/s   4m16s[K[?25h[?2026l[?2026h[?25l[A[1Gpulling manifest [K
pulling 2049f5674b1e:  35% ▕██████            ▏ 3.1 GB/9.0 GB   22 MB/s   4m16s[K[?25h[?2026l[?2026h[?25l[A[1Gpulling manifest [K
pulling 2049f5674b1e:  35% ▕██████            ▏ 3.1 GB/9.0 GB   22 MB/s   4m16s[K[?25h[?2026l[?2026h[?25l[A[1Gpulling manifest [K
pulling 2049f5674b1e:  35% ▕██████            ▏ 3.1 GB/9.0 GB   22 MB/s   4m15s[K[?25h[?2026l[?2026h[?25l[A[1Gpulling manifest [K
pulling 2049f5674b1e:  35% ▕██████            ▏ 3.1 GB/9.0 GB   22 MB/s   4m15s[K[?25h[?2026l[?2026h[?25l[A[1Gpulling manifest [K
pulling 2049f5674b1e:  35% ▕██████            ▏ 3.1 GB/9.0 GB   22 MB/s   4m20s[K[?25h[?2026l[?2026h[?25l[A[1Gpulling manifest [K
pulling 2049f5674b1e:  35% ▕██████            ▏ 3.1 GB/9.0 GB   22 MB/s   4m19s[K[?25h[?2026l[?2026h[?25l[A[1Gpulling manifest [K
pulling 2049f5674b1e:  35% ▕██████            ▏ 3.1 GB/9.0 GB   22 MB/s   4m19s[K[?25h[?2026l[?2026h[?25l[A[1Gpulling manifest [K
pulling 2049f5674b1e:  35% ▕██████            ▏ 3.1 GB/9.0 GB   22 MB/s   4m19s[K[?25h[?2026l[?2026h[?25l[A[1Gpulling manifest [K
pulling 2049f5674b1e:  35% ▕██████            ▏ 3.1 GB/9.0 GB   22 MB/s   4m19s[K[?25h[?2026l[?2026h[?25l[A[1Gpulling manifest [K
pulling 2049f5674b1e:  35% ▕██████            ▏ 3.1 GB/9.0 GB   22 MB/s   4m19s[K[?25h[?2026l[?2026h[?25l[A[1Gpulling manifest [K
pulling 2049f5674b1e:  35% ▕██████            ▏ 3.1 GB/9.0 GB   22 MB/s   4m19s[K[?25h[?2026l[?2026h[?25l[A[1Gpulling manifest [K
pulling 2049f5674b1e:  35% ▕██████            ▏ 3.1 GB/9.0 GB   22 MB/s   4m19s[K[?25h[?2026l[?2026h[?25l[A[1Gpulling manifest [K
pulling 2049f5674b1e:  35% ▕██████            ▏ 3.2 GB/9.0 GB   22 MB/s   4m19s[K[?25h[?2026l[?2026h[?25l[A[1Gpulling manifest [K
pulling 2049f5674b1e:  35% ▕██████            ▏ 3.2 GB/9.0 GB   22 MB/s   4m19s[K[?25h[?2026l[?2026h[?25l[A[1Gpulling manifest [K
pulling 2049f5674b1e:  35% ▕██████            ▏ 3.2 GB/9.0 GB   21 MB/s   4m26s[K[?25h[?2026l[?2026h[?25l[A[1Gpulling manifest [K
pulling 2049f5674b1e:  35% ▕██████            ▏ 3.2 GB/9.0 GB   21 MB/s   4m26s[K[?25h[?2026l[?2026h[?25l[A[1Gpulling manifest [K
pulling 2049f5674b1e:  35% ▕██████            ▏ 3.2 GB/9.0 GB   21 MB/s   4m26s[K[?25h[?2026l[?2026h[?25l[A[1Gpulling manifest [K
pulling 2049f5674b1e:  35% ▕██████            ▏ 3.2 GB/9.0 GB   21 MB/s   4m26s[K[?25h[?2026l[?2026h[?25l[A[1Gpulling manifest [K
pulling 2049f5674b1e:  35% ▕██████            ▏ 3.2 GB/9.0 GB   21 MB/s   4m25s[K[?25h[?2026l[?2026h[?25l[A[1Gpulling manifest [K
pulling 2049f5674b1e:  35% ▕██████            ▏ 3.2 GB/9.0 GB   21 MB/s   4m25s[K[?25h[?2026l[?2026h[?25l[A[1Gpulling manifest [K
pulling 2049f5674b1e:  35% ▕██████            ▏ 3.2 GB/9.0 GB   21 MB/s   4m25s[K[?25h[?2026l[?2026h[?25l[A[1Gpulling manifest [K
pulling 2049f5674b1e:  35% ▕██████            ▏ 3.2 GB/9.0 GB   21 MB/s   4m25s[K[?25h[?2026l[?2026h[?25l[A[1Gpulling manifest [K
pulling 2049f5674b1e:  35% ▕██████            ▏ 3.2 GB/9.0 GB   21 MB/s   4m25s[K[?25h[?2026l[?2026h[?25l[A[1Gpulling manifest [K
pulling 2049f5674b1e:  35% ▕██████            ▏ 3.2 GB/9.0 GB   21 MB/s   4m25s[K[?25h[?2026l[?2026h[?25l[A[1Gpulling manifest [K
pulling 2049f5674b1e:  35% ▕██████            ▏ 3.2 GB/9.0 GB   21 MB/s   4m31s[K[?25h[?2026l[?2026h[?25l[A[1Gpulling manifest [K
pulling 2049f5674b1e:  35% ▕██████            ▏ 3.2 GB/9.0 GB   21 MB/s   4m31s[K[?25h[?2026l[?2026h[?25l[A[1Gpulling manifest [K
pulling 2049f5674b1e:  35% ▕██████            ▏ 3.2 GB/9.0 GB   21 MB/s   4m31s[K[?25h[?2026l[?2026h[?25l[A[1Gpulling manifest [K
pulling 2049f5674b1e:  35% ▕██████            ▏ 3.2 GB/9.0 GB   21 MB/s   4m31s[K[?25h[?2026l[?2026h[?25l[A[1Gpulling manifest [K
pulling 2049f5674b1e:  35% ▕██████            ▏ 3.2 GB/9.0 GB   21 MB/s   4m30s[K[?25h[?2026l[?2026h[?25l[A[1Gpulling manifest [K
pulling 2049f5674b1e:  36% ▕██████            ▏ 3.2 GB/9.0 GB   21 MB/s   4m30s[K[?25h[?2026l[?2026h[?25l[A[1Gpulling manifest [K
pulling 2049f5674b1e:  36% ▕██████            ▏ 3.2 GB/9.0 GB   21 MB/s   4m30s[K[?25h[?2026l[?2026h[?25l[A[1Gpulling manifest [K
pulling 2049f5674b1e:  36% ▕██████            ▏ 3.2 GB/9.0 GB   21 MB/s   4m30s[K[?25h[?2026l[?2026h[?25l[A[1Gpulling manifest [K
pulling 2049f5674b1e:  36% ▕██████            ▏ 3.2 GB/9.0 GB   21 MB/s   4m30s[K[?25h[?2026l[?2026h[?25l[A[1Gpulling manifest [K
pulling 2049f5674b1e:  36% ▕██████            ▏ 3.2 GB/9.0 GB   21 MB/s   4m30s[K[?25h[?2026l[?2026h[?25l[A[1Gpulling manifest [K
pulling 2049f5674b1e:  36% ▕██████            ▏ 3.2 GB/9.0 GB   21 MB/s   4m29s[K[?25h[?2026l[?2026h[?25l[A[1Gpulling manifest [K
pulling 2049f5674b1e:  36% ▕██████            ▏ 3.2 GB/9.0 GB   24 MB/s   3m59s[K[?25h[?2026l[?2026h[?25l[A[1Gpulling manifest [K
pulling 2049f5674b1e:  36% ▕██████            ▏ 3.2 GB/9.0 GB   24 MB/s   3m59s[K[?25h[?2026l[?2026h[?25l[A[1Gpulling manifest [K
pulling 2049f5674b1e:  36% ▕██████            ▏ 3.2 GB/9.0 GB   24 MB/s   3m59s[K[?25h[?2026l[?2026h[?25l[A[1Gpulling manifest [K
pulling 2049f5674b1e:  36% ▕██████            ▏ 3.2 GB/9.0 GB   24 MB/s   3m59s[K[?25h[?2026l[?2026h[?25l[A[1Gpulling manifest [K
pulling 2049f5674b1e:  36% ▕██████            ▏ 3.2 GB/9.0 GB   24 MB/s   3m59s[K[?25h[?2026l[?2026h[?25l[A[1Gpulling manifest [K
pulling 2049f5674b1e:  36% ▕██████            ▏ 3.2 GB/9.0 GB   24 MB/s   3m59s[K[?25h[?2026l[?2026h[?25l[A[1Gpulling manifest [K
pulling 2049f5674b1e:  36% ▕██████            ▏ 3.2 GB/9.0 GB   24 MB/s   3m59s[K[?25h[?2026l[?2026h[?25l[A[1Gpulling manifest [K
pulling 2049f5674b1e:  36% ▕██████            ▏ 3.2 GB/9.0 GB   24 MB/s   3m59s[K[?25h[?2026l[?2026h[?25l[A[1Gpulling manifest [K
pulling 2049f5674b1e:  36% ▕██████            ▏ 3.2 GB/9.0 GB   24 MB/s   3m59s[K[?25h[?2026l[?2026h[?25l[A[1Gpulling manifest [K
pulling 2049f5674b1e:  36% ▕██████            ▏ 3.2 GB/9.0 GB   24 MB/s   3m59s[K[?25h[?2026l[?2026h[?25l[A[1Gpulling manifest [K
pulling 2049f5674b1e:  36% ▕██████            ▏ 3.2 GB/9.0 GB   23 MB/s    4m8s[K[?25h[?2026l[?2026h[?25l[A[1Gpulling manifest [K
pulling 2049f5674b1e:  36% ▕██████            ▏ 3.2 GB/9.0 GB   23 MB/s    4m8s[K[?25h[?2026l[?2026h[?25l[A[1Gpulling manifest [K
pulling 2049f5674b1e:  36% ▕██████            ▏ 3.2 GB/9.0 GB   23 MB/s    4m8s[K[?25h[?2026l[?2026h[?25l[A[1Gpulling manifest [K
pulling 2049f5674b1e:  36% ▕██████            ▏ 3.2 GB/9.0 GB   23 MB/s    4m7s[K[?25h[?2026l[?2026h[?25l[A[1Gpulling manifest [K
pulling 2049f5674b1e:  36% ▕██████            ▏ 3.2 GB/9.0 GB   23 MB/s    4m7s[K[?25h[?2026l[?2026h[?25l[A[1Gpulling manifest [K
pulling 2049f5674b1e:  36% ▕██████            ▏ 3.2 GB/9.0 GB   23 MB/s    4m7s[K[?25h[?2026l[?2026h[?25l[A[1Gpulling manifest [K
pulling 2049f5674b1e:  36% ▕██████            ▏ 3.2 GB/9.0 GB   23 MB/s    4m7s[K[?25h[?2026l[?2026h[?25l[A[1Gpulling manifest [K
pulling 2049f5674b1e:  36% ▕██████            ▏ 3.2 GB/9.0 GB   23 MB/s    4m7s[K[?25h[?2026l[?2026h[?25l[A[1Gpulling manifest [K
pulling 2049f5674b1e:  36% ▕██████            ▏ 3.3 GB/9.0 GB   23 MB/s    4m7s[K[?25h[?2026l[?2026h[?25l[A[1Gpulling manifest [K
pulling 2049f5674b1e:  36% ▕██████            ▏ 3.3 GB/9.0 GB   23 MB/s    4m7s[K[?25h[?2026l[?2026h[?25l[A[1Gpulling manifest [K
pulling 2049f5674b1e:  36% ▕██████            ▏ 3.3 GB/9.0 GB   24 MB/s   3m55s[K[?25h[?2026l[?2026h[?25l[A[1Gpulling manifest [K
pulling 2049f5674b1e:  36% ▕██████            ▏ 3.3 GB/9.0 GB   24 MB/s   3m55s[K[?25h[?2026l[?2026h[?25l[A[1Gpulling manifest [K
pulling 2049f5674b1e:  36% ▕██████            ▏ 3.3 GB/9.0 GB   24 MB/s   3m54s[K[?25h[?2026l[?2026h[?25l[A[1Gpulling manifest [K
pulling 2049f5674b1e:  36% ▕██████            ▏ 3.3 GB/9.0 GB   24 MB/s   3m54s[K[?25h[?2026l[?2026h[?25l[A[1Gpulling manifest [K
pulling 2049f5674b1e:  36% ▕██████            ▏ 3.3 GB/9.0 GB   24 MB/s   3m54s[K[?25h[?2026l[?2026h[?25l[A[1Gpulling manifest [K
pulling 2049f5674b1e:  36% ▕██████            ▏ 3.3 GB/9.0 GB   24 MB/s   3m54s[K[?25h[?2026l[?2026h[?25l[A[1Gpulling manifest [K
pulling 2049f5674b1e:  36% ▕██████            ▏ 3.3 GB/9.0 GB   24 MB/s   3m54s[K[?25h[?2026l[?2026h[?25l[A[1Gpulling manifest [K
pulling 2049f5674b1e:  36% ▕██████            ▏ 3.3 GB/9.0 GB   24 MB/s   3m54s[K[?25h[?2026l[?2026h[?25l[A[1Gpulling manifest [K
pulling 2049f5674b1e:  36% ▕██████            ▏ 3.3 GB/9.0 GB   24 MB/s   3m54s[K[?25h[?2026l[?2026h[?25l[A[1Gpulling manifest [K
pulling 2049f5674b1e:  36% ▕██████            ▏ 3.3 GB/9.0 GB   24 MB/s   3m54s[K[?25h[?2026l[?2026h[?25l[A[1Gpulling manifest [K
pulling 2049f5674b1e:  37% ▕██████            ▏ 3.3 GB/9.0 GB   24 MB/s   3m54s[K[?25h[?2026l[?2026h[?25l[A[1Gpulling manifest [K
pulling 2049f5674b1e:  37% ▕██████            ▏ 3.3 GB/9.0 GB   24 MB/s   3m54s[K[?25h[?2026l[?2026h[?25l[A[1Gpulling manifest [K
pulling 2049f5674b1e:  37% ▕██████            ▏ 3.3 GB/9.0 GB   24 MB/s   3m54s[K[?25h[?2026l[?2026h[?25l[A[1Gpulling manifest [K
pulling 2049f5674b1e:  37% ▕██████            ▏ 3.3 GB/9.0 GB   24 MB/s   3m54s[K[?25h[?2026l[?2026h[?25l[A[1Gpulling manifest [K
pulling 2049f5674b1e:  37% ▕██████            ▏ 3.3 GB/9.0 GB   24 MB/s   3m54s[K[?25h[?2026l[?2026h[?25l[A[1Gpulling manifest [K
pulling 2049f5674b1e:  37% ▕██████            ▏ 3.3 GB/9.0 GB   24 MB/s   3m54s[K[?25h[?2026l[?2026h[?25l[A[1Gpulling manifest [K
pulling 2049f5674b1e:  37% ▕██████            ▏ 3.3 GB/9.0 GB   24 MB/s   3m54s[K[?25h[?2026l[?2026h[?25l[A[1Gpulling manifest [K
pulling 2049f5674b1e:  37% ▕██████            ▏ 3.3 GB/9.0 GB   24 MB/s   3m54s[K[?25h[?2026l[?2026h[?25l[A[1Gpulling manifest [K
pulling 2049f5674b1e:  37% ▕██████            ▏ 3.3 GB/9.0 GB   24 MB/s   3m54s[K[?25h[?2026l[?2026h[?25l[A[1Gpulling manifest [K
pulling 2049f5674b1e:  37% ▕██████            ▏ 3.3 GB/9.0 GB   24 MB/s   3m54s[K[?25h[?2026l[?2026h[?25l[A[1Gpulling manifest [K
pulling 2049f5674b1e:  37% ▕██████            ▏ 3.3 GB/9.0 GB   21 MB/s   4m21s[K[?25h[?2026l[?2026h[?25l[A[1Gpulling manifest [K
pulling 2049f5674b1e:  37% ▕██████            ▏ 3.3 GB/9.0 GB   21 MB/s   4m21s[K[?25h[?2026l[?2026h[?25l[A[1Gpulling manifest [K
pulling 2049f5674b1e:  37% ▕██████            ▏ 3.3 GB/9.0 GB   21 MB/s   4m21s[K[?25h[?2026l[?2026h[?25l[A[1Gpulling manifest [K
pulling 2049f5674b1e:  37% ▕██████            ▏ 3.3 GB/9.0 GB   21 MB/s   4m21s[K[?25h[?2026l[?2026h[?25l[A[1Gpulling manifest [K
pulling 2049f5674b1e:  37% ▕██████            ▏ 3.3 GB/9.0 GB   21 MB/s   4m21s[K[?25h[?2026l[?2026h[?25l[A[1Gpulling manifest [K
pulling 2049f5674b1e:  37% ▕██████            ▏ 3.3 GB/9.0 GB   21 MB/s   4m21s[K[?25h[?2026l[?2026h[?25l[A[1Gpulling manifest [K
pulling 2049f5674b1e:  37% ▕██████            ▏ 3.3 GB/9.0 GB   21 MB/s   4m21s[K[?25h[?2026l[?2026h[?25l[A[1Gpulling manifest [K
pulling 2049f5674b1e:  37% ▕██████            ▏ 3.3 GB/9.0 GB   21 MB/s   4m21s[K[?25h[?2026l[?2026h[?25l[A[1Gpulling manifest [K
pulling 2049f5674b1e:  37% ▕██████            ▏ 3.3 GB/9.0 GB   21 MB/s   4m21s[K[?25h[?2026l[?2026h[?25l[A[1Gpulling manifest [K
pulling 2049f5674b1e:  37% ▕██████            ▏ 3.3 GB/9.0 GB   21 MB/s   4m21s[K[?25h[?2026l[?2026h[?25l[A[1Gpulling manifest [K
pulling 2049f5674b1e:  37% ▕██████            ▏ 3.3 GB/9.0 GB   21 MB/s   4m21s[K[?25h[?2026l[?2026h[?25l[A[1Gpulling manifest [K
pulling 2049f5674b1e:  37% ▕██████            ▏ 3.3 GB/9.0 GB   22 MB/s   4m14s[K[?25h[?2026l[?2026h[?25l[A[1Gpulling manifest [K
pulling 2049f5674b1e:  37% ▕██████            ▏ 3.3 GB/9.0 GB   22 MB/s   4m14s[K[?25h[?2026l[?2026h[?25l[A[1Gpulling manifest [K
pulling 2049f5674b1e:  37% ▕██████            ▏ 3.3 GB/9.0 GB   22 MB/s   4m14s[K[?25h[?2026l[?2026h[?25l[A[1Gpulling manifest [K
pulling 2049f5674b1e:  37% ▕██████            ▏ 3.3 GB/9.0 GB   22 MB/s   4m14s[K[?25h[?2026l[?2026h[?25l[A[1Gpulling manifest [K
pulling 2049f5674b1e:  37% ▕██████            ▏ 3.3 GB/9.0 GB   22 MB/s   4m14s[K[?25h[?2026l[?2026h[?25l[A[1Gpulling manifest [K
pulling 2049f5674b1e:  37% ▕██████            ▏ 3.3 GB/9.0 GB   22 MB/s   4m14s[K[?25h[?2026l[?2026h[?25l[A[1Gpulling manifest [K
pulling 2049f5674b1e:  37% ▕██████            ▏ 3.3 GB/9.0 GB   22 MB/s   4m14s[K[?25h[?2026l[?2026h[?25l[A[1Gpulling manifest [K
pulling 2049f5674b1e:  37% ▕██████            ▏ 3.3 GB/9.0 GB   22 MB/s   4m13s[K[?25h[?2026l[?2026h[?25l[A[1Gpulling manifest [K
pulling 2049f5674b1e:  37% ▕██████            ▏ 3.3 GB/9.0 GB   22 MB/s   4m13s[K[?25h[?2026l[?2026h[?25l[A[1Gpulling manifest [K
pulling 2049f5674b1e:  37% ▕██████            ▏ 3.3 GB/9.0 GB   22 MB/s   4m13s[K[?25h[?2026l[?2026h[?25l[A[1Gpulling manifest [K
pulling 2049f5674b1e:  37% ▕██████            ▏ 3.3 GB/9.0 GB   23 MB/s    4m3s[K[?25h[?2026l[?2026h[?25l[A[1Gpulling manifest [K
pulling 2049f5674b1e:  37% ▕██████            ▏ 3.3 GB/9.0 GB   23 MB/s    4m3s[K[?25h[?2026l[?2026h[?25l[A[1Gpulling manifest [K
pulling 2049f5674b1e:  37% ▕██████            ▏ 3.3 GB/9.0 GB   23 MB/s    4m3s[K[?25h[?2026l[?2026h[?25l[A[1Gpulling manifest [K
pulling 2049f5674b1e:  37% ▕██████            ▏ 3.3 GB/9.0 GB   23 MB/s    4m3s[K[?25h[?2026l[?2026h[?25l[A[1Gpulling manifest [K
pulling 2049f5674b1e:  37% ▕██████            ▏ 3.3 GB/9.0 GB   23 MB/s    4m3s[K[?25h[?2026l[?2026h[?25l[A[1Gpulling manifest [K
pulling 2049f5674b1e:  37% ▕██████            ▏ 3.4 GB/9.0 GB   23 MB/s    4m2s[K[?25h[?2026l[?2026h[?25l[A[1Gpulling manifest [K
pulling 2049f5674b1e:  37% ▕██████            ▏ 3.4 GB/9.0 GB   23 MB/s    4m2s[K[?25h[?2026l[?2026h[?25l[A[1Gpulling manifest [K
pulling 2049f5674b1e:  37% ▕██████            ▏ 3.4 GB/9.0 GB   23 MB/s    4m2s[K[?25h[?2026l[?2026h[?25l[A[1Gpulling manifest [K
pulling 2049f5674b1e:  37% ▕██████            ▏ 3.4 GB/9.0 GB   23 MB/s    4m2s[K[?25h[?2026l[?2026h[?25l[A[1Gpulling manifest [K
pulling 2049f5674b1e:  37% ▕██████            ▏ 3.4 GB/9.0 GB   23 MB/s    4m2s[K[?25h[?2026l[?2026h[?25l[A[1Gpulling manifest [K
pulling 2049f5674b1e:  37% ▕██████            ▏ 3.4 GB/9.0 GB   23 MB/s   3m56s[K[?25h[?2026l[?2026h[?25l[A[1Gpulling manifest [K
pulling 2049f5674b1e:  38% ▕██████            ▏ 3.4 GB/9.0 GB   23 MB/s   3m56s[K[?25h[?2026l[?2026h[?25l[A[1Gpulling manifest [K
pulling 2049f5674b1e:  38% ▕██████            ▏ 3.4 GB/9.0 GB   23 MB/s   3m56s[K[?25h[?2026l[?2026h[?25l[A[1Gpulling manifest [K
pulling 2049f5674b1e:  38% ▕██████            ▏ 3.4 GB/9.0 GB   23 MB/s   3m56s[K[?25h[?2026l[?2026h[?25l[A[1Gpulling manifest [K
pulling 2049f5674b1e:  38% ▕██████            ▏ 3.4 GB/9.0 GB   23 MB/s   3m55s[K[?25h[?2026l[?2026h[?25l[A[1Gpulling manifest [K
pulling 2049f5674b1e:  38% ▕██████            ▏ 3.4 GB/9.0 GB   23 MB/s   3m55s[K[?25h[?2026l[?2026h[?25l[A[1Gpulling manifest [K
pulling 2049f5674b1e:  38% ▕██████            ▏ 3.4 GB/9.0 GB   23 MB/s   3m55s[K[?25h[?2026l[?2026h[?25l[A[1Gpulling manifest [K
pulling 2049f5674b1e:  38% ▕██████            ▏ 3.4 GB/9.0 GB   23 MB/s   3m55s[K[?25h[?2026l[?2026h[?25l[A[1Gpulling manifest [K
pulling 2049f5674b1e:  38% ▕██████            ▏ 3.4 GB/9.0 GB   23 MB/s   3m55s[K[?25h[?2026l[?2026h[?25l[A[1Gpulling manifest [K
pulling 2049f5674b1e:  38% ▕██████            ▏ 3.4 GB/9.0 GB   23 MB/s   3m55s[K[?25h[?2026l[?2026h[?25l[A[1Gpulling manifest [K
pulling 2049f5674b1e:  38% ▕██████            ▏ 3.4 GB/9.0 GB   24 MB/s   3m45s[K[?25h[?2026l[?2026h[?25l[A[1Gpulling manifest [K
pulling 2049f5674b1e:  38% ▕██████            ▏ 3.4 GB/9.0 GB   24 MB/s   3m45s[K[?25h[?2026l[?2026h[?25l[A[1Gpulling manifest [K
pulling 2049f5674b1e:  38% ▕██████            ▏ 3.4 GB/9.0 GB   24 MB/s   3m45s[K[?25h[?2026l[?2026h[?25l[A[1Gpulling manifest [K
pulling 2049f5674b1e:  38% ▕██████            ▏ 3.4 GB/9.0 GB   24 MB/s   3m45s[K[?25h[?2026l[?2026h[?25l[A[1Gpulling manifest [K
pulling 2049f5674b1e:  38% ▕██████            ▏ 3.4 GB/9.0 GB   24 MB/s   3m45s[K[?25h[?2026l[?2026h[?25l[A[1Gpulling manifest [K
pulling 2049f5674b1e:  38% ▕██████            ▏ 3.4 GB/9.0 GB   24 MB/s   3m45s[K[?25h[?2026l[?2026h[?25l[A[1Gpulling manifest [K
pulling 2049f5674b1e:  38% ▕██████            ▏ 3.4 GB/9.0 GB   24 MB/s   3m44s[K[?25h[?2026l[?2026h[?25l[A[1Gpulling manifest [K
pulling 2049f5674b1e:  38% ▕██████            ▏ 3.4 GB/9.0 GB   24 MB/s   3m44s[K[?25h[?2026l[?2026h[?25l[A[1Gpulling manifest [K
pulling 2049f5674b1e:  38% ▕██████            ▏ 3.4 GB/9.0 GB   24 MB/s   3m44s[K[?25h[?2026l[?2026h[?25l[A[1Gpulling manifest [K
pulling 2049f5674b1e:  38% ▕██████            ▏ 3.4 GB/9.0 GB   24 MB/s   3m44s[K[?25h[?2026l[?2026h[?25l[A[1Gpulling manifest [K
pulling 2049f5674b1e:  38% ▕██████            ▏ 3.4 GB/9.0 GB   23 MB/s   3m55s[K[?25h[?2026l[?2026h[?25l[A[1Gpulling manifest [K
pulling 2049f5674b1e:  38% ▕██████            ▏ 3.4 GB/9.0 GB   23 MB/s   3m55s[K[?25h[?2026l[?2026h[?25l[A[1Gpulling manifest [K
pulling 2049f5674b1e:  38% ▕██████            ▏ 3.4 GB/9.0 GB   23 MB/s   3m54s[K[?25h[?2026l[?2026h[?25l[A[1Gpulling manifest [K
pulling 2049f5674b1e:  38% ▕██████            ▏ 3.4 GB/9.0 GB   23 MB/s   3m54s[K[?25h[?2026l[?2026h[?25l[A[1Gpulling manifest [K
pulling 2049f5674b1e:  38% ▕██████            ▏ 3.4 GB/9.0 GB   23 MB/s   3m54s[K[?25h[?2026l[?2026h[?25l[A[1Gpulling manifest [K
pulling 2049f5674b1e:  38% ▕██████            ▏ 3.4 GB/9.0 GB   23 MB/s   3m54s[K[?25h[?2026l[?2026h[?25l[A[1Gpulling manifest [K
pulling 2049f5674b1e:  38% ▕██████            ▏ 3.4 GB/9.0 GB   23 MB/s   3m54s[K[?25h[?2026l[?2026h[?25l[A[1Gpulling manifest [K
pulling 2049f5674b1e:  38% ▕██████            ▏ 3.4 GB/9.0 GB   23 MB/s   3m54s[K[?25h[?2026l[?2026h[?25l[A[1Gpulling manifest [K
pulling 2049f5674b1e:  38% ▕██████            ▏ 3.4 GB/9.0 GB   23 MB/s   3m54s[K[?25h[?2026l[?2026h[?25l[A[1Gpulling manifest [K
pulling 2049f5674b1e:  38% ▕██████            ▏ 3.4 GB/9.0 GB   23 MB/s   3m54s[K[?25h[?2026l[?2026h[?25l[A[1Gpulling manifest [K
pulling 2049f5674b1e:  38% ▕██████            ▏ 3.4 GB/9.0 GB   23 MB/s   3m54s[K[?25h[?2026l[?2026h[?25l[A[1Gpulling manifest [K
pulling 2049f5674b1e:  38% ▕██████            ▏ 3.4 GB/9.0 GB   24 MB/s   3m50s[K[?25h[?2026l[?2026h[?25l[A[1Gpulling manifest [K
pulling 2049f5674b1e:  38% ▕██████            ▏ 3.4 GB/9.0 GB   24 MB/s   3m50s[K[?25h[?2026l[?2026h[?25l[A[1Gpulling manifest [K
pulling 2049f5674b1e:  38% ▕██████            ▏ 3.4 GB/9.0 GB   24 MB/s   3m50s[K[?25h[?2026l[?2026h[?25l[A[1Gpulling manifest [K
pulling 2049f5674b1e:  38% ▕██████            ▏ 3.4 GB/9.0 GB   24 MB/s   3m50s[K[?25h[?2026l[?2026h[?25l[A[1Gpulling manifest [K
pulling 2049f5674b1e:  38% ▕██████            ▏ 3.5 GB/9.0 GB   24 MB/s   3m50s[K[?25h[?2026l[?2026h[?25l[A[1Gpulling manifest [K
pulling 2049f5674b1e:  38% ▕██████            ▏ 3.5 GB/9.0 GB   24 MB/s   3m50s[K[?25h[?2026l[?2026h[?25l[A[1Gpulling manifest [K
pulling 2049f5674b1e:  38% ▕██████            ▏ 3.5 GB/9.0 GB   24 MB/s   3m50s[K[?25h[?2026l[?2026h[?25l[A[1Gpulling manifest [K
pulling 2049f5674b1e:  38% ▕██████            ▏ 3.5 GB/9.0 GB   24 MB/s   3m50s[K[?25h[?2026l[?2026h[?25l[A[1Gpulling manifest [K
pulling 2049f5674b1e:  38% ▕██████            ▏ 3.5 GB/9.0 GB   24 MB/s   3m50s[K[?25h[?2026l[?2026h[?25l[A[1Gpulling manifest [K
pulling 2049f5674b1e:  38% ▕██████            ▏ 3.5 GB/9.0 GB   24 MB/s   3m50s[K[?25h[?2026l[?2026h[?25l[A[1Gpulling manifest [K
pulling 2049f5674b1e:  38% ▕██████            ▏ 3.5 GB/9.0 GB   22 MB/s   4m10s[K[?25h[?2026l[?2026h[?25l[A[1Gpulling manifest [K
pulling 2049f5674b1e:  38% ▕██████            ▏ 3.5 GB/9.0 GB   22 MB/s   4m10s[K[?25h[?2026l[?2026h[?25l[A[1Gpulling manifest [K
pulling 2049f5674b1e:  39% ▕██████            ▏ 3.5 GB/9.0 GB   22 MB/s   4m10s[K[?25h[?2026l[?2026h[?25l[A[1Gpulling manifest [K
pulling 2049f5674b1e:  39% ▕██████            ▏ 3.5 GB/9.0 GB   22 MB/s   4m10s[K[?25h[?2026l[?2026h[?25l[A[1Gpulling manifest [K
pulling 2049f5674b1e:  39% ▕██████            ▏ 3.5 GB/9.0 GB   22 MB/s   4m10s[K[?25h[?2026l[?2026h[?25l[A[1Gpulling manifest [K
pulling 2049f5674b1e:  39% ▕██████            ▏ 3.5 GB/9.0 GB   22 MB/s    4m9s[K[?25h[?2026l[?2026h[?25l[A[1Gpulling manifest [K
pulling 2049f5674b1e:  39% ▕██████            ▏ 3.5 GB/9.0 GB   22 MB/s    4m9s[K[?25h[?2026l[?2026h[?25l[A[1Gpulling manifest [K
pulling 2049f5674b1e:  39% ▕██████            ▏ 3.5 GB/9.0 GB   22 MB/s    4m9s[K[?25h[?2026l[?2026h[?25l[A[1Gpulling manifest [K
pulling 2049f5674b1e:  39% ▕██████            ▏ 3.5 GB/9.0 GB   22 MB/s    4m9s[K[?25h[?2026l[?2026h[?25l[A[1Gpulling manifest [K
pulling 2049f5674b1e:  39% ▕██████            ▏ 3.5 GB/9.0 GB   22 MB/s    4m9s[K[?25h[?2026l[?2026h[?25l[A[1Gpulling manifest [K
pulling 2049f5674b1e:  39% ▕██████            ▏ 3.5 GB/9.0 GB   23 MB/s   3m55s[K[?25h[?2026l[?2026h[?25l[A[1Gpulling manifest [K
pulling 2049f5674b1e:  39% ▕███████           ▏ 3.5 GB/9.0 GB   23 MB/s   3m55s[K[?25h[?2026l[?2026h[?25l[A[1Gpulling manifest [K
pulling 2049f5674b1e:  39% ▕███████           ▏ 3.5 GB/9.0 GB   23 MB/s   3m55s[K[?25h[?2026l[?2026h[?25l[A[1Gpulling manifest [K
pulling 2049f5674b1e:  39% ▕███████           ▏ 3.5 GB/9.0 GB   23 MB/s   3m55s[K[?25h[?2026l[?2026h[?25l[A[1Gpulling manifest [K
pulling 2049f5674b1e:  39% ▕███████           ▏ 3.5 GB/9.0 GB   23 MB/s   3m55s[K[?25h[?2026l[?2026h[?25l[A[1Gpulling manifest [K
pulling 2049f5674b1e:  39% ▕███████           ▏ 3.5 GB/9.0 GB   23 MB/s   3m55s[K[?25h[?2026l[?2026h[?25l[A[1Gpulling manifest [K
pulling 2049f5674b1e:  39% ▕███████           ▏ 3.5 GB/9.0 GB   23 MB/s   3m55s[K[?25h[?2026l[?2026h[?25l[A[1Gpulling manifest [K
pulling 2049f5674b1e:  39% ▕███████           ▏ 3.5 GB/9.0 GB   23 MB/s   3m55s[K[?25h[?2026l[?2026h[?25l[A[1Gpulling manifest [K
pulling 2049f5674b1e:  39% ▕███████           ▏ 3.5 GB/9.0 GB   23 MB/s   3m55s[K[?25h[?2026l[?2026h[?25l[A[1Gpulling manifest [K
pulling 2049f5674b1e:  39% ▕███████           ▏ 3.5 GB/9.0 GB   23 MB/s   3m54s[K[?25h[?2026l[?2026h[?25l[A[1Gpulling manifest [K
pulling 2049f5674b1e:  39% ▕███████           ▏ 3.5 GB/9.0 GB   25 MB/s   3m34s[K[?25h[?2026l[?2026h[?25l[A[1Gpulling manifest [K
pulling 2049f5674b1e:  39% ▕███████           ▏ 3.5 GB/9.0 GB   25 MB/s   3m34s[K[?25h[?2026l[?2026h[?25l[A[1Gpulling manifest [K
pulling 2049f5674b1e:  39% ▕███████           ▏ 3.5 GB/9.0 GB   25 MB/s   3m34s[K[?25h[?2026l[?2026h[?25l[A[1Gpulling manifest [K
pulling 2049f5674b1e:  39% ▕███████           ▏ 3.5 GB/9.0 GB   25 MB/s   3m34s[K[?25h[?2026l[?2026h[?25l[A[1Gpulling manifest [K
pulling 2049f5674b1e:  39% ▕███████           ▏ 3.5 GB/9.0 GB   25 MB/s   3m34s[K[?25h[?2026l[?2026h[?25l[A[1Gpulling manifest [K
pulling 2049f5674b1e:  39% ▕███████           ▏ 3.5 GB/9.0 GB   25 MB/s   3m34s[K[?25h[?2026l[?2026h[?25l[A[1Gpulling manifest [K
pulling 2049f5674b1e:  39% ▕███████           ▏ 3.5 GB/9.0 GB   25 MB/s   3m34s[K[?25h[?2026l[?2026h[?25l[A[1Gpulling manifest [K
pulling 2049f5674b1e:  39% ▕███████           ▏ 3.5 GB/9.0 GB   25 MB/s   3m34s[K[?25h[?2026l[?2026h[?25l[A[1Gpulling manifest [K
pulling 2049f5674b1e:  39% ▕███████           ▏ 3.5 GB/9.0 GB   25 MB/s   3m34s[K[?25h[?2026l[?2026h[?25l[A[1Gpulling manifest [K
pulling 2049f5674b1e:  39% ▕███████           ▏ 3.5 GB/9.0 GB   25 MB/s   3m34s[K[?25h[?2026l[?2026h[?25l[A[1Gpulling manifest [K
pulling 2049f5674b1e:  39% ▕███████           ▏ 3.5 GB/9.0 GB   24 MB/s   3m45s[K[?25h[?2026l[?2026h[?25l[A[1Gpulling manifest [K
pulling 2049f5674b1e:  39% ▕███████           ▏ 3.5 GB/9.0 GB   24 MB/s   3m45s[K[?25h[?2026l[?2026h[?25l[A[1Gpulling manifest [K
pulling 2049f5674b1e:  39% ▕███████           ▏ 3.5 GB/9.0 GB   24 MB/s   3m45s[K[?25h[?2026l[?2026h[?25l[A[1Gpulling manifest [K
pulling 2049f5674b1e:  39% ▕███████           ▏ 3.5 GB/9.0 GB   24 MB/s   3m45s[K[?25h[?2026l[?2026h[?25l[A[1Gpulling manifest [K
pulling 2049f5674b1e:  39% ▕███████           ▏ 3.5 GB/9.0 GB   24 MB/s   3m45s[K[?25h[?2026l[?2026h[?25l[A[1Gpulling manifest [K
pulling 2049f5674b1e:  39% ▕███████           ▏ 3.5 GB/9.0 GB   24 MB/s   3m45s[K[?25h[?2026l[?2026h[?25l[A[1Gpulling manifest [K
pulling 2049f5674b1e:  39% ▕███████           ▏ 3.5 GB/9.0 GB   24 MB/s   3m45s[K[?25h[?2026l[?2026h[?25l[A[1Gpulling manifest [K
pulling 2049f5674b1e:  39% ▕███████           ▏ 3.5 GB/9.0 GB   24 MB/s   3m44s[K[?25h[?2026l[?2026h[?25l[A[1Gpulling manifest [K
pulling 2049f5674b1e:  39% ▕███████           ▏ 3.5 GB/9.0 GB   24 MB/s   3m44s[K[?25h[?2026l[?2026h[?25l[A[1Gpulling manifest [K
pulling 2049f5674b1e:  39% ▕███████           ▏ 3.5 GB/9.0 GB   24 MB/s   3m44s[K[?25h[?2026l[?2026h[?25l[A[1Gpulling manifest [K
pulling 2049f5674b1e:  39% ▕███████           ▏ 3.5 GB/9.0 GB   24 MB/s   3m44s[K[?25h[?2026l[?2026h[?25l[A[1Gpulling manifest [K
pulling 2049f5674b1e:  39% ▕███████           ▏ 3.5 GB/9.0 GB   23 MB/s   3m55s[K[?25h[?2026l[?2026h[?25l[A[1Gpulling manifest [K
pulling 2049f5674b1e:  40% ▕███████           ▏ 3.6 GB/9.0 GB   23 MB/s   3m55s[K[?25h[?2026l[?2026h[?25l[A[1Gpulling manifest [K
pulling 2049f5674b1e:  40% ▕███████           ▏ 3.6 GB/9.0 GB   23 MB/s   3m55s[K[?25h[?2026l[?2026h[?25l[A[1Gpulling manifest [K
pulling 2049f5674b1e:  40% ▕███████           ▏ 3.6 GB/9.0 GB   23 MB/s   3m55s[K[?25h[?2026l[?2026h[?25l[A[1Gpulling manifest [K
pulling 2049f5674b1e:  40% ▕███████           ▏ 3.6 GB/9.0 GB   23 MB/s   3m55s[K[?25h[?2026l[?2026h[?25l[A[1Gpulling manifest [K
pulling 2049f5674b1e:  40% ▕███████           ▏ 3.6 GB/9.0 GB   23 MB/s   3m55s[K[?25h[?2026l[?2026h[?25l[A[1Gpulling manifest [K
pulling 2049f5674b1e:  40% ▕███████           ▏ 3.6 GB/9.0 GB   23 MB/s   3m54s[K[?25h[?2026l[?2026h[?25l[A[1Gpulling manifest [K
pulling 2049f5674b1e:  40% ▕███████           ▏ 3.6 GB/9.0 GB   23 MB/s   3m54s[K[?25h[?2026l[?2026h[?25l[A[1Gpulling manifest [K
pulling 2049f5674b1e:  40% ▕███████           ▏ 3.6 GB/9.0 GB   23 MB/s   3m54s[K[?25h[?2026l[?2026h[?25l[A[1Gpulling manifest [K
pulling 2049f5674b1e:  40% ▕███████           ▏ 3.6 GB/9.0 GB   23 MB/s   3m54s[K[?25h[?2026l[?2026h[?25l[A[1Gpulling manifest [K
pulling 2049f5674b1e:  40% ▕███████           ▏ 3.6 GB/9.0 GB   22 MB/s   3m59s[K[?25h[?2026l[?2026h[?25l[A[1Gpulling manifest [K
pulling 2049f5674b1e:  40% ▕███████           ▏ 3.6 GB/9.0 GB   22 MB/s   3m59s[K[?25h[?2026l[?2026h[?25l[A[1Gpulling manifest [K
pulling 2049f5674b1e:  40% ▕███████           ▏ 3.6 GB/9.0 GB   22 MB/s   3m59s[K[?25h[?2026l[?2026h[?25l[A[1Gpulling manifest [K
pulling 2049f5674b1e:  40% ▕███████           ▏ 3.6 GB/9.0 GB   22 MB/s   3m59s[K[?25h[?2026l[?2026h[?25l[A[1Gpulling manifest [K
pulling 2049f5674b1e:  40% ▕███████           ▏ 3.6 GB/9.0 GB   22 MB/s   3m59s[K[?25h[?2026l[?2026h[?25l[A[1Gpulling manifest [K
pulling 2049f5674b1e:  40% ▕███████           ▏ 3.6 GB/9.0 GB   22 MB/s   3m58s[K[?25h[?2026l[?2026h[?25l[A[1Gpulling manifest [K
pulling 2049f5674b1e:  40% ▕███████           ▏ 3.6 GB/9.0 GB   22 MB/s   3m58s[K[?25h[?2026l[?2026h[?25l[A[1Gpulling manifest [K
pulling 2049f5674b1e:  40% ▕███████           ▏ 3.6 GB/9.0 GB   22 MB/s   3m58s[K[?25h[?2026l[?2026h[?25l[A[1Gpulling manifest [K
pulling 2049f5674b1e:  40% ▕███████           ▏ 3.6 GB/9.0 GB   22 MB/s   3m58s[K[?25h[?2026l[?2026h[?25l[A[1Gpulling manifest [K
pulling 2049f5674b1e:  40% ▕███████           ▏ 3.6 GB/9.0 GB   22 MB/s   3m58s[K[?25h[?2026l[?2026h[?25l[A[1Gpulling manifest [K
pulling 2049f5674b1e:  40% ▕███████           ▏ 3.6 GB/9.0 GB   22 MB/s    4m2s[K[?25h[?2026l[?2026h[?25l[A[1Gpulling manifest [K
pulling 2049f5674b1e:  40% ▕███████           ▏ 3.6 GB/9.0 GB   22 MB/s    4m2s[K[?25h[?2026l[?2026h[?25l[A[1Gpulling manifest [K
pulling 2049f5674b1e:  40% ▕███████           ▏ 3.6 GB/9.0 GB   22 MB/s    4m2s[K[?25h[?2026l[?2026h[?25l[A[1Gpulling manifest [K
pulling 2049f5674b1e:  40% ▕███████           ▏ 3.6 GB/9.0 GB   22 MB/s    4m2s[K[?25h[?2026l[?2026h[?25l[A[1Gpulling manifest [K
pulling 2049f5674b1e:  40% ▕███████           ▏ 3.6 GB/9.0 GB   22 MB/s    4m2s[K[?25h[?2026l[?2026h[?25l[A[1Gpulling manifest [K
pulling 2049f5674b1e:  40% ▕███████           ▏ 3.6 GB/9.0 GB   22 MB/s    4m2s[K[?25h[?2026l[?2026h[?25l[A[1Gpulling manifest [K
pulling 2049f5674b1e:  40% ▕███████           ▏ 3.6 GB/9.0 GB   22 MB/s    4m2s[K[?25h[?2026l[?2026h[?25l[A[1Gpulling manifest [K
pulling 2049f5674b1e:  40% ▕███████           ▏ 3.6 GB/9.0 GB   22 MB/s    4m2s[K[?25h[?2026l[?2026h[?25l[A[1Gpulling manifest [K
pulling 2049f5674b1e:  40% ▕███████           ▏ 3.6 GB/9.0 GB   22 MB/s    4m1s[K[?25h[?2026l[?2026h[?25l[A[1Gpulling manifest [K
pulling 2049f5674b1e:  40% ▕███████           ▏ 3.6 GB/9.0 GB   22 MB/s    4m1s[K[?25h[?2026l[?2026h[?25l[A[1Gpulling manifest [K
pulling 2049f5674b1e:  40% ▕███████           ▏ 3.6 GB/9.0 GB   22 MB/s    4m1s[K[?25h[?2026l[?2026h[?25l[A[1Gpulling manifest [K
pulling 2049f5674b1e:  40% ▕███████           ▏ 3.6 GB/9.0 GB   22 MB/s    4m1s[K[?25h[?2026l[?2026h[?25l[A[1Gpulling manifest [K
pulling 2049f5674b1e:  40% ▕███████           ▏ 3.6 GB/9.0 GB   22 MB/s    4m1s[K[?25h[?2026l[?2026h[?25l[A[1Gpulling manifest [K
pulling 2049f5674b1e:  40% ▕███████           ▏ 3.6 GB/9.0 GB   22 MB/s    4m1s[K[?25h[?2026l[?2026h[?25l[A[1Gpulling manifest [K
pulling 2049f5674b1e:  40% ▕███████           ▏ 3.6 GB/9.0 GB   22 MB/s    4m1s[K[?25h[?2026l[?2026h[?25l[A[1Gpulling manifest [K
pulling 2049f5674b1e:  40% ▕███████           ▏ 3.6 GB/9.0 GB   22 MB/s    4m1s[K[?25h[?2026l[?2026h[?25l[A[1Gpulling manifest [K
pulling 2049f5674b1e:  40% ▕███████           ▏ 3.6 GB/9.0 GB   22 MB/s    4m1s[K[?25h[?2026l[?2026h[?25l[A[1Gpulling manifest [K
pulling 2049f5674b1e:  41% ▕███████           ▏ 3.6 GB/9.0 GB   22 MB/s    4m1s[K[?25h[?2026l[?2026h[?25l[A[1Gpulling manifest [K
pulling 2049f5674b1e:  41% ▕███████           ▏ 3.7 GB/9.0 GB   22 MB/s    4m0s[K[?25h[?2026l[?2026h[?25l[A[1Gpulling manifest [K
pulling 2049f5674b1e:  41% ▕███████           ▏ 3.7 GB/9.0 GB   22 MB/s    4m0s[K[?25h[?2026l[?2026h[?25l[A[1Gpulling manifest [K
pulling 2049f5674b1e:  41% ▕███████           ▏ 3.7 GB/9.0 GB   23 MB/s   3m45s[K[?25h[?2026l[?2026h[?25l[A[1Gpulling manifest [K
pulling 2049f5674b1e:  41% ▕███████           ▏ 3.7 GB/9.0 GB   23 MB/s   3m45s[K[?25h[?2026l[?2026h[?25l[A[1Gpulling manifest [K
pulling 2049f5674b1e:  41% ▕███████           ▏ 3.7 GB/9.0 GB   23 MB/s   3m45s[K[?25h[?2026l[?2026h[?25l[A[1Gpulling manifest [K
pulling 2049f5674b1e:  41% ▕███████           ▏ 3.7 GB/9.0 GB   23 MB/s   3m45s[K[?25h[?2026l[?2026h[?25l[A[1Gpulling manifest [K
pulling 2049f5674b1e:  41% ▕███████           ▏ 3.7 GB/9.0 GB   23 MB/s   3m45s[K[?25h[?2026l[?2026h[?25l[A[1Gpulling manifest [K
pulling 2049f5674b1e:  41% ▕███████           ▏ 3.7 GB/9.0 GB   23 MB/s   3m45s[K[?25h[?2026l[?2026h[?25l[A[1Gpulling manifest [K
pulling 2049f5674b1e:  41% ▕███████           ▏ 3.7 GB/9.0 GB   23 MB/s   3m45s[K[?25h[?2026l[?2026h[?25l[A[1Gpulling manifest [K
pulling 2049f5674b1e:  41% ▕███████           ▏ 3.7 GB/9.0 GB   23 MB/s   3m45s[K[?25h[?2026l[?2026h[?25l[A[1Gpulling manifest [K
pulling 2049f5674b1e:  41% ▕███████           ▏ 3.7 GB/9.0 GB   23 MB/s   3m45s[K[?25h[?2026l[?2026h[?25l[A[1Gpulling manifest [K
pulling 2049f5674b1e:  41% ▕███████           ▏ 3.7 GB/9.0 GB   23 MB/s   3m45s[K[?25h[?2026l[?2026h[?25l[A[1Gpulling manifest [K
pulling 2049f5674b1e:  41% ▕███████           ▏ 3.7 GB/9.0 GB   23 MB/s   3m45s[K[?25h[?2026l[?2026h[?25l[A[1Gpulling manifest [K
pulling 2049f5674b1e:  41% ▕███████           ▏ 3.7 GB/9.0 GB   23 MB/s   3m41s[K[?25h[?2026l[?2026h[?25l[A[1Gpulling manifest [K
pulling 2049f5674b1e:  41% ▕███████           ▏ 3.7 GB/9.0 GB   23 MB/s   3m41s[K[?25h[?2026l[?2026h[?25l[A[1Gpulling manifest [K
pulling 2049f5674b1e:  41% ▕███████           ▏ 3.7 GB/9.0 GB   23 MB/s   3m41s[K[?25h[?2026l[?2026h[?25l[A[1Gpulling manifest [K
pulling 2049f5674b1e:  41% ▕███████           ▏ 3.7 GB/9.0 GB   23 MB/s   3m41s[K[?25h[?2026l[?2026h[?25l[A[1Gpulling manifest [K
pulling 2049f5674b1e:  41% ▕███████           ▏ 3.7 GB/9.0 GB   23 MB/s   3m41s[K[?25h[?2026l[?2026h[?25l[A[1Gpulling manifest [K
pulling 2049f5674b1e:  41% ▕███████           ▏ 3.7 GB/9.0 GB   23 MB/s   3m41s[K[?25h[?2026l[?2026h[?25l[A[1Gpulling manifest [K
pulling 2049f5674b1e:  41% ▕███████           ▏ 3.7 GB/9.0 GB   23 MB/s   3m41s[K[?25h[?2026l[?2026h[?25l[A[1Gpulling manifest [K
pulling 2049f5674b1e:  41% ▕███████           ▏ 3.7 GB/9.0 GB   23 MB/s   3m41s[K[?25h[?2026l[?2026h[?25l[A[1Gpulling manifest [K
pulling 2049f5674b1e:  41% ▕███████           ▏ 3.7 GB/9.0 GB   23 MB/s   3m41s[K[?25h[?2026l[?2026h[?25l[A[1Gpulling manifest [K
pulling 2049f5674b1e:  41% ▕███████           ▏ 3.7 GB/9.0 GB   23 MB/s   3m41s[K[?25h[?2026l[?2026h[?25l[A[1Gpulling manifest [K
pulling 2049f5674b1e:  41% ▕███████           ▏ 3.7 GB/9.0 GB   21 MB/s    4m2s[K[?25h[?2026l[?2026h[?25l[A[1Gpulling manifest [K
pulling 2049f5674b1e:  41% ▕███████           ▏ 3.7 GB/9.0 GB   21 MB/s    4m2s[K[?25h[?2026l[?2026h[?25l[A[1Gpulling manifest [K
pulling 2049f5674b1e:  41% ▕███████           ▏ 3.7 GB/9.0 GB   21 MB/s    4m1s[K[?25h[?2026l[?2026h[?25l[A[1Gpulling manifest [K
pulling 2049f5674b1e:  41% ▕███████           ▏ 3.7 GB/9.0 GB   21 MB/s    4m1s[K[?25h[?2026l[?2026h[?25l[A[1Gpulling manifest [K
pulling 2049f5674b1e:  41% ▕███████           ▏ 3.7 GB/9.0 GB   21 MB/s    4m1s[K[?25h[?2026l[?2026h[?25l[A[1Gpulling manifest [K
pulling 2049f5674b1e:  41% ▕███████           ▏ 3.7 GB/9.0 GB   21 MB/s    4m1s[K[?25h[?2026l[?2026h[?25l[A[1Gpulling manifest [K
pulling 2049f5674b1e:  41% ▕███████           ▏ 3.7 GB/9.0 GB   21 MB/s    4m1s[K[?25h[?2026l[?2026h[?25l[A[1Gpulling manifest [K
pulling 2049f5674b1e:  41% ▕███████           ▏ 3.7 GB/9.0 GB   21 MB/s    4m1s[K[?25h[?2026l[?2026h[?25l[A[1Gpulling manifest [K
pulling 2049f5674b1e:  41% ▕███████           ▏ 3.7 GB/9.0 GB   21 MB/s    4m1s[K[?25h[?2026l[?2026h[?25l[A[1Gpulling manifest [K
pulling 2049f5674b1e:  41% ▕███████           ▏ 3.7 GB/9.0 GB   21 MB/s    4m1s[K[?25h[?2026l[?2026h[?25l[A[1Gpulling manifest [K
pulling 2049f5674b1e:  41% ▕███████           ▏ 3.7 GB/9.0 GB   21 MB/s    4m9s[K[?25h[?2026l[?2026h[?25l[A[1Gpulling manifest [K
pulling 2049f5674b1e:  41% ▕███████           ▏ 3.7 GB/9.0 GB   21 MB/s    4m9s[K[?25h[?2026l[?2026h[?25l[A[1Gpulling manifest [K
pulling 2049f5674b1e:  41% ▕███████           ▏ 3.7 GB/9.0 GB   21 MB/s    4m9s[K[?25h[?2026l[?2026h[?25l[A[1Gpulling manifest [K
pulling 2049f5674b1e:  41% ▕███████           ▏ 3.7 GB/9.0 GB   21 MB/s    4m9s[K[?25h[?2026l[?2026h[?25l[A[1Gpulling manifest [K
pulling 2049f5674b1e:  41% ▕███████           ▏ 3.7 GB/9.0 GB   21 MB/s    4m8s[K[?25h[?2026l[?2026h[?25l[A[1Gpulling manifest [K
pulling 2049f5674b1e:  41% ▕███████           ▏ 3.7 GB/9.0 GB   21 MB/s    4m8s[K[?25h[?2026l[?2026h[?25l[A[1Gpulling manifest [K
pulling 2049f5674b1e:  41% ▕███████           ▏ 3.7 GB/9.0 GB   21 MB/s    4m8s[K[?25h[?2026l[?2026h[?25l[A[1Gpulling manifest [K
pulling 2049f5674b1e:  42% ▕███████           ▏ 3.7 GB/9.0 GB   21 MB/s    4m8s[K[?25h[?2026l[?2026h[?25l[A[1Gpulling manifest [K
pulling 2049f5674b1e:  42% ▕███████           ▏ 3.7 GB/9.0 GB   21 MB/s    4m7s[K[?25h[?2026l[?2026h[?25l[A[1Gpulling manifest [K
pulling 2049f5674b1e:  42% ▕███████           ▏ 3.7 GB/9.0 GB   21 MB/s    4m7s[K[?25h[?2026l[?2026h[?25l[A[1Gpulling manifest [K
pulling 2049f5674b1e:  42% ▕███████           ▏ 3.7 GB/9.0 GB   23 MB/s   3m43s[K[?25h[?2026l[?2026h[?25l[A[1Gpulling manifest [K
pulling 2049f5674b1e:  42% ▕███████           ▏ 3.7 GB/9.0 GB   23 MB/s   3m42s[K[?25h[?2026l[?2026h[?25l[A[1Gpulling manifest [K
pulling 2049f5674b1e:  42% ▕███████           ▏ 3.7 GB/9.0 GB   23 MB/s   3m42s[K[?25h[?2026l[?2026h[?25l[A[1Gpulling manifest [K
pulling 2049f5674b1e:  42% ▕███████           ▏ 3.8 GB/9.0 GB   23 MB/s   3m42s[K[?25h[?2026l[?2026h[?25l[A[1Gpulling manifest [K
pulling 2049f5674b1e:  42% ▕███████           ▏ 3.8 GB/9.0 GB   23 MB/s   3m42s[K[?25h[?2026l[?2026h[?25l[A[1Gpulling manifest [K
pulling 2049f5674b1e:  42% ▕███████           ▏ 3.8 GB/9.0 GB   23 MB/s   3m42s[K[?25h[?2026l[?2026h[?25l[A[1Gpulling manifest [K
pulling 2049f5674b1e:  42% ▕███████           ▏ 3.8 GB/9.0 GB   23 MB/s   3m42s[K[?25h[?2026l[?2026h[?25l[A[1Gpulling manifest [K
pulling 2049f5674b1e:  42% ▕███████           ▏ 3.8 GB/9.0 GB   23 MB/s   3m42s[K[?25h[?2026l[?2026h[?25l[A[1Gpulling manifest [K
pulling 2049f5674b1e:  42% ▕███████           ▏ 3.8 GB/9.0 GB   23 MB/s   3m42s[K[?25h[?2026l[?2026h[?25l[A[1Gpulling manifest [K
pulling 2049f5674b1e:  42% ▕███████           ▏ 3.8 GB/9.0 GB   23 MB/s   3m41s[K[?25h[?2026l[?2026h[?25l[A[1Gpulling manifest [K
pulling 2049f5674b1e:  42% ▕███████           ▏ 3.8 GB/9.0 GB   25 MB/s   3m24s[K[?25h[?2026l[?2026h[?25l[A[1Gpulling manifest [K
pulling 2049f5674b1e:  42% ▕███████           ▏ 3.8 GB/9.0 GB   25 MB/s   3m24s[K[?25h[?2026l[?2026h[?25l[A[1Gpulling manifest [K
pulling 2049f5674b1e:  42% ▕███████           ▏ 3.8 GB/9.0 GB   25 MB/s   3m24s[K[?25h[?2026l[?2026h[?25l[A[1Gpulling manifest [K
pulling 2049f5674b1e:  42% ▕███████           ▏ 3.8 GB/9.0 GB   25 MB/s   3m24s[K[?25h[?2026l[?2026h[?25l[A[1Gpulling manifest [K
pulling 2049f5674b1e:  42% ▕███████           ▏ 3.8 GB/9.0 GB   25 MB/s   3m24s[K[?25h[?2026l[?2026h[?25l[A[1Gpulling manifest [K
pulling 2049f5674b1e:  42% ▕███████           ▏ 3.8 GB/9.0 GB   25 MB/s   3m24s[K[?25h[?2026l[?2026h[?25l[A[1Gpulling manifest [K
pulling 2049f5674b1e:  42% ▕███████           ▏ 3.8 GB/9.0 GB   25 MB/s   3m24s[K[?25h[?2026l[?2026h[?25l[A[1Gpulling manifest [K
pulling 2049f5674b1e:  42% ▕███████           ▏ 3.8 GB/9.0 GB   25 MB/s   3m24s[K[?25h[?2026l[?2026h[?25l[A[1Gpulling manifest [K
pulling 2049f5674b1e:  42% ▕███████           ▏ 3.8 GB/9.0 GB   25 MB/s   3m24s[K[?25h[?2026l[?2026h[?25l[A[1Gpulling manifest [K
pulling 2049f5674b1e:  42% ▕███████           ▏ 3.8 GB/9.0 GB   25 MB/s   3m24s[K[?25h[?2026l[?2026h[?25l[A[1Gpulling manifest [K
pulling 2049f5674b1e:  42% ▕███████           ▏ 3.8 GB/9.0 GB   25 MB/s   3m24s[K[?25h[?2026l[?2026h[?25l[A[1Gpulling manifest [K
pulling 2049f5674b1e:  42% ▕███████           ▏ 3.8 GB/9.0 GB   24 MB/s   3m34s[K[?25h[?2026l[?2026h[?25l[A[1Gpulling manifest [K
pulling 2049f5674b1e:  42% ▕███████           ▏ 3.8 GB/9.0 GB   24 MB/s   3m34s[K[?25h[?2026l[?2026h[?25l[A[1Gpulling manifest [K
pulling 2049f5674b1e:  42% ▕███████           ▏ 3.8 GB/9.0 GB   24 MB/s   3m34s[K[?25h[?2026l[?2026h[?25l[A[1Gpulling manifest [K
pulling 2049f5674b1e:  42% ▕███████           ▏ 3.8 GB/9.0 GB   24 MB/s   3m34s[K[?25h[?2026l[?2026h[?25l[A[1Gpulling manifest [K
pulling 2049f5674b1e:  42% ▕███████           ▏ 3.8 GB/9.0 GB   24 MB/s   3m34s[K[?25h[?2026l[?2026h[?25l[A[1Gpulling manifest [K
pulling 2049f5674b1e:  42% ▕███████           ▏ 3.8 GB/9.0 GB   24 MB/s   3m34s[K[?25h[?2026l[?2026h[?25l[A[1Gpulling manifest [K
pulling 2049f5674b1e:  42% ▕███████           ▏ 3.8 GB/9.0 GB   24 MB/s   3m34s[K[?25h[?2026l[?2026h[?25l[A[1Gpulling manifest [K
pulling 2049f5674b1e:  42% ▕███████           ▏ 3.8 GB/9.0 GB   24 MB/s   3m34s[K[?25h[?2026l[?2026h[?25l[A[1Gpulling manifest [K
pulling 2049f5674b1e:  42% ▕███████           ▏ 3.8 GB/9.0 GB   24 MB/s   3m34s[K[?25h[?2026l[?2026h[?25l[A[1Gpulling manifest [K
pulling 2049f5674b1e:  42% ▕███████           ▏ 3.8 GB/9.0 GB   24 MB/s   3m34s[K[?25h[?2026l[?2026h[?25l[A[1Gpulling manifest [K
pulling 2049f5674b1e:  42% ▕███████           ▏ 3.8 GB/9.0 GB   22 MB/s   3m50s[K[?25h[?2026l[?2026h[?25l[A[1Gpulling manifest [K
pulling 2049f5674b1e:  42% ▕███████           ▏ 3.8 GB/9.0 GB   22 MB/s   3m50s[K[?25h[?2026l[?2026h[?25l[A[1Gpulling manifest [K
pulling 2049f5674b1e:  42% ▕███████           ▏ 3.8 GB/9.0 GB   22 MB/s   3m50s[K[?25h[?2026l[?2026h[?25l[A[1Gpulling manifest [K
pulling 2049f5674b1e:  42% ▕███████           ▏ 3.8 GB/9.0 GB   22 MB/s   3m50s[K[?25h[?2026l[?2026h[?25l[A[1Gpulling manifest [K
pulling 2049f5674b1e:  42% ▕███████           ▏ 3.8 GB/9.0 GB   22 MB/s   3m50s[K[?25h[?2026l[?2026h[?25l[A[1Gpulling manifest [K
pulling 2049f5674b1e:  42% ▕███████           ▏ 3.8 GB/9.0 GB   22 MB/s   3m50s[K[?25h[?2026l[?2026h[?25l[A[1Gpulling manifest [K
pulling 2049f5674b1e:  42% ▕███████           ▏ 3.8 GB/9.0 GB   22 MB/s   3m50s[K[?25h[?2026l[?2026h[?25l[A[1Gpulling manifest [K
pulling 2049f5674b1e:  43% ▕███████           ▏ 3.8 GB/9.0 GB   22 MB/s   3m50s[K[?25h[?2026l[?2026h[?25l[A[1Gpulling manifest [K
pulling 2049f5674b1e:  43% ▕███████           ▏ 3.8 GB/9.0 GB   22 MB/s   3m49s[K[?25h[?2026l[?2026h[?25l[A[1Gpulling manifest [K
pulling 2049f5674b1e:  43% ▕███████           ▏ 3.8 GB/9.0 GB   22 MB/s   3m49s[K[?25h[?2026l[?2026h[?25l[A[1Gpulling manifest [K
pulling 2049f5674b1e:  43% ▕███████           ▏ 3.8 GB/9.0 GB   23 MB/s   3m41s[K[?25h[?2026l[?2026h[?25l[A[1Gpulling manifest [K
pulling 2049f5674b1e:  43% ▕███████           ▏ 3.8 GB/9.0 GB   23 MB/s   3m41s[K[?25h[?2026l[?2026h[?25l[A[1Gpulling manifest [K
pulling 2049f5674b1e:  43% ▕███████           ▏ 3.8 GB/9.0 GB   23 MB/s   3m40s[K[?25h[?2026l[?2026h[?25l[A[1Gpulling manifest [K
pulling 2049f5674b1e:  43% ▕███████           ▏ 3.9 GB/9.0 GB   23 MB/s   3m40s[K[?25h[?2026l[?2026h[?25l[A[1Gpulling manifest [K
pulling 2049f5674b1e:  43% ▕███████           ▏ 3.9 GB/9.0 GB   23 MB/s   3m40s[K[?25h[?2026l[?2026h[?25l[A[1Gpulling manifest [K
pulling 2049f5674b1e:  43% ▕███████           ▏ 3.9 GB/9.0 GB   23 MB/s   3m40s[K[?25h[?2026l[?2026h[?25l[A[1Gpulling manifest [K
pulling 2049f5674b1e:  43% ▕███████           ▏ 3.9 GB/9.0 GB   23 MB/s   3m40s[K[?25h[?2026l[?2026h[?25l[A[1Gpulling manifest [K
pulling 2049f5674b1e:  43% ▕███████           ▏ 3.9 GB/9.0 GB   23 MB/s   3m40s[K[?25h[?2026l[?2026h[?25l[A[1Gpulling manifest [K
pulling 2049f5674b1e:  43% ▕███████           ▏ 3.9 GB/9.0 GB   23 MB/s   3m40s[K[?25h[?2026l[?2026h[?25l[A[1Gpulling manifest [K
pulling 2049f5674b1e:  43% ▕███████           ▏ 3.9 GB/9.0 GB   23 MB/s   3m40s[K[?25h[?2026l[?2026h[?25l[A[1Gpulling manifest [K
pulling 2049f5674b1e:  43% ▕███████           ▏ 3.9 GB/9.0 GB   22 MB/s   3m42s[K[?25h[?2026l[?2026h[?25l[A[1Gpulling manifest [K
pulling 2049f5674b1e:  43% ▕███████           ▏ 3.9 GB/9.0 GB   22 MB/s   3m42s[K[?25h[?2026l[?2026h[?25l[A[1Gpulling manifest [K
pulling 2049f5674b1e:  43% ▕███████           ▏ 3.9 GB/9.0 GB   22 MB/s   3m42s[K[?25h[?2026l[?2026h[?25l[A[1Gpulling manifest [K
pulling 2049f5674b1e:  43% ▕███████           ▏ 3.9 GB/9.0 GB   22 MB/s   3m42s[K[?25h[?2026l[?2026h[?25l[A[1Gpulling manifest [K
pulling 2049f5674b1e:  43% ▕███████           ▏ 3.9 GB/9.0 GB   22 MB/s   3m42s[K[?25h[?2026l[?2026h[?25l[A[1Gpulling manifest [K
pulling 2049f5674b1e:  43% ▕███████           ▏ 3.9 GB/9.0 GB   22 MB/s   3m42s[K[?25h[?2026l[?2026h[?25l[A[1Gpulling manifest [K
pulling 2049f5674b1e:  43% ▕███████           ▏ 3.9 GB/9.0 GB   22 MB/s   3m42s[K[?25h[?2026l[?2026h[?25l[A[1Gpulling manifest [K
pulling 2049f5674b1e:  43% ▕███████           ▏ 3.9 GB/9.0 GB   22 MB/s   3m42s[K[?25h[?2026l[?2026h[?25l[A[1Gpulling manifest [K
pulling 2049f5674b1e:  43% ▕███████           ▏ 3.9 GB/9.0 GB   22 MB/s   3m42s[K[?25h[?2026l[?2026h[?25l[A[1Gpulling manifest [K
pulling 2049f5674b1e:  43% ▕███████           ▏ 3.9 GB/9.0 GB   22 MB/s   3m42s[K[?25h[?2026l[?2026h[?25l[A[1Gpulling manifest [K
pulling 2049f5674b1e:  43% ▕███████           ▏ 3.9 GB/9.0 GB   22 MB/s   3m43s[K[?25h[?2026l[?2026h[?25l[A[1Gpulling manifest [K
pulling 2049f5674b1e:  43% ▕███████           ▏ 3.9 GB/9.0 GB   22 MB/s   3m43s[K[?25h[?2026l[?2026h[?25l[A[1Gpulling manifest [K
pulling 2049f5674b1e:  43% ▕███████           ▏ 3.9 GB/9.0 GB   22 MB/s   3m43s[K[?25h[?2026l[?2026h[?25l[A[1Gpulling manifest [K
pulling 2049f5674b1e:  43% ▕███████           ▏ 3.9 GB/9.0 GB   22 MB/s   3m43s[K[?25h[?2026l[?2026h[?25l[A[1Gpulling manifest [K
pulling 2049f5674b1e:  43% ▕███████           ▏ 3.9 GB/9.0 GB   22 MB/s   3m43s[K[?25h[?2026l[?2026h[?25l[A[1Gpulling manifest [K
pulling 2049f5674b1e:  43% ▕███████           ▏ 3.9 GB/9.0 GB   22 MB/s   3m42s[K[?25h[?2026l[?2026h[?25l[A[1Gpulling manifest [K
pulling 2049f5674b1e:  43% ▕███████           ▏ 3.9 GB/9.0 GB   22 MB/s   3m42s[K[?25h[?2026l[?2026h[?25l[A[1Gpulling manifest [K
pulling 2049f5674b1e:  43% ▕███████           ▏ 3.9 GB/9.0 GB   22 MB/s   3m42s[K[?25h[?2026l[?2026h[?25l[A[1Gpulling manifest [K
pulling 2049f5674b1e:  43% ▕███████           ▏ 3.9 GB/9.0 GB   22 MB/s   3m42s[K[?25h[?2026l[?2026h[?25l[A[1Gpulling manifest [K
pulling 2049f5674b1e:  43% ▕███████           ▏ 3.9 GB/9.0 GB   22 MB/s   3m42s[K[?25h[?2026l[?2026h[?25l[A[1Gpulling manifest [K
pulling 2049f5674b1e:  43% ▕███████           ▏ 3.9 GB/9.0 GB   22 MB/s   3m42s[K[?25h[?2026l[?2026h[?25l[A[1Gpulling manifest [K
pulling 2049f5674b1e:  43% ▕███████           ▏ 3.9 GB/9.0 GB   24 MB/s   3m28s[K[?25h[?2026l[?2026h[?25l[A[1Gpulling manifest [K
pulling 2049f5674b1e:  43% ▕███████           ▏ 3.9 GB/9.0 GB   24 MB/s   3m28s[K[?25h[?2026l[?2026h[?25l[A[1Gpulling manifest [K
pulling 2049f5674b1e:  44% ▕███████           ▏ 3.9 GB/9.0 GB   24 MB/s   3m28s[K[?25h[?2026l[?2026h[?25l[A[1Gpulling manifest [K
pulling 2049f5674b1e:  44% ▕███████           ▏ 3.9 GB/9.0 GB   24 MB/s   3m28s[K[?25h[?2026l[?2026h[?25l[A[1Gpulling manifest [K
pulling 2049f5674b1e:  44% ▕███████           ▏ 3.9 GB/9.0 GB   24 MB/s   3m28s[K[?25h[?2026l[?2026h[?25l[A[1Gpulling manifest [K
pulling 2049f5674b1e:  44% ▕███████           ▏ 3.9 GB/9.0 GB   24 MB/s   3m28s[K[?25h[?2026l[?2026h[?25l[A[1Gpulling manifest [K
pulling 2049f5674b1e:  44% ▕███████           ▏ 3.9 GB/9.0 GB   24 MB/s   3m28s[K[?25h[?2026l[?2026h[?25l[A[1Gpulling manifest [K
pulling 2049f5674b1e:  44% ▕███████           ▏ 3.9 GB/9.0 GB   24 MB/s   3m28s[K[?25h[?2026l[?2026h[?25l[A[1Gpulling manifest [K
pulling 2049f5674b1e:  44% ▕███████           ▏ 3.9 GB/9.0 GB   24 MB/s   3m28s[K[?25h[?2026l[?2026h[?25l[A[1Gpulling manifest [K
pulling 2049f5674b1e:  44% ▕███████           ▏ 3.9 GB/9.0 GB   24 MB/s   3m28s[K[?25h[?2026l[?2026h[?25l[A[1Gpulling manifest [K
pulling 2049f5674b1e:  44% ▕███████           ▏ 3.9 GB/9.0 GB   23 MB/s   3m39s[K[?25h[?2026l[?2026h[?25l[A[1Gpulling manifest [K
pulling 2049f5674b1e:  44% ▕███████           ▏ 3.9 GB/9.0 GB   23 MB/s   3m39s[K[?25h[?2026l[?2026h[?25l[A[1Gpulling manifest [K
pulling 2049f5674b1e:  44% ▕███████           ▏ 3.9 GB/9.0 GB   23 MB/s   3m39s[K[?25h[?2026l[?2026h[?25l[A[1Gpulling manifest [K
pulling 2049f5674b1e:  44% ▕███████           ▏ 3.9 GB/9.0 GB   23 MB/s   3m39s[K[?25h[?2026l[?2026h[?25l[A[1Gpulling manifest [K
pulling 2049f5674b1e:  44% ▕███████           ▏ 3.9 GB/9.0 GB   23 MB/s   3m39s[K[?25h[?2026l[?2026h[?25l[A[1Gpulling manifest [K
pulling 2049f5674b1e:  44% ▕███████           ▏ 3.9 GB/9.0 GB   23 MB/s   3m39s[K[?25h[?2026l[?2026h[?25l[A[1Gpulling manifest [K
pulling 2049f5674b1e:  44% ▕███████           ▏ 3.9 GB/9.0 GB   23 MB/s   3m39s[K[?25h[?2026l[?2026h[?25l[A[1Gpulling manifest [K
pulling 2049f5674b1e:  44% ▕███████           ▏ 3.9 GB/9.0 GB   23 MB/s   3m38s[K[?25h[?2026l[?2026h[?25l[A[1Gpulling manifest [K
pulling 2049f5674b1e:  44% ▕███████           ▏ 3.9 GB/9.0 GB   23 MB/s   3m38s[K[?25h[?2026l[?2026h[?25l[A[1Gpulling manifest [K
pulling 2049f5674b1e:  44% ▕███████           ▏ 3.9 GB/9.0 GB   23 MB/s   3m38s[K[?25h[?2026l[?2026h[?25l[A[1Gpulling manifest [K
pulling 2049f5674b1e:  44% ▕███████           ▏ 4.0 GB/9.0 GB   23 MB/s   3m37s[K[?25h[?2026l[?2026h[?25l[A[1Gpulling manifest [K
pulling 2049f5674b1e:  44% ▕███████           ▏ 4.0 GB/9.0 GB   23 MB/s   3m37s[K[?25h[?2026l[?2026h[?25l[A[1Gpulling manifest [K
pulling 2049f5674b1e:  44% ▕███████           ▏ 4.0 GB/9.0 GB   23 MB/s   3m37s[K[?25h[?2026l[?2026h[?25l[A[1Gpulling manifest [K
pulling 2049f5674b1e:  44% ▕███████           ▏ 4.0 GB/9.0 GB   23 MB/s   3m37s[K[?25h[?2026l[?2026h[?25l[A[1Gpulling manifest [K
pulling 2049f5674b1e:  44% ▕███████           ▏ 4.0 GB/9.0 GB   23 MB/s   3m37s[K[?25h[?2026l[?2026h[?25l[A[1Gpulling manifest [K
pulling 2049f5674b1e:  44% ▕███████           ▏ 4.0 GB/9.0 GB   23 MB/s   3m37s[K[?25h[?2026l[?2026h[?25l[A[1Gpulling manifest [K
pulling 2049f5674b1e:  44% ▕███████           ▏ 4.0 GB/9.0 GB   23 MB/s   3m37s[K[?25h[?2026l[?2026h[?25l[A[1Gpulling manifest [K
pulling 2049f5674b1e:  44% ▕███████           ▏ 4.0 GB/9.0 GB   23 MB/s   3m37s[K[?25h[?2026l[?2026h[?25l[A[1Gpulling manifest [K
pulling 2049f5674b1e:  44% ▕███████           ▏ 4.0 GB/9.0 GB   23 MB/s   3m36s[K[?25h[?2026l[?2026h[?25l[A[1Gpulling manifest [K
pulling 2049f5674b1e:  44% ▕███████           ▏ 4.0 GB/9.0 GB   23 MB/s   3m36s[K[?25h[?2026l[?2026h[?25l[A[1Gpulling manifest [K
pulling 2049f5674b1e:  44% ▕███████           ▏ 4.0 GB/9.0 GB   22 MB/s   3m44s[K[?25h[?2026l[?2026h[?25l[A[1Gpulling manifest [K
pulling 2049f5674b1e:  44% ▕███████           ▏ 4.0 GB/9.0 GB   22 MB/s   3m44s[K[?25h[?2026l[?2026h[?25l[A[1Gpulling manifest [K
pulling 2049f5674b1e:  44% ▕███████           ▏ 4.0 GB/9.0 GB   22 MB/s   3m44s[K[?25h[?2026l[?2026h[?25l[A[1Gpulling manifest [K
pulling 2049f5674b1e:  44% ▕███████           ▏ 4.0 GB/9.0 GB   22 MB/s   3m43s[K[?25h[?2026l[?2026h[?25l[A[1Gpulling manifest [K
pulling 2049f5674b1e:  44% ▕███████           ▏ 4.0 GB/9.0 GB   22 MB/s   3m43s[K[?25h[?2026l[?2026h[?25l[A[1Gpulling manifest [K
pulling 2049f5674b1e:  44% ▕███████           ▏ 4.0 GB/9.0 GB   22 MB/s   3m43s[K[?25h[?2026l[?2026h[?25l[A[1Gpulling manifest [K
pulling 2049f5674b1e:  44% ▕███████           ▏ 4.0 GB/9.0 GB   22 MB/s   3m43s[K[?25h[?2026l[?2026h[?25l[A[1Gpulling manifest [K
pulling 2049f5674b1e:  44% ▕████████          ▏ 4.0 GB/9.0 GB   22 MB/s   3m43s[K[?25h[?2026l[?2026h[?25l[A[1Gpulling manifest [K
pulling 2049f5674b1e:  44% ▕████████          ▏ 4.0 GB/9.0 GB   22 MB/s   3m43s[K[?25h[?2026l[?2026h[?25l[A[1Gpulling manifest [K
pulling 2049f5674b1e:  45% ▕████████          ▏ 4.0 GB/9.0 GB   22 MB/s   3m43s[K[?25h[?2026l[?2026h[?25l[A[1Gpulling manifest [K
pulling 2049f5674b1e:  45% ▕████████          ▏ 4.0 GB/9.0 GB   24 MB/s   3m23s[K[?25h[?2026l[?2026h[?25l[A[1Gpulling manifest [K
pulling 2049f5674b1e:  45% ▕████████          ▏ 4.0 GB/9.0 GB   24 MB/s   3m23s[K[?25h[?2026l[?2026h[?25l[A[1Gpulling manifest [K
pulling 2049f5674b1e:  45% ▕████████          ▏ 4.0 GB/9.0 GB   24 MB/s   3m23s[K[?25h[?2026l[?2026h[?25l[A[1Gpulling manifest [K
pulling 2049f5674b1e:  45% ▕████████          ▏ 4.0 GB/9.0 GB   24 MB/s   3m23s[K[?25h[?2026l[?2026h[?25l[A[1Gpulling manifest [K
pulling 2049f5674b1e:  45% ▕████████          ▏ 4.0 GB/9.0 GB   24 MB/s   3m23s[K[?25h[?2026l[?2026h[?25l[A[1Gpulling manifest [K
pulling 2049f5674b1e:  45% ▕████████          ▏ 4.0 GB/9.0 GB   24 MB/s   3m23s[K[?25h[?2026l[?2026h[?25l[A[1Gpulling manifest [K
pulling 2049f5674b1e:  45% ▕████████          ▏ 4.0 GB/9.0 GB   24 MB/s   3m23s[K[?25h[?2026l[?2026h[?25l[A[1Gpulling manifest [K
pulling 2049f5674b1e:  45% ▕████████          ▏ 4.0 GB/9.0 GB   24 MB/s   3m23s[K[?25h[?2026l[?2026h[?25l[A[1Gpulling manifest [K
pulling 2049f5674b1e:  45% ▕████████          ▏ 4.0 GB/9.0 GB   24 MB/s   3m23s[K[?25h[?2026l[?2026h[?25l[A[1Gpulling manifest [K
pulling 2049f5674b1e:  45% ▕████████          ▏ 4.0 GB/9.0 GB   24 MB/s   3m23s[K[?25h[?2026l[?2026h[?25l[A[1Gpulling manifest [K
pulling 2049f5674b1e:  45% ▕████████          ▏ 4.0 GB/9.0 GB   24 MB/s   3m22s[K[?25h[?2026l[?2026h[?25l[A[1Gpulling manifest [K
pulling 2049f5674b1e:  45% ▕████████          ▏ 4.0 GB/9.0 GB   25 MB/s   3m15s[K[?25h[?2026l[?2026h[?25l[A[1Gpulling manifest [K
pulling 2049f5674b1e:  45% ▕████████          ▏ 4.0 GB/9.0 GB   25 MB/s   3m15s[K[?25h[?2026l[?2026h[?25l[A[1Gpulling manifest [K
pulling 2049f5674b1e:  45% ▕████████          ▏ 4.0 GB/9.0 GB   25 MB/s   3m15s[K[?25h[?2026l[?2026h[?25l[A[1Gpulling manifest [K
pulling 2049f5674b1e:  45% ▕████████          ▏ 4.0 GB/9.0 GB   25 MB/s   3m15s[K[?25h[?2026l[?2026h[?25l[A[1Gpulling manifest [K
pulling 2049f5674b1e:  45% ▕████████          ▏ 4.0 GB/9.0 GB   25 MB/s   3m14s[K[?25h[?2026l[?2026h[?25l[A[1Gpulling manifest [K
pulling 2049f5674b1e:  45% ▕████████          ▏ 4.0 GB/9.0 GB   25 MB/s   3m14s[K[?25h[?2026l[?2026h[?25l[A[1Gpulling manifest [K
pulling 2049f5674b1e:  45% ▕████████          ▏ 4.0 GB/9.0 GB   25 MB/s   3m14s[K[?25h[?2026l[?2026h[?25l[A[1Gpulling manifest [K
pulling 2049f5674b1e:  45% ▕████████          ▏ 4.0 GB/9.0 GB   25 MB/s   3m14s[K[?25h[?2026l[?2026h[?25l[A[1Gpulling manifest [K
pulling 2049f5674b1e:  45% ▕████████          ▏ 4.0 GB/9.0 GB   25 MB/s   3m14s[K[?25h[?2026l[?2026h[?25l[A[1Gpulling manifest [K
pulling 2049f5674b1e:  45% ▕████████          ▏ 4.0 GB/9.0 GB   25 MB/s   3m14s[K[?25h[?2026l[?2026h[?25l[A[1Gpulling manifest [K
pulling 2049f5674b1e:  45% ▕████████          ▏ 4.1 GB/9.0 GB   23 MB/s   3m27s[K[?25h[?2026l[?2026h[?25l[A[1Gpulling manifest [K
pulling 2049f5674b1e:  45% ▕████████          ▏ 4.1 GB/9.0 GB   23 MB/s   3m27s[K[?25h[?2026l[?2026h[?25l[A[1Gpulling manifest [K
pulling 2049f5674b1e:  45% ▕████████          ▏ 4.1 GB/9.0 GB   23 MB/s   3m27s[K[?25h[?2026l[?2026h[?25l[A[1Gpulling manifest [K
pulling 2049f5674b1e:  45% ▕████████          ▏ 4.1 GB/9.0 GB   23 MB/s   3m27s[K[?25h[?2026l[?2026h[?25l[A[1Gpulling manifest [K
pulling 2049f5674b1e:  45% ▕████████          ▏ 4.1 GB/9.0 GB   23 MB/s   3m27s[K[?25h[?2026l[?2026h[?25l[A[1Gpulling manifest [K
pulling 2049f5674b1e:  45% ▕████████          ▏ 4.1 GB/9.0 GB   23 MB/s   3m27s[K[?25h[?2026l[?2026h[?25l[A[1Gpulling manifest [K
pulling 2049f5674b1e:  45% ▕████████          ▏ 4.1 GB/9.0 GB   23 MB/s   3m27s[K[?25h[?2026l[?2026h[?25l[A[1Gpulling manifest [K
pulling 2049f5674b1e:  45% ▕████████          ▏ 4.1 GB/9.0 GB   23 MB/s   3m27s[K[?25h[?2026l[?2026h[?25l[A[1Gpulling manifest [K
pulling 2049f5674b1e:  45% ▕████████          ▏ 4.1 GB/9.0 GB   23 MB/s   3m27s[K[?25h[?2026l[?2026h[?25l[A[1Gpulling manifest [K
pulling 2049f5674b1e:  45% ▕████████          ▏ 4.1 GB/9.0 GB   23 MB/s   3m26s[K[?25h[?2026l[?2026h[?25l[A[1Gpulling manifest [K
pulling 2049f5674b1e:  45% ▕████████          ▏ 4.1 GB/9.0 GB   22 MB/s   3m42s[K[?25h[?2026l[?2026h[?25l[A[1Gpulling manifest [K
pulling 2049f5674b1e:  45% ▕████████          ▏ 4.1 GB/9.0 GB   22 MB/s   3m42s[K[?25h[?2026l[?2026h[?25l[A[1Gpulling manifest [K
pulling 2049f5674b1e:  45% ▕████████          ▏ 4.1 GB/9.0 GB   22 MB/s   3m42s[K[?25h[?2026l[?2026h[?25l[A[1Gpulling manifest [K
pulling 2049f5674b1e:  45% ▕████████          ▏ 4.1 GB/9.0 GB   22 MB/s   3m42s[K[?25h[?2026l[?2026h[?25l[A[1Gpulling manifest [K
pulling 2049f5674b1e:  45% ▕████████          ▏ 4.1 GB/9.0 GB   22 MB/s   3m41s[K[?25h[?2026l[?2026h[?25l[A[1Gpulling manifest [K
pulling 2049f5674b1e:  45% ▕████████          ▏ 4.1 GB/9.0 GB   22 MB/s   3m41s[K[?25h[?2026l[?2026h[?25l[A[1Gpulling manifest [K
pulling 2049f5674b1e:  45% ▕████████          ▏ 4.1 GB/9.0 GB   22 MB/s   3m41s[K[?25h[?2026l[?2026h[?25l[A[1Gpulling manifest [K
pulling 2049f5674b1e:  45% ▕████████          ▏ 4.1 GB/9.0 GB   22 MB/s   3m41s[K[?25h[?2026l[?2026h[?25l[A[1Gpulling manifest [K
pulling 2049f5674b1e:  45% ▕████████          ▏ 4.1 GB/9.0 GB   22 MB/s   3m41s[K[?25h[?2026l[?2026h[?25l[A[1Gpulling manifest [K
pulling 2049f5674b1e:  45% ▕████████          ▏ 4.1 GB/9.0 GB   22 MB/s   3m41s[K[?25h[?2026l[?2026h[?25l[A[1Gpulling manifest [K
pulling 2049f5674b1e:  45% ▕████████          ▏ 4.1 GB/9.0 GB   22 MB/s   3m33s[K[?25h[?2026l[?2026h[?25l[A[1Gpulling manifest [K
pulling 2049f5674b1e:  45% ▕████████          ▏ 4.1 GB/9.0 GB   22 MB/s   3m33s[K[?25h[?2026l[?2026h[?25l[A[1Gpulling manifest [K
pulling 2049f5674b1e:  46% ▕████████          ▏ 4.1 GB/9.0 GB   22 MB/s   3m33s[K[?25h[?2026l[?2026h[?25l[A[1Gpulling manifest [K
pulling 2049f5674b1e:  46% ▕████████          ▏ 4.1 GB/9.0 GB   22 MB/s   3m33s[K[?25h[?2026l[?2026h[?25l[A[1Gpulling manifest [K
pulling 2049f5674b1e:  46% ▕████████          ▏ 4.1 GB/9.0 GB   22 MB/s   3m33s[K[?25h[?2026l[?2026h[?25l[A[1Gpulling manifest [K
pulling 2049f5674b1e:  46% ▕████████          ▏ 4.1 GB/9.0 GB   22 MB/s   3m33s[K[?25h[?2026l[?2026h[?25l[A[1Gpulling manifest [K
pulling 2049f5674b1e:  46% ▕████████          ▏ 4.1 GB/9.0 GB   22 MB/s   3m33s[K[?25h[?2026l[?2026h[?25l[A[1Gpulling manifest [K
pulling 2049f5674b1e:  46% ▕████████          ▏ 4.1 GB/9.0 GB   22 MB/s   3m33s[K[?25h[?2026l[?2026h[?25l[A[1Gpulling manifest [K
pulling 2049f5674b1e:  46% ▕████████          ▏ 4.1 GB/9.0 GB   22 MB/s   3m33s[K[?25h[?2026l[?2026h[?25l[A[1Gpulling manifest [K
pulling 2049f5674b1e:  46% ▕████████          ▏ 4.1 GB/9.0 GB   22 MB/s   3m32s[K[?25h[?2026l[?2026h[?25l[A[1Gpulling manifest [K
pulling 2049f5674b1e:  46% ▕████████          ▏ 4.1 GB/9.0 GB   22 MB/s   3m34s[K[?25h[?2026l[?2026h[?25l[A[1Gpulling manifest [K
pulling 2049f5674b1e:  46% ▕████████          ▏ 4.1 GB/9.0 GB   22 MB/s   3m34s[K[?25h[?2026l[?2026h[?25l[A[1Gpulling manifest [K
pulling 2049f5674b1e:  46% ▕████████          ▏ 4.1 GB/9.0 GB   22 MB/s   3m34s[K[?25h[?2026l[?2026h[?25l[A[1Gpulling manifest [K
pulling 2049f5674b1e:  46% ▕████████          ▏ 4.1 GB/9.0 GB   22 MB/s   3m34s[K[?25h[?2026l[?2026h[?25l[A[1Gpulling manifest [K
pulling 2049f5674b1e:  46% ▕████████          ▏ 4.1 GB/9.0 GB   22 MB/s   3m34s[K[?25h[?2026l[?2026h[?25l[A[1Gpulling manifest [K
pulling 2049f5674b1e:  46% ▕████████          ▏ 4.1 GB/9.0 GB   22 MB/s   3m34s[K[?25h[?2026l[?2026h[?25l[A[1Gpulling manifest [K
pulling 2049f5674b1e:  46% ▕████████          ▏ 4.1 GB/9.0 GB   22 MB/s   3m34s[K[?25h[?2026l[?2026h[?25l[A[1Gpulling manifest [K
pulling 2049f5674b1e:  46% ▕████████          ▏ 4.1 GB/9.0 GB   22 MB/s   3m34s[K[?25h[?2026l[?2026h[?25l[A[1Gpulling manifest [K
pulling 2049f5674b1e:  46% ▕████████          ▏ 4.1 GB/9.0 GB   22 MB/s   3m33s[K[?25h[?2026l[?2026h[?25l[A[1Gpulling manifest [K
pulling 2049f5674b1e:  46% ▕████████          ▏ 4.1 GB/9.0 GB   22 MB/s   3m33s[K[?25h[?2026l[?2026h[?25l[A[1Gpulling manifest [K
pulling 2049f5674b1e:  46% ▕████████          ▏ 4.1 GB/9.0 GB   22 MB/s   3m33s[K[?25h[?2026l[?2026h[?25l[A[1Gpulling manifest [K
pulling 2049f5674b1e:  46% ▕████████          ▏ 4.1 GB/9.0 GB   23 MB/s   3m27s[K[?25h[?2026l[?2026h[?25l[A[1Gpulling manifest [K
pulling 2049f5674b1e:  46% ▕████████          ▏ 4.1 GB/9.0 GB   23 MB/s   3m27s[K[?25h[?2026l[?2026h[?25l[A[1Gpulling manifest [K
pulling 2049f5674b1e:  46% ▕████████          ▏ 4.1 GB/9.0 GB   23 MB/s   3m27s[K[?25h[?2026l[?2026h[?25l[A[1Gpulling manifest [K
pulling 2049f5674b1e:  46% ▕████████          ▏ 4.1 GB/9.0 GB   23 MB/s   3m27s[K[?25h[?2026l[?2026h[?25l[A[1Gpulling manifest [K
pulling 2049f5674b1e:  46% ▕████████          ▏ 4.1 GB/9.0 GB   23 MB/s   3m26s[K[?25h[?2026l[?2026h[?25l[A[1Gpulling manifest [K
pulling 2049f5674b1e:  46% ▕████████          ▏ 4.1 GB/9.0 GB   23 MB/s   3m26s[K[?25h[?2026l[?2026h[?25l[A[1Gpulling manifest [K
pulling 2049f5674b1e:  46% ▕████████          ▏ 4.1 GB/9.0 GB   23 MB/s   3m26s[K[?25h[?2026l[?2026h[?25l[A[1Gpulling manifest [K
pulling 2049f5674b1e:  46% ▕████████          ▏ 4.2 GB/9.0 GB   23 MB/s   3m26s[K[?25h[?2026l[?2026h[?25l[A[1Gpulling manifest [K
pulling 2049f5674b1e:  46% ▕████████          ▏ 4.2 GB/9.0 GB   23 MB/s   3m26s[K[?25h[?2026l[?2026h[?25l[A[1Gpulling manifest [K
pulling 2049f5674b1e:  46% ▕████████          ▏ 4.2 GB/9.0 GB   23 MB/s   3m26s[K[?25h[?2026l[?2026h[?25l[A[1Gpulling manifest [K
pulling 2049f5674b1e:  46% ▕████████          ▏ 4.2 GB/9.0 GB   22 MB/s   3m32s[K[?25h[?2026l[?2026h[?25l[A[1Gpulling manifest [K
pulling 2049f5674b1e:  46% ▕████████          ▏ 4.2 GB/9.0 GB   22 MB/s   3m32s[K[?25h[?2026l[?2026h[?25l[A[1Gpulling manifest [K
pulling 2049f5674b1e:  46% ▕████████          ▏ 4.2 GB/9.0 GB   22 MB/s   3m32s[K[?25h[?2026l[?2026h[?25l[A[1Gpulling manifest [K
pulling 2049f5674b1e:  46% ▕████████          ▏ 4.2 GB/9.0 GB   22 MB/s   3m32s[K[?25h[?2026l[?2026h[?25l[A[1Gpulling manifest [K
pulling 2049f5674b1e:  46% ▕████████          ▏ 4.2 GB/9.0 GB   22 MB/s   3m32s[K[?25h[?2026l[?2026h[?25l[A[1Gpulling manifest [K
pulling 2049f5674b1e:  46% ▕████████          ▏ 4.2 GB/9.0 GB   22 MB/s   3m32s[K[?25h[?2026l[?2026h[?25l[A[1Gpulling manifest [K
pulling 2049f5674b1e:  46% ▕████████          ▏ 4.2 GB/9.0 GB   22 MB/s   3m32s[K[?25h[?2026l[?2026h[?25l[A[1Gpulling manifest [K
pulling 2049f5674b1e:  46% ▕████████          ▏ 4.2 GB/9.0 GB   22 MB/s   3m32s[K[?25h[?2026l[?2026h[?25l[A[1Gpulling manifest [K
pulling 2049f5674b1e:  46% ▕████████          ▏ 4.2 GB/9.0 GB   22 MB/s   3m32s[K[?25h[?2026l[?2026h[?25l[A[1Gpulling manifest [K
pulling 2049f5674b1e:  46% ▕████████          ▏ 4.2 GB/9.0 GB   22 MB/s   3m31s[K[?25h[?2026l[?2026h[?25l[A[1Gpulling manifest [K
pulling 2049f5674b1e:  46% ▕████████          ▏ 4.2 GB/9.0 GB   22 MB/s   3m34s[K[?25h[?2026l[?2026h[?25l[A[1Gpulling manifest [K
pulling 2049f5674b1e:  47% ▕████████          ▏ 4.2 GB/9.0 GB   22 MB/s   3m34s[K[?25h[?2026l[?2026h[?25l[A[1Gpulling manifest [K
pulling 2049f5674b1e:  47% ▕████████          ▏ 4.2 GB/9.0 GB   22 MB/s   3m33s[K[?25h[?2026l[?2026h[?25l[A[1Gpulling manifest [K
pulling 2049f5674b1e:  47% ▕████████          ▏ 4.2 GB/9.0 GB   22 MB/s   3m33s[K[?25h[?2026l[?2026h[?25l[A[1Gpulling manifest [K
pulling 2049f5674b1e:  47% ▕████████          ▏ 4.2 GB/9.0 GB   22 MB/s   3m33s[K[?25h[?2026l[?2026h[?25l[A[1Gpulling manifest [K
pulling 2049f5674b1e:  47% ▕████████          ▏ 4.2 GB/9.0 GB   22 MB/s   3m33s[K[?25h[?2026l[?2026h[?25l[A[1Gpulling manifest [K
pulling 2049f5674b1e:  47% ▕████████          ▏ 4.2 GB/9.0 GB   22 MB/s   3m33s[K[?25h[?2026l[?2026h[?25l[A[1Gpulling manifest [K
pulling 2049f5674b1e:  47% ▕████████          ▏ 4.2 GB/9.0 GB   22 MB/s   3m33s[K[?25h[?2026l[?2026h[?25l[A[1Gpulling manifest [K
pulling 2049f5674b1e:  47% ▕████████          ▏ 4.2 GB/9.0 GB   22 MB/s   3m33s[K[?25h[?2026l[?2026h[?25l[A[1Gpulling manifest [K
pulling 2049f5674b1e:  47% ▕████████          ▏ 4.2 GB/9.0 GB   22 MB/s   3m33s[K[?25h[?2026l[?2026h[?25l[A[1Gpulling manifest [K
pulling 2049f5674b1e:  47% ▕████████          ▏ 4.2 GB/9.0 GB   21 MB/s   3m44s[K[?25h[?2026l[?2026h[?25l[A[1Gpulling manifest [K
pulling 2049f5674b1e:  47% ▕████████          ▏ 4.2 GB/9.0 GB   21 MB/s   3m44s[K[?25h[?2026l[?2026h[?25l[A[1Gpulling manifest [K
pulling 2049f5674b1e:  47% ▕████████          ▏ 4.2 GB/9.0 GB   21 MB/s   3m44s[K[?25h[?2026l[?2026h[?25l[A[1Gpulling manifest [K
pulling 2049f5674b1e:  47% ▕████████          ▏ 4.2 GB/9.0 GB   21 MB/s   3m43s[K[?25h[?2026l[?2026h[?25l[A[1Gpulling manifest [K
pulling 2049f5674b1e:  47% ▕████████          ▏ 4.2 GB/9.0 GB   21 MB/s   3m43s[K[?25h[?2026l[?2026h[?25l[A[1Gpulling manifest [K
pulling 2049f5674b1e:  47% ▕████████          ▏ 4.2 GB/9.0 GB   21 MB/s   3m43s[K[?25h[?2026l[?2026h[?25l[A[1Gpulling manifest [K
pulling 2049f5674b1e:  47% ▕████████          ▏ 4.2 GB/9.0 GB   21 MB/s   3m43s[K[?25h[?2026l[?2026h[?25l[A[1Gpulling manifest [K
pulling 2049f5674b1e:  47% ▕████████          ▏ 4.2 GB/9.0 GB   21 MB/s   3m43s[K[?25h[?2026l[?2026h[?25l[A[1Gpulling manifest [K
pulling 2049f5674b1e:  47% ▕████████          ▏ 4.2 GB/9.0 GB   21 MB/s   3m43s[K[?25h[?2026l[?2026h[?25l[A[1Gpulling manifest [K
pulling 2049f5674b1e:  47% ▕████████          ▏ 4.2 GB/9.0 GB   21 MB/s   3m43s[K[?25h[?2026l[?2026h[?25l[A[1Gpulling manifest [K
pulling 2049f5674b1e:  47% ▕████████          ▏ 4.2 GB/9.0 GB   22 MB/s   3m29s[K[?25h[?2026l[?2026h[?25l[A[1Gpulling manifest [K
pulling 2049f5674b1e:  47% ▕████████          ▏ 4.2 GB/9.0 GB   22 MB/s   3m29s[K[?25h[?2026l[?2026h[?25l[A[1Gpulling manifest [K
pulling 2049f5674b1e:  47% ▕████████          ▏ 4.2 GB/9.0 GB   22 MB/s   3m29s[K[?25h[?2026l[?2026h[?25l[A[1Gpulling manifest [K
pulling 2049f5674b1e:  47% ▕████████          ▏ 4.2 GB/9.0 GB   22 MB/s   3m29s[K[?25h[?2026l[?2026h[?25l[A[1Gpulling manifest [K
pulling 2049f5674b1e:  47% ▕████████          ▏ 4.2 GB/9.0 GB   22 MB/s   3m29s[K[?25h[?2026l[?2026h[?25l[A[1Gpulling manifest [K
pulling 2049f5674b1e:  47% ▕████████          ▏ 4.3 GB/9.0 GB   22 MB/s   3m29s[K[?25h[?2026l[?2026h[?25l[A[1Gpulling manifest [K
pulling 2049f5674b1e:  47% ▕████████          ▏ 4.3 GB/9.0 GB   22 MB/s   3m29s[K[?25h[?2026l[?2026h[?25l[A[1Gpulling manifest [K
pulling 2049f5674b1e:  47% ▕████████          ▏ 4.3 GB/9.0 GB   22 MB/s   3m29s[K[?25h[?2026l[?2026h[?25l[A[1Gpulling manifest [K
pulling 2049f5674b1e:  47% ▕████████          ▏ 4.3 GB/9.0 GB   22 MB/s   3m29s[K[?25h[?2026l[?2026h[?25l[A[1Gpulling manifest [K
pulling 2049f5674b1e:  47% ▕████████          ▏ 4.3 GB/9.0 GB   22 MB/s   3m28s[K[?25h[?2026l[?2026h[?25l[A[1Gpulling manifest [K
pulling 2049f5674b1e:  47% ▕████████          ▏ 4.3 GB/9.0 GB   22 MB/s   3m28s[K[?25h[?2026l[?2026h[?25l[A[1Gpulling manifest [K
pulling 2049f5674b1e:  47% ▕████████          ▏ 4.3 GB/9.0 GB   23 MB/s   3m21s[K[?25h[?2026l[?2026h[?25l[A[1Gpulling manifest [K
pulling 2049f5674b1e:  47% ▕████████          ▏ 4.3 GB/9.0 GB   23 MB/s   3m21s[K[?25h[?2026l[?2026h[?25l[A[1Gpulling manifest [K
pulling 2049f5674b1e:  47% ▕████████          ▏ 4.3 GB/9.0 GB   23 MB/s   3m21s[K[?25h[?2026l[?2026h[?25l[A[1Gpulling manifest [K
pulling 2049f5674b1e:  47% ▕████████          ▏ 4.3 GB/9.0 GB   23 MB/s   3m21s[K[?25h[?2026l[?2026h[?25l[A[1Gpulling manifest [K
pulling 2049f5674b1e:  47% ▕████████          ▏ 4.3 GB/9.0 GB   23 MB/s   3m21s[K[?25h[?2026l[?2026h[?25l[A[1Gpulling manifest [K
pulling 2049f5674b1e:  47% ▕████████          ▏ 4.3 GB/9.0 GB   23 MB/s   3m21s[K[?25h[?2026l[?2026h[?25l[A[1Gpulling manifest [K
pulling 2049f5674b1e:  47% ▕████████          ▏ 4.3 GB/9.0 GB   23 MB/s   3m21s[K[?25h[?2026l[?2026h[?25l[A[1Gpulling manifest [K
pulling 2049f5674b1e:  47% ▕████████          ▏ 4.3 GB/9.0 GB   23 MB/s   3m21s[K[?25h[?2026l[?2026h[?25l[A[1Gpulling manifest [K
pulling 2049f5674b1e:  47% ▕████████          ▏ 4.3 GB/9.0 GB   23 MB/s   3m21s[K[?25h[?2026l[?2026h[?25l[A[1Gpulling manifest [K
pulling 2049f5674b1e:  47% ▕████████          ▏ 4.3 GB/9.0 GB   23 MB/s   3m21s[K[?25h[?2026l[?2026h[?25l[A[1Gpulling manifest [K
pulling 2049f5674b1e:  48% ▕████████          ▏ 4.3 GB/9.0 GB   22 MB/s   3m26s[K[?25h[?2026l[?2026h[?25l[A[1Gpulling manifest [K
pulling 2049f5674b1e:  48% ▕████████          ▏ 4.3 GB/9.0 GB   22 MB/s   3m26s[K[?25h[?2026l[?2026h[?25l[A[1Gpulling manifest [K
pulling 2049f5674b1e:  48% ▕████████          ▏ 4.3 GB/9.0 GB   22 MB/s   3m26s[K[?25h[?2026l[?2026h[?25l[A[1Gpulling manifest [K
pulling 2049f5674b1e:  48% ▕████████          ▏ 4.3 GB/9.0 GB   22 MB/s   3m26s[K[?25h[?2026l[?2026h[?25l[A[1Gpulling manifest [K
pulling 2049f5674b1e:  48% ▕████████          ▏ 4.3 GB/9.0 GB   22 MB/s   3m26s[K[?25h[?2026l[?2026h[?25l[A[1Gpulling manifest [K
pulling 2049f5674b1e:  48% ▕████████          ▏ 4.3 GB/9.0 GB   22 MB/s   3m26s[K[?25h[?2026l[?2026h[?25l[A[1Gpulling manifest [K
pulling 2049f5674b1e:  48% ▕████████          ▏ 4.3 GB/9.0 GB   22 MB/s   3m26s[K[?25h[?2026l[?2026h[?25l[A[1Gpulling manifest [K
pulling 2049f5674b1e:  48% ▕████████          ▏ 4.3 GB/9.0 GB   22 MB/s   3m26s[K[?25h[?2026l[?2026h[?25l[A[1Gpulling manifest [K
pulling 2049f5674b1e:  48% ▕████████          ▏ 4.3 GB/9.0 GB   22 MB/s   3m26s[K[?25h[?2026l[?2026h[?25l[A[1Gpulling manifest [K
pulling 2049f5674b1e:  48% ▕████████          ▏ 4.3 GB/9.0 GB   22 MB/s   3m26s[K[?25h[?2026l[?2026h[?25l[A[1Gpulling manifest [K
pulling 2049f5674b1e:  48% ▕████████          ▏ 4.3 GB/9.0 GB   21 MB/s   3m34s[K[?25h[?2026l[?2026h[?25l[A[1Gpulling manifest [K
pulling 2049f5674b1e:  48% ▕████████          ▏ 4.3 GB/9.0 GB   21 MB/s   3m34s[K[?25h[?2026l[?2026h[?25l[A[1Gpulling manifest [K
pulling 2049f5674b1e:  48% ▕████████          ▏ 4.3 GB/9.0 GB   21 MB/s   3m34s[K[?25h[?2026l[?2026h[?25l[A[1Gpulling manifest [K
pulling 2049f5674b1e:  48% ▕████████          ▏ 4.3 GB/9.0 GB   21 MB/s   3m34s[K[?25h[?2026l[?2026h[?25l[A[1Gpulling manifest [K
pulling 2049f5674b1e:  48% ▕████████          ▏ 4.3 GB/9.0 GB   21 MB/s   3m34s[K[?25h[?2026l[?2026h[?25l[A[1Gpulling manifest [K
pulling 2049f5674b1e:  48% ▕████████          ▏ 4.3 GB/9.0 GB   21 MB/s   3m34s[K[?25h[?2026l[?2026h[?25l[A[1Gpulling manifest [K
pulling 2049f5674b1e:  48% ▕████████          ▏ 4.3 GB/9.0 GB   21 MB/s   3m33s[K[?25h[?2026l[?2026h[?25l[A[1Gpulling manifest [K
pulling 2049f5674b1e:  48% ▕████████          ▏ 4.3 GB/9.0 GB   21 MB/s   3m33s[K[?25h[?2026l[?2026h[?25l[A[1Gpulling manifest [K
pulling 2049f5674b1e:  48% ▕████████          ▏ 4.3 GB/9.0 GB   21 MB/s   3m33s[K[?25h[?2026l[?2026h[?25l[A[1Gpulling manifest [K
pulling 2049f5674b1e:  48% ▕████████          ▏ 4.3 GB/9.0 GB   21 MB/s   3m33s[K[?25h[?2026l[?2026h[?25l[A[1Gpulling manifest [K
pulling 2049f5674b1e:  48% ▕████████          ▏ 4.3 GB/9.0 GB   23 MB/s   3m21s[K[?25h[?2026l[?2026h[?25l[A[1Gpulling manifest [K
pulling 2049f5674b1e:  48% ▕████████          ▏ 4.3 GB/9.0 GB   23 MB/s   3m21s[K[?25h[?2026l[?2026h[?25l[A[1Gpulling manifest [K
pulling 2049f5674b1e:  48% ▕████████          ▏ 4.3 GB/9.0 GB   23 MB/s   3m21s[K[?25h[?2026l[?2026h[?25l[A[1Gpulling manifest [K
pulling 2049f5674b1e:  48% ▕████████          ▏ 4.3 GB/9.0 GB   23 MB/s   3m21s[K[?25h[?2026l[?2026h[?25l[A[1Gpulling manifest [K
pulling 2049f5674b1e:  48% ▕████████          ▏ 4.3 GB/9.0 GB   23 MB/s   3m21s[K[?25h[?2026l[?2026h[?25l[A[1Gpulling manifest [K
pulling 2049f5674b1e:  48% ▕████████          ▏ 4.3 GB/9.0 GB   23 MB/s   3m21s[K[?25h[?2026l[?2026h[?25l[A[1Gpulling manifest [K
pulling 2049f5674b1e:  48% ▕████████          ▏ 4.3 GB/9.0 GB   23 MB/s   3m20s[K[?25h[?2026l[?2026h[?25l[A[1Gpulling manifest [K
pulling 2049f5674b1e:  48% ▕████████          ▏ 4.3 GB/9.0 GB   23 MB/s   3m20s[K[?25h[?2026l[?2026h[?25l[A[1Gpulling manifest [K
pulling 2049f5674b1e:  48% ▕████████          ▏ 4.3 GB/9.0 GB   23 MB/s   3m20s[K[?25h[?2026l[?2026h[?25l[A[1Gpulling manifest [K
pulling 2049f5674b1e:  48% ▕████████          ▏ 4.3 GB/9.0 GB   23 MB/s   3m20s[K[?25h[?2026l[?2026h[?25l[A[1Gpulling manifest [K
pulling 2049f5674b1e:  48% ▕████████          ▏ 4.3 GB/9.0 GB   23 MB/s   3m14s[K[?25h[?2026l[?2026h[?25l[A[1Gpulling manifest [K
pulling 2049f5674b1e:  48% ▕████████          ▏ 4.3 GB/9.0 GB   23 MB/s   3m14s[K[?25h[?2026l[?2026h[?25l[A[1Gpulling manifest [K
pulling 2049f5674b1e:  48% ▕████████          ▏ 4.3 GB/9.0 GB   23 MB/s   3m14s[K[?25h[?2026l[?2026h[?25l[A[1Gpulling manifest [K
pulling 2049f5674b1e:  48% ▕████████          ▏ 4.4 GB/9.0 GB   23 MB/s   3m13s[K[?25h[?2026l[?2026h[?25l[A[1Gpulling manifest [K
pulling 2049f5674b1e:  48% ▕████████          ▏ 4.4 GB/9.0 GB   23 MB/s   3m13s[K[?25h[?2026l[?2026h[?25l[A[1Gpulling manifest [K
pulling 2049f5674b1e:  48% ▕████████          ▏ 4.4 GB/9.0 GB   23 MB/s   3m13s[K[?25h[?2026l[?2026h[?25l[A[1Gpulling manifest [K
pulling 2049f5674b1e:  49% ▕████████          ▏ 4.4 GB/9.0 GB   23 MB/s   3m13s[K[?25h[?2026l[?2026h[?25l[A[1Gpulling manifest [K
pulling 2049f5674b1e:  49% ▕████████          ▏ 4.4 GB/9.0 GB   23 MB/s   3m13s[K[?25h[?2026l[?2026h[?25l[A[1Gpulling manifest [K
pulling 2049f5674b1e:  49% ▕████████          ▏ 4.4 GB/9.0 GB   23 MB/s   3m13s[K[?25h[?2026l[?2026h[?25l[A[1Gpulling manifest [K
pulling 2049f5674b1e:  49% ▕████████          ▏ 4.4 GB/9.0 GB   23 MB/s   3m13s[K[?25h[?2026l[?2026h[?25l[A[1Gpulling manifest [K
pulling 2049f5674b1e:  49% ▕████████          ▏ 4.4 GB/9.0 GB   23 MB/s   3m13s[K[?25h[?2026l[?2026h[?25l[A[1Gpulling manifest [K
pulling 2049f5674b1e:  49% ▕████████          ▏ 4.4 GB/9.0 GB   23 MB/s   3m14s[K[?25h[?2026l[?2026h[?25l[A[1Gpulling manifest [K
pulling 2049f5674b1e:  49% ▕████████          ▏ 4.4 GB/9.0 GB   23 MB/s   3m14s[K[?25h[?2026l[?2026h[?25l[A[1Gpulling manifest [K
pulling 2049f5674b1e:  49% ▕████████          ▏ 4.4 GB/9.0 GB   23 MB/s   3m14s[K[?25h[?2026l[?2026h[?25l[A[1Gpulling manifest [K
pulling 2049f5674b1e:  49% ▕████████          ▏ 4.4 GB/9.0 GB   23 MB/s   3m14s[K[?25h[?2026l[?2026h[?25l[A[1Gpulling manifest [K
pulling 2049f5674b1e:  49% ▕████████          ▏ 4.4 GB/9.0 GB   23 MB/s   3m14s[K[?25h[?2026l[?2026h[?25l[A[1Gpulling manifest [K
pulling 2049f5674b1e:  49% ▕████████          ▏ 4.4 GB/9.0 GB   23 MB/s   3m14s[K[?25h[?2026l[?2026h[?25l[A[1Gpulling manifest [K
pulling 2049f5674b1e:  49% ▕████████          ▏ 4.4 GB/9.0 GB   23 MB/s   3m14s[K[?25h[?2026l[?2026h[?25l[A[1Gpulling manifest [K
pulling 2049f5674b1e:  49% ▕████████          ▏ 4.4 GB/9.0 GB   23 MB/s   3m13s[K[?25h[?2026l[?2026h[?25l[A[1Gpulling manifest [K
pulling 2049f5674b1e:  49% ▕████████          ▏ 4.4 GB/9.0 GB   23 MB/s   3m13s[K[?25h[?2026l[?2026h[?25l[A[1Gpulling manifest [K
pulling 2049f5674b1e:  49% ▕████████          ▏ 4.4 GB/9.0 GB   23 MB/s   3m13s[K[?25h[?2026l[?2026h[?25l[A[1Gpulling manifest [K
pulling 2049f5674b1e:  49% ▕████████          ▏ 4.4 GB/9.0 GB   24 MB/s    3m8s[K[?25h[?2026l[?2026h[?25l[A[1Gpulling manifest [K
pulling 2049f5674b1e:  49% ▕████████          ▏ 4.4 GB/9.0 GB   24 MB/s    3m8s[K[?25h[?2026l[?2026h[?25l[A[1Gpulling manifest [K
pulling 2049f5674b1e:  49% ▕████████          ▏ 4.4 GB/9.0 GB   24 MB/s    3m8s[K[?25h[?2026l[?2026h[?25l[A[1Gpulling manifest [K
pulling 2049f5674b1e:  49% ▕████████          ▏ 4.4 GB/9.0 GB   24 MB/s    3m7s[K[?25h[?2026l[?2026h[?25l[A[1Gpulling manifest [K
pulling 2049f5674b1e:  49% ▕████████          ▏ 4.4 GB/9.0 GB   24 MB/s    3m7s[K[?25h[?2026l[?2026h[?25l[A[1Gpulling manifest [K
pulling 2049f5674b1e:  49% ▕████████          ▏ 4.4 GB/9.0 GB   24 MB/s    3m7s[K[?25h[?2026l[?2026h[?25l[A[1Gpulling manifest [K
pulling 2049f5674b1e:  49% ▕████████          ▏ 4.4 GB/9.0 GB   24 MB/s    3m7s[K[?25h[?2026l[?2026h[?25l[A[1Gpulling manifest [K
pulling 2049f5674b1e:  49% ▕████████          ▏ 4.4 GB/9.0 GB   24 MB/s    3m7s[K[?25h[?2026l[?2026h[?25l[A[1Gpulling manifest [K
pulling 2049f5674b1e:  49% ▕████████          ▏ 4.4 GB/9.0 GB   24 MB/s    3m7s[K[?25h[?2026l[?2026h[?25l[A[1Gpulling manifest [K
pulling 2049f5674b1e:  49% ▕████████          ▏ 4.4 GB/9.0 GB   24 MB/s    3m7s[K[?25h[?2026l[?2026h[?25l[A[1Gpulling manifest [K
pulling 2049f5674b1e:  49% ▕████████          ▏ 4.4 GB/9.0 GB   24 MB/s    3m8s[K[?25h[?2026l[?2026h[?25l[A[1Gpulling manifest [K
pulling 2049f5674b1e:  49% ▕████████          ▏ 4.4 GB/9.0 GB   24 MB/s    3m8s[K[?25h[?2026l[?2026h[?25l[A[1Gpulling manifest [K
pulling 2049f5674b1e:  49% ▕████████          ▏ 4.4 GB/9.0 GB   24 MB/s    3m8s[K[?25h[?2026l[?2026h[?25l[A[1Gpulling manifest [K
pulling 2049f5674b1e:  49% ▕████████          ▏ 4.4 GB/9.0 GB   24 MB/s    3m8s[K[?25h[?2026l[?2026h[?25l[A[1Gpulling manifest [K
pulling 2049f5674b1e:  49% ▕████████          ▏ 4.4 GB/9.0 GB   24 MB/s    3m8s[K[?25h[?2026l[?2026h[?25l[A[1Gpulling manifest [K
pulling 2049f5674b1e:  49% ▕████████          ▏ 4.4 GB/9.0 GB   24 MB/s    3m8s[K[?25h[?2026l[?2026h[?25l[A[1Gpulling manifest [K
pulling 2049f5674b1e:  49% ▕████████          ▏ 4.4 GB/9.0 GB   24 MB/s    3m8s[K[?25h[?2026l[?2026h[?25l[A[1Gpulling manifest [K
pulling 2049f5674b1e:  49% ▕████████          ▏ 4.4 GB/9.0 GB   24 MB/s    3m7s[K[?25h[?2026l[?2026h[?25l[A[1Gpulling manifest [K
pulling 2049f5674b1e:  49% ▕████████          ▏ 4.4 GB/9.0 GB   24 MB/s    3m7s[K[?25h[?2026l[?2026h[?25l[A[1Gpulling manifest [K
pulling 2049f5674b1e:  49% ▕████████          ▏ 4.4 GB/9.0 GB   24 MB/s    3m7s[K[?25h[?2026l[?2026h[?25l[A[1Gpulling manifest [K
pulling 2049f5674b1e:  49% ▕████████          ▏ 4.4 GB/9.0 GB   23 MB/s   3m17s[K[?25h[?2026l[?2026h[?25l[A[1Gpulling manifest [K
pulling 2049f5674b1e:  49% ▕████████          ▏ 4.4 GB/9.0 GB   23 MB/s   3m17s[K[?25h[?2026l[?2026h[?25l[A[1Gpulling manifest [K
pulling 2049f5674b1e:  49% ▕████████          ▏ 4.4 GB/9.0 GB   23 MB/s   3m16s[K[?25h[?2026l[?2026h[?25l[A[1Gpulling manifest [K
pulling 2049f5674b1e:  49% ▕████████          ▏ 4.4 GB/9.0 GB   23 MB/s   3m16s[K[?25h[?2026l[?2026h[?25l[A[1Gpulling manifest [K
pulling 2049f5674b1e:  50% ▕████████          ▏ 4.5 GB/9.0 GB   23 MB/s   3m16s[K[?25h[?2026l[?2026h[?25l[A[1Gpulling manifest [K
pulling 2049f5674b1e:  50% ▕████████          ▏ 4.5 GB/9.0 GB   23 MB/s   3m16s[K[?25h[?2026l[?2026h[?25l[A[1Gpulling manifest [K
pulling 2049f5674b1e:  50% ▕████████          ▏ 4.5 GB/9.0 GB   23 MB/s   3m16s[K[?25h[?2026l[?2026h[?25l[A[1Gpulling manifest [K
pulling 2049f5674b1e:  50% ▕████████          ▏ 4.5 GB/9.0 GB   23 MB/s   3m16s[K[?25h[?2026l[?2026h[?25l[A[1Gpulling manifest [K
pulling 2049f5674b1e:  50% ▕████████          ▏ 4.5 GB/9.0 GB   23 MB/s   3m16s[K[?25h[?2026l[?2026h[?25l[A[1Gpulling manifest [K
pulling 2049f5674b1e:  50% ▕████████          ▏ 4.5 GB/9.0 GB   23 MB/s   3m16s[K[?25h[?2026l[?2026h[?25l[A[1Gpulling manifest [K
pulling 2049f5674b1e:  50% ▕████████          ▏ 4.5 GB/9.0 GB   22 MB/s   3m21s[K[?25h[?2026l[?2026h[?25l[A[1Gpulling manifest [K
pulling 2049f5674b1e:  50% ▕████████          ▏ 4.5 GB/9.0 GB   22 MB/s   3m20s[K[?25h[?2026l[?2026h[?25l[A[1Gpulling manifest [K
pulling 2049f5674b1e:  50% ▕████████          ▏ 4.5 GB/9.0 GB   22 MB/s   3m20s[K[?25h[?2026l[?2026h[?25l[A[1Gpulling manifest [K
pulling 2049f5674b1e:  50% ▕████████          ▏ 4.5 GB/9.0 GB   22 MB/s   3m20s[K[?25h[?2026l[?2026h[?25l[A[1Gpulling manifest [K
pulling 2049f5674b1e:  50% ▕████████          ▏ 4.5 GB/9.0 GB   22 MB/s   3m20s[K[?25h[?2026l[?2026h[?25l[A[1Gpulling manifest [K
pulling 2049f5674b1e:  50% ▕████████          ▏ 4.5 GB/9.0 GB   22 MB/s   3m20s[K[?25h[?2026l[?2026h[?25l[A[1Gpulling manifest [K
pulling 2049f5674b1e:  50% ▕████████          ▏ 4.5 GB/9.0 GB   22 MB/s   3m20s[K[?25h[?2026l[?2026h[?25l[A[1Gpulling manifest [K
pulling 2049f5674b1e:  50% ▕████████          ▏ 4.5 GB/9.0 GB   22 MB/s   3m20s[K[?25h[?2026l[?2026h[?25l[A[1Gpulling manifest [K
pulling 2049f5674b1e:  50% ▕████████          ▏ 4.5 GB/9.0 GB   22 MB/s   3m19s[K[?25h[?2026l[?2026h[?25l[A[1Gpulling manifest [K
pulling 2049f5674b1e:  50% ▕████████          ▏ 4.5 GB/9.0 GB   22 MB/s   3m19s[K[?25h[?2026l[?2026h[?25l[A[1Gpulling manifest [K
pulling 2049f5674b1e:  50% ▕█████████         ▏ 4.5 GB/9.0 GB   22 MB/s   3m19s[K[?25h[?2026l[?2026h[?25l[A[1Gpulling manifest [K
pulling 2049f5674b1e:  50% ▕█████████         ▏ 4.5 GB/9.0 GB   25 MB/s   2m57s[K[?25h[?2026l[?2026h[?25l[A[1Gpulling manifest [K
pulling 2049f5674b1e:  50% ▕█████████         ▏ 4.5 GB/9.0 GB   25 MB/s   2m56s[K[?25h[?2026l[?2026h[?25l[A[1Gpulling manifest [K
pulling 2049f5674b1e:  50% ▕█████████         ▏ 4.5 GB/9.0 GB   25 MB/s   2m56s[K[?25h[?2026l[?2026h[?25l[A[1Gpulling manifest [K
pulling 2049f5674b1e:  50% ▕█████████         ▏ 4.5 GB/9.0 GB   25 MB/s   2m56s[K[?25h[?2026l[?2026h[?25l[A[1Gpulling manifest [K
pulling 2049f5674b1e:  50% ▕█████████         ▏ 4.5 GB/9.0 GB   25 MB/s   2m56s[K[?25h[?2026l[?2026h[?25l[A[1Gpulling manifest [K
pulling 2049f5674b1e:  50% ▕█████████         ▏ 4.5 GB/9.0 GB   25 MB/s   2m56s[K[?25h[?2026l[?2026h[?25l[A[1Gpulling manifest [K
pulling 2049f5674b1e:  50% ▕█████████         ▏ 4.5 GB/9.0 GB   25 MB/s   2m56s[K[?25h[?2026l[?2026h[?25l[A[1Gpulling manifest [K
pulling 2049f5674b1e:  50% ▕█████████         ▏ 4.5 GB/9.0 GB   25 MB/s   2m56s[K[?25h[?2026l[?2026h[?25l[A[1Gpulling manifest [K
pulling 2049f5674b1e:  50% ▕█████████         ▏ 4.5 GB/9.0 GB   25 MB/s   2m56s[K[?25h[?2026l[?2026h[?25l[A[1Gpulling manifest [K
pulling 2049f5674b1e:  50% ▕█████████         ▏ 4.5 GB/9.0 GB   25 MB/s   2m56s[K[?25h[?2026l[?2026h[?25l[A[1Gpulling manifest [K
pulling 2049f5674b1e:  50% ▕█████████         ▏ 4.5 GB/9.0 GB   26 MB/s   2m50s[K[?25h[?2026l[?2026h[?25l[A[1Gpulling manifest [K
pulling 2049f5674b1e:  50% ▕█████████         ▏ 4.5 GB/9.0 GB   26 MB/s   2m50s[K[?25h[?2026l[?2026h[?25l[A[1Gpulling manifest [K
pulling 2049f5674b1e:  50% ▕█████████         ▏ 4.5 GB/9.0 GB   26 MB/s   2m50s[K[?25h[?2026l[?2026h[?25l[A[1Gpulling manifest [K
pulling 2049f5674b1e:  50% ▕█████████         ▏ 4.5 GB/9.0 GB   26 MB/s   2m50s[K[?25h[?2026l[?2026h[?25l[A[1Gpulling manifest [K
pulling 2049f5674b1e:  50% ▕█████████         ▏ 4.5 GB/9.0 GB   26 MB/s   2m50s[K[?25h[?2026l[?2026h[?25l[A[1Gpulling manifest [K
pulling 2049f5674b1e:  50% ▕█████████         ▏ 4.5 GB/9.0 GB   26 MB/s   2m50s[K[?25h[?2026l[?2026h[?25l[A[1Gpulling manifest [K
pulling 2049f5674b1e:  50% ▕█████████         ▏ 4.5 GB/9.0 GB   26 MB/s   2m50s[K[?25h[?2026l[?2026h[?25l[A[1Gpulling manifest [K
pulling 2049f5674b1e:  50% ▕█████████         ▏ 4.5 GB/9.0 GB   26 MB/s   2m50s[K[?25h[?2026l[?2026h[?25l[A[1Gpulling manifest [K
pulling 2049f5674b1e:  50% ▕█████████         ▏ 4.5 GB/9.0 GB   26 MB/s   2m50s[K[?25h[?2026l[?2026h[?25l[A[1Gpulling manifest [K
pulling 2049f5674b1e:  50% ▕█████████         ▏ 4.5 GB/9.0 GB   26 MB/s   2m49s[K[?25h[?2026l[?2026h[?25l[A[1Gpulling manifest [K
pulling 2049f5674b1e:  50% ▕█████████         ▏ 4.5 GB/9.0 GB   23 MB/s   3m11s[K[?25h[?2026l[?2026h[?25l[A[1Gpulling manifest [K
pulling 2049f5674b1e:  50% ▕█████████         ▏ 4.5 GB/9.0 GB   23 MB/s   3m11s[K[?25h[?2026l[?2026h[?25l[A[1Gpulling manifest [K
pulling 2049f5674b1e:  50% ▕█████████         ▏ 4.5 GB/9.0 GB   23 MB/s   3m11s[K[?25h[?2026l[?2026h[?25l[A[1Gpulling manifest [K
pulling 2049f5674b1e:  50% ▕█████████         ▏ 4.5 GB/9.0 GB   23 MB/s   3m11s[K[?25h[?2026l[?2026h[?25l[A[1Gpulling manifest [K
pulling 2049f5674b1e:  50% ▕█████████         ▏ 4.5 GB/9.0 GB   23 MB/s   3m11s[K[?25h[?2026l[?2026h[?25l[A[1Gpulling manifest [K
pulling 2049f5674b1e:  50% ▕█████████         ▏ 4.5 GB/9.0 GB   23 MB/s   3m11s[K[?25h[?2026l[?2026h[?25l[A[1Gpulling manifest [K
pulling 2049f5674b1e:  51% ▕█████████         ▏ 4.5 GB/9.0 GB   23 MB/s   3m11s[K[?25h[?2026l[?2026h[?25l[A[1Gpulling manifest [K
pulling 2049f5674b1e:  51% ▕█████████         ▏ 4.5 GB/9.0 GB   23 MB/s   3m11s[K[?25h[?2026l[?2026h[?25l[A[1Gpulling manifest [K
pulling 2049f5674b1e:  51% ▕█████████         ▏ 4.5 GB/9.0 GB   23 MB/s   3m11s[K[?25h[?2026l[?2026h[?25l[A[1Gpulling manifest [K
pulling 2049f5674b1e:  51% ▕█████████         ▏ 4.5 GB/9.0 GB   23 MB/s   3m11s[K[?25h[?2026l[?2026h[?25l[A[1Gpulling manifest [K
pulling 2049f5674b1e:  51% ▕█████████         ▏ 4.6 GB/9.0 GB   23 MB/s   3m12s[K[?25h[?2026l[?2026h[?25l[A[1Gpulling manifest [K
pulling 2049f5674b1e:  51% ▕█████████         ▏ 4.6 GB/9.0 GB   23 MB/s   3m12s[K[?25h[?2026l[?2026h[?25l[A[1Gpulling manifest [K
pulling 2049f5674b1e:  51% ▕█████████         ▏ 4.6 GB/9.0 GB   23 MB/s   3m12s[K[?25h[?2026l[?2026h[?25l[A[1Gpulling manifest [K
pulling 2049f5674b1e:  51% ▕█████████         ▏ 4.6 GB/9.0 GB   23 MB/s   3m12s[K[?25h[?2026l[?2026h[?25l[A[1Gpulling manifest [K
pulling 2049f5674b1e:  51% ▕█████████         ▏ 4.6 GB/9.0 GB   23 MB/s   3m12s[K[?25h[?2026l[?2026h[?25l[A[1Gpulling manifest [K
pulling 2049f5674b1e:  51% ▕█████████         ▏ 4.6 GB/9.0 GB   23 MB/s   3m11s[K[?25h[?2026l[?2026h[?25l[A[1Gpulling manifest [K
pulling 2049f5674b1e:  51% ▕█████████         ▏ 4.6 GB/9.0 GB   23 MB/s   3m11s[K[?25h[?2026l[?2026h[?25l[A[1Gpulling manifest [K
pulling 2049f5674b1e:  51% ▕█████████         ▏ 4.6 GB/9.0 GB   23 MB/s   3m11s[K[?25h[?2026l[?2026h[?25l[A[1Gpulling manifest [K
pulling 2049f5674b1e:  51% ▕█████████         ▏ 4.6 GB/9.0 GB   23 MB/s   3m11s[K[?25h[?2026l[?2026h[?25l[A[1Gpulling manifest [K
pulling 2049f5674b1e:  51% ▕█████████         ▏ 4.6 GB/9.0 GB   23 MB/s   3m11s[K[?25h[?2026l[?2026h[?25l[A[1Gpulling manifest [K
pulling 2049f5674b1e:  51% ▕█████████         ▏ 4.6 GB/9.0 GB   23 MB/s    3m9s[K[?25h[?2026l[?2026h[?25l[A[1Gpulling manifest [K
pulling 2049f5674b1e:  51% ▕█████████         ▏ 4.6 GB/9.0 GB   23 MB/s    3m9s[K[?25h[?2026l[?2026h[?25l[A[1Gpulling manifest [K
pulling 2049f5674b1e:  51% ▕█████████         ▏ 4.6 GB/9.0 GB   23 MB/s    3m9s[K[?25h[?2026l[?2026h[?25l[A[1Gpulling manifest [K
pulling 2049f5674b1e:  51% ▕█████████         ▏ 4.6 GB/9.0 GB   23 MB/s    3m9s[K[?25h[?2026l[?2026h[?25l[A[1Gpulling manifest [K
pulling 2049f5674b1e:  51% ▕█████████         ▏ 4.6 GB/9.0 GB   23 MB/s    3m9s[K[?25h[?2026l[?2026h[?25l[A[1Gpulling manifest [K
pulling 2049f5674b1e:  51% ▕█████████         ▏ 4.6 GB/9.0 GB   23 MB/s    3m9s[K[?25h[?2026l[?2026h[?25l[A[1Gpulling manifest [K
pulling 2049f5674b1e:  51% ▕█████████         ▏ 4.6 GB/9.0 GB   23 MB/s    3m9s[K[?25h[?2026l[?2026h[?25l[A[1Gpulling manifest [K
pulling 2049f5674b1e:  51% ▕█████████         ▏ 4.6 GB/9.0 GB   23 MB/s    3m9s[K[?25h[?2026l[?2026h[?25l[A[1Gpulling manifest [K
pulling 2049f5674b1e:  51% ▕█████████         ▏ 4.6 GB/9.0 GB   23 MB/s    3m9s[K[?25h[?2026l[?2026h[?25l[A[1Gpulling manifest [K
pulling 2049f5674b1e:  51% ▕█████████         ▏ 4.6 GB/9.0 GB   23 MB/s    3m8s[K[?25h[?2026l[?2026h[?25l[A[1Gpulling manifest [K
pulling 2049f5674b1e:  51% ▕█████████         ▏ 4.6 GB/9.0 GB   23 MB/s    3m8s[K[?25h[?2026l[?2026h[?25l[A[1Gpulling manifest [K
pulling 2049f5674b1e:  51% ▕█████████         ▏ 4.6 GB/9.0 GB   22 MB/s   3m13s[K[?25h[?2026l[?2026h[?25l[A[1Gpulling manifest [K
pulling 2049f5674b1e:  51% ▕█████████         ▏ 4.6 GB/9.0 GB   22 MB/s   3m12s[K[?25h[?2026l[?2026h[?25l[A[1Gpulling manifest [K
pulling 2049f5674b1e:  51% ▕█████████         ▏ 4.6 GB/9.0 GB   22 MB/s   3m12s[K[?25h[?2026l[?2026h[?25l[A[1Gpulling manifest [K
pulling 2049f5674b1e:  51% ▕█████████         ▏ 4.6 GB/9.0 GB   22 MB/s   3m12s[K[?25h[?2026l[?2026h[?25l[A[1Gpulling manifest [K
pulling 2049f5674b1e:  51% ▕█████████         ▏ 4.6 GB/9.0 GB   22 MB/s   3m12s[K[?25h[?2026l[?2026h[?25l[A[1Gpulling manifest [K
pulling 2049f5674b1e:  51% ▕█████████         ▏ 4.6 GB/9.0 GB   22 MB/s   3m12s[K[?25h[?2026l[?2026h[?25l[A[1Gpulling manifest [K
pulling 2049f5674b1e:  51% ▕█████████         ▏ 4.6 GB/9.0 GB   22 MB/s   3m12s[K[?25h[?2026l[?2026h[?25l[A[1Gpulling manifest [K
pulling 2049f5674b1e:  51% ▕█████████         ▏ 4.6 GB/9.0 GB   22 MB/s   3m12s[K[?25h[?2026l[?2026h[?25l[A[1Gpulling manifest [K
pulling 2049f5674b1e:  51% ▕█████████         ▏ 4.6 GB/9.0 GB   22 MB/s   3m12s[K[?25h[?2026l[?2026h[?25l[A[1Gpulling manifest [K
pulling 2049f5674b1e:  51% ▕█████████         ▏ 4.6 GB/9.0 GB   22 MB/s   3m12s[K[?25h[?2026l[?2026h[?25l[A[1Gpulling manifest [K
pulling 2049f5674b1e:  51% ▕█████████         ▏ 4.6 GB/9.0 GB   23 MB/s    3m8s[K[?25h[?2026l[?2026h[?25l[A[1Gpulling manifest [K
pulling 2049f5674b1e:  52% ▕█████████         ▏ 4.6 GB/9.0 GB   23 MB/s    3m7s[K[?25h[?2026l[?2026h[?25l[A[1Gpulling manifest [K
pulling 2049f5674b1e:  52% ▕█████████         ▏ 4.6 GB/9.0 GB   23 MB/s    3m7s[K[?25h[?2026l[?2026h[?25l[A[1Gpulling manifest [K
pulling 2049f5674b1e:  52% ▕█████████         ▏ 4.6 GB/9.0 GB   23 MB/s    3m7s[K[?25h[?2026l[?2026h[?25l[A[1Gpulling manifest [K
pulling 2049f5674b1e:  52% ▕█████████         ▏ 4.6 GB/9.0 GB   23 MB/s    3m7s[K[?25h[?2026l[?2026h[?25l[A[1Gpulling manifest [K
pulling 2049f5674b1e:  52% ▕█████████         ▏ 4.6 GB/9.0 GB   23 MB/s    3m7s[K[?25h[?2026l[?2026h[?25l[A[1Gpulling manifest [K
pulling 2049f5674b1e:  52% ▕█████████         ▏ 4.6 GB/9.0 GB   23 MB/s    3m7s[K[?25h[?2026l[?2026h[?25l[A[1Gpulling manifest [K
pulling 2049f5674b1e:  52% ▕█████████         ▏ 4.6 GB/9.0 GB   23 MB/s    3m7s[K[?25h[?2026l[?2026h[?25l[A[1Gpulling manifest [K
pulling 2049f5674b1e:  52% ▕█████████         ▏ 4.7 GB/9.0 GB   23 MB/s    3m6s[K[?25h[?2026l[?2026h[?25l[A[1Gpulling manifest [K
pulling 2049f5674b1e:  52% ▕█████████         ▏ 4.7 GB/9.0 GB   23 MB/s    3m6s[K[?25h[?2026l[?2026h[?25l[A[1Gpulling manifest [K
pulling 2049f5674b1e:  52% ▕█████████         ▏ 4.7 GB/9.0 GB   24 MB/s   2m56s[K[?25h[?2026l[?2026h[?25l[A[1Gpulling manifest [K
pulling 2049f5674b1e:  52% ▕█████████         ▏ 4.7 GB/9.0 GB   24 MB/s   2m56s[K[?25h[?2026l[?2026h[?25l[A[1Gpulling manifest [K
pulling 2049f5674b1e:  52% ▕█████████         ▏ 4.7 GB/9.0 GB   24 MB/s   2m56s[K[?25h[?2026l[?2026h[?25l[A[1Gpulling manifest [K
pulling 2049f5674b1e:  52% ▕█████████         ▏ 4.7 GB/9.0 GB   24 MB/s   2m56s[K[?25h[?2026l[?2026h[?25l[A[1Gpulling manifest [K
pulling 2049f5674b1e:  52% ▕█████████         ▏ 4.7 GB/9.0 GB   24 MB/s   2m56s[K[?25h[?2026l[?2026h[?25l[A[1Gpulling manifest [K
pulling 2049f5674b1e:  52% ▕█████████         ▏ 4.7 GB/9.0 GB   24 MB/s   2m56s[K[?25h[?2026l[?2026h[?25l[A[1Gpulling manifest [K
pulling 2049f5674b1e:  52% ▕█████████         ▏ 4.7 GB/9.0 GB   24 MB/s   2m56s[K[?25h[?2026l[?2026h[?25l[A[1Gpulling manifest [K
pulling 2049f5674b1e:  52% ▕█████████         ▏ 4.7 GB/9.0 GB   24 MB/s   2m56s[K[?25h[?2026l[?2026h[?25l[A[1Gpulling manifest [K
pulling 2049f5674b1e:  52% ▕█████████         ▏ 4.7 GB/9.0 GB   24 MB/s   2m56s[K[?25h[?2026l[?2026h[?25l[A[1Gpulling manifest [K
pulling 2049f5674b1e:  52% ▕█████████         ▏ 4.7 GB/9.0 GB   24 MB/s   2m56s[K[?25h[?2026l[?2026h[?25l[A[1Gpulling manifest [K
pulling 2049f5674b1e:  52% ▕█████████         ▏ 4.7 GB/9.0 GB   23 MB/s    3m0s[K[?25h[?2026l[?2026h[?25l[A[1Gpulling manifest [K
pulling 2049f5674b1e:  52% ▕█████████         ▏ 4.7 GB/9.0 GB   23 MB/s    3m0s[K[?25h[?2026l[?2026h[?25l[A[1Gpulling manifest [K
pulling 2049f5674b1e:  52% ▕█████████         ▏ 4.7 GB/9.0 GB   23 MB/s    3m0s[K[?25h[?2026l[?2026h[?25l[A[1Gpulling manifest [K
pulling 2049f5674b1e:  52% ▕█████████         ▏ 4.7 GB/9.0 GB   23 MB/s    3m0s[K[?25h[?2026l[?2026h[?25l[A[1Gpulling manifest [K
pulling 2049f5674b1e:  52% ▕█████████         ▏ 4.7 GB/9.0 GB   23 MB/s    3m0s[K[?25h[?2026l[?2026h[?25l[A[1Gpulling manifest [K
pulling 2049f5674b1e:  52% ▕█████████         ▏ 4.7 GB/9.0 GB   23 MB/s    3m0s[K[?25h[?2026l[?2026h[?25l[A[1Gpulling manifest [K
pulling 2049f5674b1e:  52% ▕█████████         ▏ 4.7 GB/9.0 GB   23 MB/s    3m0s[K[?25h[?2026l[?2026h[?25l[A[1Gpulling manifest [K
pulling 2049f5674b1e:  52% ▕█████████         ▏ 4.7 GB/9.0 GB   23 MB/s    3m0s[K[?25h[?2026l[?2026h[?25l[A[1Gpulling manifest [K
pulling 2049f5674b1e:  52% ▕█████████         ▏ 4.7 GB/9.0 GB   23 MB/s    3m0s[K[?25h[?2026l[?2026h[?25l[A[1Gpulling manifest [K
pulling 2049f5674b1e:  52% ▕█████████         ▏ 4.7 GB/9.0 GB   23 MB/s    3m0s[K[?25h[?2026l[?2026h[?25l[A[1Gpulling manifest [K
pulling 2049f5674b1e:  52% ▕█████████         ▏ 4.7 GB/9.0 GB   22 MB/s   3m11s[K[?25h[?2026l[?2026h[?25l[A[1Gpulling manifest [K
pulling 2049f5674b1e:  52% ▕█████████         ▏ 4.7 GB/9.0 GB   22 MB/s   3m11s[K[?25h[?2026l[?2026h[?25l[A[1Gpulling manifest [K
pulling 2049f5674b1e:  52% ▕█████████         ▏ 4.7 GB/9.0 GB   22 MB/s   3m11s[K[?25h[?2026l[?2026h[?25l[A[1Gpulling manifest [K
pulling 2049f5674b1e:  52% ▕█████████         ▏ 4.7 GB/9.0 GB   22 MB/s   3m10s[K[?25h[?2026l[?2026h[?25l[A[1Gpulling manifest [K
pulling 2049f5674b1e:  52% ▕█████████         ▏ 4.7 GB/9.0 GB   22 MB/s   3m10s[K[?25h[?2026l[?2026h[?25l[A[1Gpulling manifest [K
pulling 2049f5674b1e:  52% ▕█████████         ▏ 4.7 GB/9.0 GB   22 MB/s   3m10s[K[?25h[?2026l[?2026h[?25l[A[1Gpulling manifest [K
pulling 2049f5674b1e:  52% ▕█████████         ▏ 4.7 GB/9.0 GB   22 MB/s   3m10s[K[?25h[?2026l[?2026h[?25l[A[1Gpulling manifest [K
pulling 2049f5674b1e:  52% ▕█████████         ▏ 4.7 GB/9.0 GB   22 MB/s   3m10s[K[?25h[?2026l[?2026h[?25l[A[1Gpulling manifest [K
pulling 2049f5674b1e:  52% ▕█████████         ▏ 4.7 GB/9.0 GB   22 MB/s   3m10s[K[?25h[?2026l[?2026h[?25l[A[1Gpulling manifest [K
pulling 2049f5674b1e:  52% ▕█████████         ▏ 4.7 GB/9.0 GB   22 MB/s   3m10s[K[?25h[?2026l[?2026h[?25l[A[1Gpulling manifest [K
pulling 2049f5674b1e:  53% ▕█████████         ▏ 4.7 GB/9.0 GB   22 MB/s   3m10s[K[?25h[?2026l[?2026h[?25l[A[1Gpulling manifest [K
pulling 2049f5674b1e:  53% ▕█████████         ▏ 4.7 GB/9.0 GB   22 MB/s    3m8s[K[?25h[?2026l[?2026h[?25l[A[1Gpulling manifest [K
pulling 2049f5674b1e:  53% ▕█████████         ▏ 4.7 GB/9.0 GB   22 MB/s    3m7s[K[?25h[?2026l[?2026h[?25l[A[1Gpulling manifest [K
pulling 2049f5674b1e:  53% ▕█████████         ▏ 4.7 GB/9.0 GB   22 MB/s    3m7s[K[?25h[?2026l[?2026h[?25l[A[1Gpulling manifest [K
pulling 2049f5674b1e:  53% ▕█████████         ▏ 4.7 GB/9.0 GB   22 MB/s    3m7s[K[?25h[?2026l[?2026h[?25l[A[1Gpulling manifest [K
pulling 2049f5674b1e:  53% ▕█████████         ▏ 4.7 GB/9.0 GB   22 MB/s    3m7s[K[?25h[?2026l[?2026h[?25l[A[1Gpulling manifest [K
pulling 2049f5674b1e:  53% ▕█████████         ▏ 4.7 GB/9.0 GB   22 MB/s    3m7s[K[?25h[?2026l[?2026h[?25l[A[1Gpulling manifest [K
pulling 2049f5674b1e:  53% ▕█████████         ▏ 4.7 GB/9.0 GB   22 MB/s    3m7s[K[?25h[?2026l[?2026h[?25l[A[1Gpulling manifest [K
pulling 2049f5674b1e:  53% ▕█████████         ▏ 4.8 GB/9.0 GB   22 MB/s    3m7s[K[?25h[?2026l[?2026h[?25l[A[1Gpulling manifest [K
pulling 2049f5674b1e:  53% ▕█████████         ▏ 4.8 GB/9.0 GB   22 MB/s    3m7s[K[?25h[?2026l[?2026h[?25l[A[1Gpulling manifest [K
pulling 2049f5674b1e:  53% ▕█████████         ▏ 4.8 GB/9.0 GB   22 MB/s    3m6s[K[?25h[?2026l[?2026h[?25l[A[1Gpulling manifest [K
pulling 2049f5674b1e:  53% ▕█████████         ▏ 4.8 GB/9.0 GB   25 MB/s   2m48s[K[?25h[?2026l[?2026h[?25l[A[1Gpulling manifest [K
pulling 2049f5674b1e:  53% ▕█████████         ▏ 4.8 GB/9.0 GB   25 MB/s   2m48s[K[?25h[?2026l[?2026h[?25l[A[1Gpulling manifest [K
pulling 2049f5674b1e:  53% ▕█████████         ▏ 4.8 GB/9.0 GB   25 MB/s   2m48s[K[?25h[?2026l[?2026h[?25l[A[1Gpulling manifest [K
pulling 2049f5674b1e:  53% ▕█████████         ▏ 4.8 GB/9.0 GB   25 MB/s   2m48s[K[?25h[?2026l[?2026h[?25l[A[1Gpulling manifest [K
pulling 2049f5674b1e:  53% ▕█████████         ▏ 4.8 GB/9.0 GB   25 MB/s   2m47s[K[?25h[?2026l[?2026h[?25l[A[1Gpulling manifest [K
pulling 2049f5674b1e:  53% ▕█████████         ▏ 4.8 GB/9.0 GB   25 MB/s   2m47s[K[?25h[?2026l[?2026h[?25l[A[1Gpulling manifest [K
pulling 2049f5674b1e:  53% ▕█████████         ▏ 4.8 GB/9.0 GB   25 MB/s   2m47s[K[?25h[?2026l[?2026h[?25l[A[1Gpulling manifest [K
pulling 2049f5674b1e:  53% ▕█████████         ▏ 4.8 GB/9.0 GB   25 MB/s   2m47s[K[?25h[?2026l[?2026h[?25l[A[1Gpulling manifest [K
pulling 2049f5674b1e:  53% ▕█████████         ▏ 4.8 GB/9.0 GB   25 MB/s   2m47s[K[?25h[?2026l[?2026h[?25l[A[1Gpulling manifest [K
pulling 2049f5674b1e:  53% ▕█████████         ▏ 4.8 GB/9.0 GB   25 MB/s   2m47s[K[?25h[?2026l[?2026h[?25l[A[1Gpulling manifest [K
pulling 2049f5674b1e:  53% ▕█████████         ▏ 4.8 GB/9.0 GB   24 MB/s   2m49s[K[?25h[?2026l[?2026h[?25l[A[1Gpulling manifest [K
pulling 2049f5674b1e:  53% ▕█████████         ▏ 4.8 GB/9.0 GB   24 MB/s   2m49s[K[?25h[?2026l[?2026h[?25l[A[1Gpulling manifest [K
pulling 2049f5674b1e:  53% ▕█████████         ▏ 4.8 GB/9.0 GB   24 MB/s   2m49s[K[?25h[?2026l[?2026h[?25l[A[1Gpulling manifest [K
pulling 2049f5674b1e:  53% ▕█████████         ▏ 4.8 GB/9.0 GB   24 MB/s   2m49s[K[?25h[?2026l[?2026h[?25l[A[1Gpulling manifest [K
pulling 2049f5674b1e:  53% ▕█████████         ▏ 4.8 GB/9.0 GB   24 MB/s   2m49s[K[?25h[?2026l[?2026h[?25l[A[1Gpulling manifest [K
pulling 2049f5674b1e:  53% ▕█████████         ▏ 4.8 GB/9.0 GB   24 MB/s   2m49s[K[?25h[?2026l[?2026h[?25l[A[1Gpulling manifest [K
pulling 2049f5674b1e:  53% ▕█████████         ▏ 4.8 GB/9.0 GB   24 MB/s   2m49s[K[?25h[?2026l[?2026h[?25l[A[1Gpulling manifest [K
pulling 2049f5674b1e:  53% ▕█████████         ▏ 4.8 GB/9.0 GB   24 MB/s   2m49s[K[?25h[?2026l[?2026h[?25l[A[1Gpulling manifest [K
pulling 2049f5674b1e:  53% ▕█████████         ▏ 4.8 GB/9.0 GB   24 MB/s   2m49s[K[?25h[?2026l[?2026h[?25l[A[1Gpulling manifest [K
pulling 2049f5674b1e:  53% ▕█████████         ▏ 4.8 GB/9.0 GB   24 MB/s   2m49s[K[?25h[?2026l[?2026h[?25l[A[1Gpulling manifest [K
pulling 2049f5674b1e:  53% ▕█████████         ▏ 4.8 GB/9.0 GB   23 MB/s   2m59s[K[?25h[?2026l[?2026h[?25l[A[1Gpulling manifest [K
pulling 2049f5674b1e:  53% ▕█████████         ▏ 4.8 GB/9.0 GB   23 MB/s   2m58s[K[?25h[?2026l[?2026h[?25l[A[1Gpulling manifest [K
pulling 2049f5674b1e:  53% ▕█████████         ▏ 4.8 GB/9.0 GB   23 MB/s   2m58s[K[?25h[?2026l[?2026h[?25l[A[1Gpulling manifest [K
pulling 2049f5674b1e:  53% ▕█████████         ▏ 4.8 GB/9.0 GB   23 MB/s   2m58s[K[?25h[?2026l[?2026h[?25l[A[1Gpulling manifest [K
pulling 2049f5674b1e:  53% ▕█████████         ▏ 4.8 GB/9.0 GB   23 MB/s   2m58s[K[?25h[?2026l[?2026h[?25l[A[1Gpulling manifest [K
pulling 2049f5674b1e:  53% ▕█████████         ▏ 4.8 GB/9.0 GB   23 MB/s   2m58s[K[?25h[?2026l[?2026h[?25l[A[1Gpulling manifest [K
pulling 2049f5674b1e:  53% ▕█████████         ▏ 4.8 GB/9.0 GB   23 MB/s   2m58s[K[?25h[?2026l[?2026h[?25l[A[1Gpulling manifest [K
pulling 2049f5674b1e:  53% ▕█████████         ▏ 4.8 GB/9.0 GB   23 MB/s   2m58s[K[?25h[?2026l[?2026h[?25l[A[1Gpulling manifest [K
pulling 2049f5674b1e:  54% ▕█████████         ▏ 4.8 GB/9.0 GB   23 MB/s   2m58s[K[?25h[?2026l[?2026h[?25l[A[1Gpulling manifest [K
pulling 2049f5674b1e:  54% ▕█████████         ▏ 4.8 GB/9.0 GB   23 MB/s   2m57s[K[?25h[?2026l[?2026h[?25l[A[1Gpulling manifest [K
pulling 2049f5674b1e:  54% ▕█████████         ▏ 4.8 GB/9.0 GB   24 MB/s   2m47s[K[?25h[?2026l[?2026h[?25l[A[1Gpulling manifest [K
pulling 2049f5674b1e:  54% ▕█████████         ▏ 4.8 GB/9.0 GB   24 MB/s   2m46s[K[?25h[?2026l[?2026h[?25l[A[1Gpulling manifest [K
pulling 2049f5674b1e:  54% ▕█████████         ▏ 4.8 GB/9.0 GB   24 MB/s   2m46s[K[?25h[?2026l[?2026h[?25l[A[1Gpulling manifest [K
pulling 2049f5674b1e:  54% ▕█████████         ▏ 4.8 GB/9.0 GB   24 MB/s   2m46s[K[?25h[?2026l[?2026h[?25l[A[1Gpulling manifest [K
pulling 2049f5674b1e:  54% ▕█████████         ▏ 4.8 GB/9.0 GB   24 MB/s   2m46s[K[?25h[?2026l[?2026h[?25l[A[1Gpulling manifest [K
pulling 2049f5674b1e:  54% ▕█████████         ▏ 4.8 GB/9.0 GB   24 MB/s   2m46s[K[?25h[?2026l[?2026h[?25l[A[1Gpulling manifest [K
pulling 2049f5674b1e:  54% ▕█████████         ▏ 4.8 GB/9.0 GB   24 MB/s   2m46s[K[?25h[?2026l[?2026h[?25l[A[1Gpulling manifest [K
pulling 2049f5674b1e:  54% ▕█████████         ▏ 4.8 GB/9.0 GB   24 MB/s   2m46s[K[?25h[?2026l[?2026h[?25l[A[1Gpulling manifest [K
pulling 2049f5674b1e:  54% ▕█████████         ▏ 4.8 GB/9.0 GB   24 MB/s   2m46s[K[?25h[?2026l[?2026h[?25l[A[1Gpulling manifest [K
pulling 2049f5674b1e:  54% ▕█████████         ▏ 4.8 GB/9.0 GB   24 MB/s   2m46s[K[?25h[?2026l[?2026h[?25l[A[1Gpulling manifest [K
pulling 2049f5674b1e:  54% ▕█████████         ▏ 4.8 GB/9.0 GB   24 MB/s   2m46s[K[?25h[?2026l[?2026h[?25l[A[1Gpulling manifest [K
pulling 2049f5674b1e:  54% ▕█████████         ▏ 4.8 GB/9.0 GB   23 MB/s   2m53s[K[?25h[?2026l[?2026h[?25l[A[1Gpulling manifest [K
pulling 2049f5674b1e:  54% ▕█████████         ▏ 4.8 GB/9.0 GB   23 MB/s   2m53s[K[?25h[?2026l[?2026h[?25l[A[1Gpulling manifest [K
pulling 2049f5674b1e:  54% ▕█████████         ▏ 4.8 GB/9.0 GB   23 MB/s   2m53s[K[?25h[?2026l[?2026h[?25l[A[1Gpulling manifest [K
pulling 2049f5674b1e:  54% ▕█████████         ▏ 4.8 GB/9.0 GB   23 MB/s   2m53s[K[?25h[?2026l[?2026h[?25l[A[1Gpulling manifest [K
pulling 2049f5674b1e:  54% ▕█████████         ▏ 4.9 GB/9.0 GB   23 MB/s   2m53s[K[?25h[?2026l[?2026h[?25l[A[1Gpulling manifest [K
pulling 2049f5674b1e:  54% ▕█████████         ▏ 4.9 GB/9.0 GB   23 MB/s   2m53s[K[?25h[?2026l[?2026h[?25l[A[1Gpulling manifest [K
pulling 2049f5674b1e:  54% ▕█████████         ▏ 4.9 GB/9.0 GB   23 MB/s   2m53s[K[?25h[?2026l[?2026h[?25l[A[1Gpulling manifest [K
pulling 2049f5674b1e:  54% ▕█████████         ▏ 4.9 GB/9.0 GB   23 MB/s   2m52s[K[?25h[?2026l[?2026h[?25l[A[1Gpulling manifest [K
pulling 2049f5674b1e:  54% ▕█████████         ▏ 4.9 GB/9.0 GB   23 MB/s   2m52s[K[?25h[?2026l[?2026h[?25l[A[1Gpulling manifest [K
pulling 2049f5674b1e:  54% ▕█████████         ▏ 4.9 GB/9.0 GB   23 MB/s   2m52s[K[?25h[?2026l[?2026h[?25l[A[1Gpulling manifest [K
pulling 2049f5674b1e:  54% ▕█████████         ▏ 4.9 GB/9.0 GB   22 MB/s    3m4s[K[?25h[?2026l[?2026h[?25l[A[1Gpulling manifest [K
pulling 2049f5674b1e:  54% ▕█████████         ▏ 4.9 GB/9.0 GB   22 MB/s    3m4s[K[?25h[?2026l[?2026h[?25l[A[1Gpulling manifest [K
pulling 2049f5674b1e:  54% ▕█████████         ▏ 4.9 GB/9.0 GB   22 MB/s    3m4s[K[?25h[?2026l[?2026h[?25l[A[1Gpulling manifest [K
pulling 2049f5674b1e:  54% ▕█████████         ▏ 4.9 GB/9.0 GB   22 MB/s    3m3s[K[?25h[?2026l[?2026h[?25l[A[1Gpulling manifest [K
pulling 2049f5674b1e:  54% ▕█████████         ▏ 4.9 GB/9.0 GB   22 MB/s    3m3s[K[?25h[?2026l[?2026h[?25l[A[1Gpulling manifest [K
pulling 2049f5674b1e:  54% ▕█████████         ▏ 4.9 GB/9.0 GB   22 MB/s    3m3s[K[?25h[?2026l[?2026h[?25l[A[1Gpulling manifest [K
pulling 2049f5674b1e:  54% ▕█████████         ▏ 4.9 GB/9.0 GB   22 MB/s    3m3s[K[?25h[?2026l[?2026h[?25l[A[1Gpulling manifest [K
pulling 2049f5674b1e:  54% ▕█████████         ▏ 4.9 GB/9.0 GB   22 MB/s    3m3s[K[?25h[?2026l[?2026h[?25l[A[1Gpulling manifest [K
pulling 2049f5674b1e:  54% ▕█████████         ▏ 4.9 GB/9.0 GB   22 MB/s    3m3s[K[?25h[?2026l[?2026h[?25l[A[1Gpulling manifest [K
pulling 2049f5674b1e:  54% ▕█████████         ▏ 4.9 GB/9.0 GB   22 MB/s    3m3s[K[?25h[?2026l[?2026h[?25l[A[1Gpulling manifest [K
pulling 2049f5674b1e:  54% ▕█████████         ▏ 4.9 GB/9.0 GB   23 MB/s   2m54s[K[?25h[?2026l[?2026h[?25l[A[1Gpulling manifest [K
pulling 2049f5674b1e:  54% ▕█████████         ▏ 4.9 GB/9.0 GB   23 MB/s   2m54s[K[?25h[?2026l[?2026h[?25l[A[1Gpulling manifest [K
pulling 2049f5674b1e:  54% ▕█████████         ▏ 4.9 GB/9.0 GB   23 MB/s   2m54s[K[?25h[?2026l[?2026h[?25l[A[1Gpulling manifest [K
pulling 2049f5674b1e:  54% ▕█████████         ▏ 4.9 GB/9.0 GB   23 MB/s   2m54s[K[?25h[?2026l[?2026h[?25l[A[1Gpulling manifest [K
pulling 2049f5674b1e:  55% ▕█████████         ▏ 4.9 GB/9.0 GB   23 MB/s   2m54s[K[?25h[?2026l[?2026h[?25l[A[1Gpulling manifest [K
pulling 2049f5674b1e:  55% ▕█████████         ▏ 4.9 GB/9.0 GB   23 MB/s   2m54s[K[?25h[?2026l[?2026h[?25l[A[1Gpulling manifest [K
pulling 2049f5674b1e:  55% ▕█████████         ▏ 4.9 GB/9.0 GB   23 MB/s   2m54s[K[?25h[?2026l[?2026h[?25l[A[1Gpulling manifest [K
pulling 2049f5674b1e:  55% ▕█████████         ▏ 4.9 GB/9.0 GB   23 MB/s   2m54s[K[?25h[?2026l[?2026h[?25l[A[1Gpulling manifest [K
pulling 2049f5674b1e:  55% ▕█████████         ▏ 4.9 GB/9.0 GB   23 MB/s   2m53s[K[?25h[?2026l[?2026h[?25l[A[1Gpulling manifest [K
pulling 2049f5674b1e:  55% ▕█████████         ▏ 4.9 GB/9.0 GB   23 MB/s   2m53s[K[?25h[?2026l[?2026h[?25l[A[1Gpulling manifest [K
pulling 2049f5674b1e:  55% ▕█████████         ▏ 4.9 GB/9.0 GB   24 MB/s   2m47s[K[?25h[?2026l[?2026h[?25l[A[1Gpulling manifest [K
pulling 2049f5674b1e:  55% ▕█████████         ▏ 4.9 GB/9.0 GB   24 MB/s   2m47s[K[?25h[?2026l[?2026h[?25l[A[1Gpulling manifest [K
pulling 2049f5674b1e:  55% ▕█████████         ▏ 4.9 GB/9.0 GB   24 MB/s   2m47s[K[?25h[?2026l[?2026h[?25l[A[1Gpulling manifest [K
pulling 2049f5674b1e:  55% ▕█████████         ▏ 4.9 GB/9.0 GB   24 MB/s   2m47s[K[?25h[?2026l[?2026h[?25l[A[1Gpulling manifest [K
pulling 2049f5674b1e:  55% ▕█████████         ▏ 4.9 GB/9.0 GB   24 MB/s   2m47s[K[?25h[?2026l[?2026h[?25l[A[1Gpulling manifest [K
pulling 2049f5674b1e:  55% ▕█████████         ▏ 4.9 GB/9.0 GB   24 MB/s   2m47s[K[?25h[?2026l[?2026h[?25l[A[1Gpulling manifest [K
pulling 2049f5674b1e:  55% ▕█████████         ▏ 4.9 GB/9.0 GB   24 MB/s   2m46s[K[?25h[?2026l[?2026h[?25l[A[1Gpulling manifest [K
pulling 2049f5674b1e:  55% ▕█████████         ▏ 4.9 GB/9.0 GB   24 MB/s   2m46s[K[?25h[?2026l[?2026h[?25l[A[1Gpulling manifest [K
pulling 2049f5674b1e:  55% ▕█████████         ▏ 4.9 GB/9.0 GB   24 MB/s   2m46s[K[?25h[?2026l[?2026h[?25l[A[1Gpulling manifest [K
pulling 2049f5674b1e:  55% ▕█████████         ▏ 4.9 GB/9.0 GB   24 MB/s   2m46s[K[?25h[?2026l[?2026h[?25l[A[1Gpulling manifest [K
pulling 2049f5674b1e:  55% ▕█████████         ▏ 4.9 GB/9.0 GB   24 MB/s   2m45s[K[?25h[?2026l[?2026h[?25l[A[1Gpulling manifest [K
pulling 2049f5674b1e:  55% ▕█████████         ▏ 4.9 GB/9.0 GB   24 MB/s   2m45s[K[?25h[?2026l[?2026h[?25l[A[1Gpulling manifest [K
pulling 2049f5674b1e:  55% ▕█████████         ▏ 4.9 GB/9.0 GB   24 MB/s   2m45s[K[?25h[?2026l[?2026h[?25l[A[1Gpulling manifest [K
pulling 2049f5674b1e:  55% ▕█████████         ▏ 4.9 GB/9.0 GB   24 MB/s   2m45s[K[?25h[?2026l[?2026h[?25l[A[1Gpulling manifest [K
pulling 2049f5674b1e:  55% ▕█████████         ▏ 5.0 GB/9.0 GB   24 MB/s   2m45s[K[?25h[?2026l[?2026h[?25l[A[1Gpulling manifest [K
pulling 2049f5674b1e:  55% ▕█████████         ▏ 5.0 GB/9.0 GB   24 MB/s   2m45s[K[?25h[?2026l[?2026h[?25l[A[1Gpulling manifest [K
pulling 2049f5674b1e:  55% ▕█████████         ▏ 5.0 GB/9.0 GB   24 MB/s   2m45s[K[?25h[?2026l[?2026h[?25l[A[1Gpulling manifest [K
pulling 2049f5674b1e:  55% ▕█████████         ▏ 5.0 GB/9.0 GB   24 MB/s   2m45s[K[?25h[?2026l[?2026h[?25l[A[1Gpulling manifest [K
pulling 2049f5674b1e:  55% ▕█████████         ▏ 5.0 GB/9.0 GB   24 MB/s   2m45s[K[?25h[?2026l[?2026h[?25l[A[1Gpulling manifest [K
pulling 2049f5674b1e:  55% ▕█████████         ▏ 5.0 GB/9.0 GB   24 MB/s   2m45s[K[?25h[?2026l[?2026h[?25l[A[1Gpulling manifest [K
pulling 2049f5674b1e:  55% ▕█████████         ▏ 5.0 GB/9.0 GB   24 MB/s   2m45s[K[?25h[?2026l[?2026h[?25l[A[1Gpulling manifest [K
pulling 2049f5674b1e:  55% ▕█████████         ▏ 5.0 GB/9.0 GB   22 MB/s   2m55s[K[?25h[?2026l[?2026h[?25l[A[1Gpulling manifest [K
pulling 2049f5674b1e:  55% ▕█████████         ▏ 5.0 GB/9.0 GB   22 MB/s   2m55s[K[?25h[?2026l[?2026h[?25l[A[1Gpulling manifest [K
pulling 2049f5674b1e:  55% ▕█████████         ▏ 5.0 GB/9.0 GB   22 MB/s   2m55s[K[?25h[?2026l[?2026h[?25l[A[1Gpulling manifest [K
pulling 2049f5674b1e:  55% ▕█████████         ▏ 5.0 GB/9.0 GB   22 MB/s   2m55s[K[?25h[?2026l[?2026h[?25l[A[1Gpulling manifest [K
pulling 2049f5674b1e:  55% ▕█████████         ▏ 5.0 GB/9.0 GB   22 MB/s   2m55s[K[?25h[?2026l[?2026h[?25l[A[1Gpulling manifest [K
pulling 2049f5674b1e:  55% ▕█████████         ▏ 5.0 GB/9.0 GB   22 MB/s   2m55s[K[?25h[?2026l[?2026h[?25l[A[1Gpulling manifest [K
pulling 2049f5674b1e:  55% ▕█████████         ▏ 5.0 GB/9.0 GB   22 MB/s   2m55s[K[?25h[?2026l[?2026h[?25l[A[1Gpulling manifest [K
pulling 2049f5674b1e:  55% ▕█████████         ▏ 5.0 GB/9.0 GB   22 MB/s   2m55s[K[?25h[?2026l[?2026h[?25l[A[1Gpulling manifest [K
pulling 2049f5674b1e:  55% ▕█████████         ▏ 5.0 GB/9.0 GB   22 MB/s   2m55s[K[?25h[?2026l[?2026h[?25l[A[1Gpulling manifest [K
pulling 2049f5674b1e:  55% ▕█████████         ▏ 5.0 GB/9.0 GB   22 MB/s   2m55s[K[?25h[?2026l[?2026h[?25l[A[1Gpulling manifest [K
pulling 2049f5674b1e:  55% ▕█████████         ▏ 5.0 GB/9.0 GB   22 MB/s   2m56s[K[?25h[?2026l[?2026h[?25l[A[1Gpulling manifest [K
pulling 2049f5674b1e:  55% ▕█████████         ▏ 5.0 GB/9.0 GB   22 MB/s   2m56s[K[?25h[?2026l[?2026h[?25l[A[1Gpulling manifest [K
pulling 2049f5674b1e:  56% ▕██████████        ▏ 5.0 GB/9.0 GB   22 MB/s   2m56s[K[?25h[?2026l[?2026h[?25l[A[1Gpulling manifest [K
pulling 2049f5674b1e:  56% ▕██████████        ▏ 5.0 GB/9.0 GB   22 MB/s   2m56s[K[?25h[?2026l[?2026h[?25l[A[1Gpulling manifest [K
pulling 2049f5674b1e:  56% ▕██████████        ▏ 5.0 GB/9.0 GB   22 MB/s   2m55s[K[?25h[?2026l[?2026h[?25l[A[1Gpulling manifest [K
pulling 2049f5674b1e:  56% ▕██████████        ▏ 5.0 GB/9.0 GB   22 MB/s   2m55s[K[?25h[?2026l[?2026h[?25l[A[1Gpulling manifest [K
pulling 2049f5674b1e:  56% ▕██████████        ▏ 5.0 GB/9.0 GB   22 MB/s   2m55s[K[?25h[?2026l[?2026h[?25l[A[1Gpulling manifest [K
pulling 2049f5674b1e:  56% ▕██████████        ▏ 5.0 GB/9.0 GB   22 MB/s   2m55s[K[?25h[?2026l[?2026h[?25l[A[1Gpulling manifest [K
pulling 2049f5674b1e:  56% ▕██████████        ▏ 5.0 GB/9.0 GB   22 MB/s   2m55s[K[?25h[?2026l[?2026h[?25l[A[1Gpulling manifest [K
pulling 2049f5674b1e:  56% ▕██████████        ▏ 5.0 GB/9.0 GB   22 MB/s   2m55s[K[?25h[?2026l[?2026h[?25l[A[1Gpulling manifest [K
pulling 2049f5674b1e:  56% ▕██████████        ▏ 5.0 GB/9.0 GB   25 MB/s   2m35s[K[?25h[?2026l[?2026h[?25l[A[1Gpulling manifest [K
pulling 2049f5674b1e:  56% ▕██████████        ▏ 5.0 GB/9.0 GB   25 MB/s   2m35s[K[?25h[?2026l[?2026h[?25l[A[1Gpulling manifest [K
pulling 2049f5674b1e:  56% ▕██████████        ▏ 5.0 GB/9.0 GB   25 MB/s   2m35s[K[?25h[?2026l[?2026h[?25l[A[1Gpulling manifest [K
pulling 2049f5674b1e:  56% ▕██████████        ▏ 5.0 GB/9.0 GB   25 MB/s   2m35s[K[?25h[?2026l[?2026h[?25l[A[1Gpulling manifest [K
pulling 2049f5674b1e:  56% ▕██████████        ▏ 5.0 GB/9.0 GB   25 MB/s   2m35s[K[?25h[?2026l[?2026h[?25l[A[1Gpulling manifest [K
pulling 2049f5674b1e:  56% ▕██████████        ▏ 5.0 GB/9.0 GB   25 MB/s   2m35s[K[?25h[?2026l[?2026h[?25l[A[1Gpulling manifest [K
pulling 2049f5674b1e:  56% ▕██████████        ▏ 5.0 GB/9.0 GB   25 MB/s   2m35s[K[?25h[?2026l[?2026h[?25l[A[1Gpulling manifest [K
pulling 2049f5674b1e:  56% ▕██████████        ▏ 5.0 GB/9.0 GB   25 MB/s   2m35s[K[?25h[?2026l[?2026h[?25l[A[1Gpulling manifest [K
pulling 2049f5674b1e:  56% ▕██████████        ▏ 5.0 GB/9.0 GB   25 MB/s   2m35s[K[?25h[?2026l[?2026h[?25l[A[1Gpulling manifest [K
pulling 2049f5674b1e:  56% ▕██████████        ▏ 5.0 GB/9.0 GB   25 MB/s   2m35s[K[?25h[?2026l[?2026h[?25l[A[1Gpulling manifest [K
pulling 2049f5674b1e:  56% ▕██████████        ▏ 5.0 GB/9.0 GB   22 MB/s   2m55s[K[?25h[?2026l[?2026h[?25l[A[1Gpulling manifest [K
pulling 2049f5674b1e:  56% ▕██████████        ▏ 5.0 GB/9.0 GB   22 MB/s   2m55s[K[?25h[?2026l[?2026h[?25l[A[1Gpulling manifest [K
pulling 2049f5674b1e:  56% ▕██████████        ▏ 5.0 GB/9.0 GB   22 MB/s   2m55s[K[?25h[?2026l[?2026h[?25l[A[1Gpulling manifest [K
pulling 2049f5674b1e:  56% ▕██████████        ▏ 5.0 GB/9.0 GB   22 MB/s   2m55s[K[?25h[?2026l[?2026h[?25l[A[1Gpulling manifest [K
pulling 2049f5674b1e:  56% ▕██████████        ▏ 5.0 GB/9.0 GB   22 MB/s   2m54s[K[?25h[?2026l[?2026h[?25l[A[1Gpulling manifest [K
pulling 2049f5674b1e:  56% ▕██████████        ▏ 5.0 GB/9.0 GB   22 MB/s   2m54s[K[?25h[?2026l[?2026h[?25l[A[1Gpulling manifest [K
pulling 2049f5674b1e:  56% ▕██████████        ▏ 5.0 GB/9.0 GB   22 MB/s   2m54s[K[?25h[?2026l[?2026h[?25l[A[1Gpulling manifest [K
pulling 2049f5674b1e:  56% ▕██████████        ▏ 5.0 GB/9.0 GB   22 MB/s   2m54s[K[?25h[?2026l[?2026h[?25l[A[1Gpulling manifest [K
pulling 2049f5674b1e:  56% ▕██████████        ▏ 5.0 GB/9.0 GB   22 MB/s   2m54s[K[?25h[?2026l[?2026h[?25l[A[1Gpulling manifest [K
pulling 2049f5674b1e:  56% ▕██████████        ▏ 5.1 GB/9.0 GB   22 MB/s   2m54s[K[?25h[?2026l[?2026h[?25l[A[1Gpulling manifest [K
pulling 2049f5674b1e:  56% ▕██████████        ▏ 5.1 GB/9.0 GB   23 MB/s   2m45s[K[?25h[?2026l[?2026h[?25l[A[1Gpulling manifest [K
pulling 2049f5674b1e:  56% ▕██████████        ▏ 5.1 GB/9.0 GB   23 MB/s   2m45s[K[?25h[?2026l[?2026h[?25l[A[1Gpulling manifest [K
pulling 2049f5674b1e:  56% ▕██████████        ▏ 5.1 GB/9.0 GB   23 MB/s   2m45s[K[?25h[?2026l[?2026h[?25l[A[1Gpulling manifest [K
pulling 2049f5674b1e:  56% ▕██████████        ▏ 5.1 GB/9.0 GB   23 MB/s   2m45s[K[?25h[?2026l[?2026h[?25l[A[1Gpulling manifest [K
pulling 2049f5674b1e:  56% ▕██████████        ▏ 5.1 GB/9.0 GB   23 MB/s   2m45s[K[?25h[?2026l[?2026h[?25l[A[1Gpulling manifest [K
pulling 2049f5674b1e:  56% ▕██████████        ▏ 5.1 GB/9.0 GB   23 MB/s   2m45s[K[?25h[?2026l[?2026h[?25l[A[1Gpulling manifest [K
pulling 2049f5674b1e:  56% ▕██████████        ▏ 5.1 GB/9.0 GB   23 MB/s   2m45s[K[?25h[?2026l[?2026h[?25l[A[1Gpulling manifest [K
pulling 2049f5674b1e:  57% ▕██████████        ▏ 5.1 GB/9.0 GB   23 MB/s   2m45s[K[?25h[?2026l[?2026h[?25l[A[1Gpulling manifest [K
pulling 2049f5674b1e:  57% ▕██████████        ▏ 5.1 GB/9.0 GB   23 MB/s   2m44s[K[?25h[?2026l[?2026h[?25l[A[1Gpulling manifest [K
pulling 2049f5674b1e:  57% ▕██████████        ▏ 5.1 GB/9.0 GB   23 MB/s   2m44s[K[?25h[?2026l[?2026h[?25l[A[1Gpulling manifest [K
pulling 2049f5674b1e:  57% ▕██████████        ▏ 5.1 GB/9.0 GB   23 MB/s   2m44s[K[?25h[?2026l[?2026h[?25l[A[1Gpulling manifest [K
pulling 2049f5674b1e:  57% ▕██████████        ▏ 5.1 GB/9.0 GB   24 MB/s   2m41s[K[?25h[?2026l[?2026h[?25l[A[1Gpulling manifest [K
pulling 2049f5674b1e:  57% ▕██████████        ▏ 5.1 GB/9.0 GB   24 MB/s   2m41s[K[?25h[?2026l[?2026h[?25l[A[1Gpulling manifest [K
pulling 2049f5674b1e:  57% ▕██████████        ▏ 5.1 GB/9.0 GB   24 MB/s   2m41s[K[?25h[?2026l[?2026h[?25l[A[1Gpulling manifest [K
pulling 2049f5674b1e:  57% ▕██████████        ▏ 5.1 GB/9.0 GB   24 MB/s   2m41s[K[?25h[?2026l[?2026h[?25l[A[1Gpulling manifest [K
pulling 2049f5674b1e:  57% ▕██████████        ▏ 5.1 GB/9.0 GB   24 MB/s   2m41s[K[?25h[?2026l[?2026h[?25l[A[1Gpulling manifest [K
pulling 2049f5674b1e:  57% ▕██████████        ▏ 5.1 GB/9.0 GB   24 MB/s   2m41s[K[?25h[?2026l[?2026h[?25l[A[1Gpulling manifest [K
pulling 2049f5674b1e:  57% ▕██████████        ▏ 5.1 GB/9.0 GB   24 MB/s   2m41s[K[?25h[?2026l[?2026h[?25l[A[1Gpulling manifest [K
pulling 2049f5674b1e:  57% ▕██████████        ▏ 5.1 GB/9.0 GB   24 MB/s   2m40s[K[?25h[?2026l[?2026h[?25l[A[1Gpulling manifest [K
pulling 2049f5674b1e:  57% ▕██████████        ▏ 5.1 GB/9.0 GB   24 MB/s   2m40s[K[?25h[?2026l[?2026h[?25l[A[1Gpulling manifest [K
pulling 2049f5674b1e:  57% ▕██████████        ▏ 5.1 GB/9.0 GB   24 MB/s   2m40s[K[?25h[?2026l[?2026h[?25l[A[1Gpulling manifest [K
pulling 2049f5674b1e:  57% ▕██████████        ▏ 5.1 GB/9.0 GB   23 MB/s   2m45s[K[?25h[?2026l[?2026h[?25l[A[1Gpulling manifest [K
pulling 2049f5674b1e:  57% ▕██████████        ▏ 5.1 GB/9.0 GB   23 MB/s   2m45s[K[?25h[?2026l[?2026h[?25l[A[1Gpulling manifest [K
pulling 2049f5674b1e:  57% ▕██████████        ▏ 5.1 GB/9.0 GB   23 MB/s   2m45s[K[?25h[?2026l[?2026h[?25l[A[1Gpulling manifest [K
pulling 2049f5674b1e:  57% ▕██████████        ▏ 5.1 GB/9.0 GB   23 MB/s   2m45s[K[?25h[?2026l[?2026h[?25l[A[1Gpulling manifest [K
pulling 2049f5674b1e:  57% ▕██████████        ▏ 5.1 GB/9.0 GB   23 MB/s   2m45s[K[?25h[?2026l[?2026h[?25l[A[1Gpulling manifest [K
pulling 2049f5674b1e:  57% ▕██████████        ▏ 5.1 GB/9.0 GB   23 MB/s   2m45s[K[?25h[?2026l[?2026h[?25l[A[1Gpulling manifest [K
pulling 2049f5674b1e:  57% ▕██████████        ▏ 5.1 GB/9.0 GB   23 MB/s   2m45s[K[?25h[?2026l[?2026h[?25l[A[1Gpulling manifest [K
pulling 2049f5674b1e:  57% ▕██████████        ▏ 5.1 GB/9.0 GB   23 MB/s   2m45s[K[?25h[?2026l[?2026h[?25l[A[1Gpulling manifest [K
pulling 2049f5674b1e:  57% ▕██████████        ▏ 5.1 GB/9.0 GB   23 MB/s   2m45s[K[?25h[?2026l[?2026h[?25l[A[1Gpulling manifest [K
pulling 2049f5674b1e:  57% ▕██████████        ▏ 5.1 GB/9.0 GB   23 MB/s   2m44s[K[?25h[?2026l[?2026h[?25l[A[1Gpulling manifest [K
pulling 2049f5674b1e:  57% ▕██████████        ▏ 5.1 GB/9.0 GB   22 MB/s   2m49s[K[?25h[?2026l[?2026h[?25l[A[1Gpulling manifest [K
pulling 2049f5674b1e:  57% ▕██████████        ▏ 5.1 GB/9.0 GB   22 MB/s   2m49s[K[?25h[?2026l[?2026h[?25l[A[1Gpulling manifest [K
pulling 2049f5674b1e:  57% ▕██████████        ▏ 5.1 GB/9.0 GB   22 MB/s   2m49s[K[?25h[?2026l[?2026h[?25l[A[1Gpulling manifest [K
pulling 2049f5674b1e:  57% ▕██████████        ▏ 5.1 GB/9.0 GB   22 MB/s   2m49s[K[?25h[?2026l[?2026h[?25l[A[1Gpulling manifest [K
pulling 2049f5674b1e:  57% ▕██████████        ▏ 5.1 GB/9.0 GB   22 MB/s   2m49s[K[?25h[?2026l[?2026h[?25l[A[1Gpulling manifest [K
pulling 2049f5674b1e:  57% ▕██████████        ▏ 5.1 GB/9.0 GB   22 MB/s   2m49s[K[?25h[?2026l[?2026h[?25l[A[1Gpulling manifest [K
pulling 2049f5674b1e:  57% ▕██████████        ▏ 5.1 GB/9.0 GB   22 MB/s   2m48s[K[?25h[?2026l[?2026h[?25l[A[1Gpulling manifest [K
pulling 2049f5674b1e:  57% ▕██████████        ▏ 5.1 GB/9.0 GB   22 MB/s   2m48s[K[?25h[?2026l[?2026h[?25l[A[1Gpulling manifest [K
pulling 2049f5674b1e:  57% ▕██████████        ▏ 5.1 GB/9.0 GB   22 MB/s   2m48s[K[?25h[?2026l[?2026h[?25l[A[1Gpulling manifest [K
pulling 2049f5674b1e:  57% ▕██████████        ▏ 5.1 GB/9.0 GB   22 MB/s   2m48s[K[?25h[?2026l[?2026h[?25l[A[1Gpulling manifest [K
pulling 2049f5674b1e:  57% ▕██████████        ▏ 5.1 GB/9.0 GB   22 MB/s   2m48s[K[?25h[?2026l[?2026h[?25l[A[1Gpulling manifest [K
pulling 2049f5674b1e:  57% ▕██████████        ▏ 5.1 GB/9.0 GB   22 MB/s   2m48s[K[?25h[?2026l[?2026h[?25l[A[1Gpulling manifest [K
pulling 2049f5674b1e:  57% ▕██████████        ▏ 5.1 GB/9.0 GB   22 MB/s   2m47s[K[?25h[?2026l[?2026h[?25l[A[1Gpulling manifest [K
pulling 2049f5674b1e:  57% ▕██████████        ▏ 5.2 GB/9.0 GB   22 MB/s   2m47s[K[?25h[?2026l[?2026h[?25l[A[1Gpulling manifest [K
pulling 2049f5674b1e:  57% ▕██████████        ▏ 5.2 GB/9.0 GB   22 MB/s   2m47s[K[?25h[?2026l[?2026h[?25l[A[1Gpulling manifest [K
pulling 2049f5674b1e:  57% ▕██████████        ▏ 5.2 GB/9.0 GB   22 MB/s   2m47s[K[?25h[?2026l[?2026h[?25l[A[1Gpulling manifest [K
pulling 2049f5674b1e:  57% ▕██████████        ▏ 5.2 GB/9.0 GB   22 MB/s   2m47s[K[?25h[?2026l[?2026h[?25l[A[1Gpulling manifest [K
pulling 2049f5674b1e:  57% ▕██████████        ▏ 5.2 GB/9.0 GB   22 MB/s   2m47s[K[?25h[?2026l[?2026h[?25l[A[1Gpulling manifest [K
pulling 2049f5674b1e:  58% ▕██████████        ▏ 5.2 GB/9.0 GB   22 MB/s   2m47s[K[?25h[?2026l[?2026h[?25l[A[1Gpulling manifest [K
pulling 2049f5674b1e:  58% ▕██████████        ▏ 5.2 GB/9.0 GB   22 MB/s   2m46s[K[?25h[?2026l[?2026h[?25l[A[1Gpulling manifest [K
pulling 2049f5674b1e:  58% ▕██████████        ▏ 5.2 GB/9.0 GB   24 MB/s   2m36s[K[?25h[?2026l[?2026h[?25l[A[1Gpulling manifest [K
pulling 2049f5674b1e:  58% ▕██████████        ▏ 5.2 GB/9.0 GB   24 MB/s   2m36s[K[?25h[?2026l[?2026h[?25l[A[1Gpulling manifest [K
pulling 2049f5674b1e:  58% ▕██████████        ▏ 5.2 GB/9.0 GB   24 MB/s   2m36s[K[?25h[?2026l[?2026h[?25l[A[1Gpulling manifest [K
pulling 2049f5674b1e:  58% ▕██████████        ▏ 5.2 GB/9.0 GB   24 MB/s   2m36s[K[?25h[?2026l[?2026h[?25l[A[1Gpulling manifest [K
pulling 2049f5674b1e:  58% ▕██████████        ▏ 5.2 GB/9.0 GB   24 MB/s   2m36s[K[?25h[?2026l[?2026h[?25l[A[1Gpulling manifest [K
pulling 2049f5674b1e:  58% ▕██████████        ▏ 5.2 GB/9.0 GB   24 MB/s   2m36s[K[?25h[?2026l[?2026h[?25l[A[1Gpulling manifest [K
pulling 2049f5674b1e:  58% ▕██████████        ▏ 5.2 GB/9.0 GB   24 MB/s   2m36s[K[?25h[?2026l[?2026h[?25l[A[1Gpulling manifest [K
pulling 2049f5674b1e:  58% ▕██████████        ▏ 5.2 GB/9.0 GB   24 MB/s   2m35s[K[?25h[?2026l[?2026h[?25l[A[1Gpulling manifest [K
pulling 2049f5674b1e:  58% ▕██████████        ▏ 5.2 GB/9.0 GB   24 MB/s   2m35s[K[?25h[?2026l[?2026h[?25l[A[1Gpulling manifest [K
pulling 2049f5674b1e:  58% ▕██████████        ▏ 5.2 GB/9.0 GB   24 MB/s   2m35s[K[?25h[?2026l[?2026h[?25l[A[1Gpulling manifest [K
pulling 2049f5674b1e:  58% ▕██████████        ▏ 5.2 GB/9.0 GB   24 MB/s   2m35s[K[?25h[?2026l[?2026h[?25l[A[1Gpulling manifest [K
pulling 2049f5674b1e:  58% ▕██████████        ▏ 5.2 GB/9.0 GB   25 MB/s   2m29s[K[?25h[?2026l[?2026h[?25l[A[1Gpulling manifest [K
pulling 2049f5674b1e:  58% ▕██████████        ▏ 5.2 GB/9.0 GB   25 MB/s   2m29s[K[?25h[?2026l[?2026h[?25l[A[1Gpulling manifest [K
pulling 2049f5674b1e:  58% ▕██████████        ▏ 5.2 GB/9.0 GB   25 MB/s   2m29s[K[?25h[?2026l[?2026h[?25l[A[1Gpulling manifest [K
pulling 2049f5674b1e:  58% ▕██████████        ▏ 5.2 GB/9.0 GB   25 MB/s   2m29s[K[?25h[?2026l[?2026h[?25l[A[1Gpulling manifest [K
pulling 2049f5674b1e:  58% ▕██████████        ▏ 5.2 GB/9.0 GB   25 MB/s   2m29s[K[?25h[?2026l[?2026h[?25l[A[1Gpulling manifest [K
pulling 2049f5674b1e:  58% ▕██████████        ▏ 5.2 GB/9.0 GB   25 MB/s   2m29s[K[?25h[?2026l[?2026h[?25l[A[1Gpulling manifest [K
pulling 2049f5674b1e:  58% ▕██████████        ▏ 5.2 GB/9.0 GB   25 MB/s   2m29s[K[?25h[?2026l[?2026h[?25l[A[1Gpulling manifest [K
pulling 2049f5674b1e:  58% ▕██████████        ▏ 5.2 GB/9.0 GB   25 MB/s   2m29s[K[?25h[?2026l[?2026h[?25l[A[1Gpulling manifest [K
pulling 2049f5674b1e:  58% ▕██████████        ▏ 5.2 GB/9.0 GB   25 MB/s   2m29s[K[?25h[?2026l[?2026h[?25l[A[1Gpulling manifest [K
pulling 2049f5674b1e:  58% ▕██████████        ▏ 5.2 GB/9.0 GB   25 MB/s   2m29s[K[?25h[?2026l[?2026h[?25l[A[1Gpulling manifest [K
pulling 2049f5674b1e:  58% ▕██████████        ▏ 5.2 GB/9.0 GB   22 MB/s   2m47s[K[?25h[?2026l[?2026h[?25l[A[1Gpulling manifest [K
pulling 2049f5674b1e:  58% ▕██████████        ▏ 5.2 GB/9.0 GB   22 MB/s   2m47s[K[?25h[?2026l[?2026h[?25l[A[1Gpulling manifest [K
pulling 2049f5674b1e:  58% ▕██████████        ▏ 5.2 GB/9.0 GB   22 MB/s   2m47s[K[?25h[?2026l[?2026h[?25l[A[1Gpulling manifest [K
pulling 2049f5674b1e:  58% ▕██████████        ▏ 5.2 GB/9.0 GB   22 MB/s   2m47s[K[?25h[?2026l[?2026h[?25l[A[1Gpulling manifest [K
pulling 2049f5674b1e:  58% ▕██████████        ▏ 5.2 GB/9.0 GB   22 MB/s   2m46s[K[?25h[?2026l[?2026h[?25l[A[1Gpulling manifest [K
pulling 2049f5674b1e:  58% ▕██████████        ▏ 5.2 GB/9.0 GB   22 MB/s   2m46s[K[?25h[?2026l[?2026h[?25l[A[1Gpulling manifest [K
pulling 2049f5674b1e:  58% ▕██████████        ▏ 5.2 GB/9.0 GB   22 MB/s   2m46s[K[?25h[?2026l[?2026h[?25l[A[1Gpulling manifest [K
pulling 2049f5674b1e:  58% ▕██████████        ▏ 5.2 GB/9.0 GB   22 MB/s   2m46s[K[?25h[?2026l[?2026h[?25l[A[1Gpulling manifest [K
pulling 2049f5674b1e:  58% ▕██████████        ▏ 5.2 GB/9.0 GB   22 MB/s   2m46s[K[?25h[?2026l[?2026h[?25l[A[1Gpulling manifest [K
pulling 2049f5674b1e:  58% ▕██████████        ▏ 5.2 GB/9.0 GB   22 MB/s   2m46s[K[?25h[?2026l[?2026h[?25l[A[1Gpulling manifest [K
pulling 2049f5674b1e:  58% ▕██████████        ▏ 5.2 GB/9.0 GB   23 MB/s   2m37s[K[?25h[?2026l[?2026h[?25l[A[1Gpulling manifest [K
pulling 2049f5674b1e:  58% ▕██████████        ▏ 5.3 GB/9.0 GB   23 MB/s   2m37s[K[?25h[?2026l[?2026h[?25l[A[1Gpulling manifest [K
pulling 2049f5674b1e:  58% ▕██████████        ▏ 5.3 GB/9.0 GB   23 MB/s   2m37s[K[?25h[?2026l[?2026h[?25l[A[1Gpulling manifest [K
pulling 2049f5674b1e:  58% ▕██████████        ▏ 5.3 GB/9.0 GB   23 MB/s   2m37s[K[?25h[?2026l[?2026h[?25l[A[1Gpulling manifest [K
pulling 2049f5674b1e:  59% ▕██████████        ▏ 5.3 GB/9.0 GB   23 MB/s   2m36s[K[?25h[?2026l[?2026h[?25l[A[1Gpulling manifest [K
pulling 2049f5674b1e:  59% ▕██████████        ▏ 5.3 GB/9.0 GB   23 MB/s   2m36s[K[?25h[?2026l[?2026h[?25l[A[1Gpulling manifest [K
pulling 2049f5674b1e:  59% ▕██████████        ▏ 5.3 GB/9.0 GB   23 MB/s   2m36s[K[?25h[?2026l[?2026h[?25l[A[1Gpulling manifest [K
pulling 2049f5674b1e:  59% ▕██████████        ▏ 5.3 GB/9.0 GB   23 MB/s   2m36s[K[?25h[?2026l[?2026h[?25l[A[1Gpulling manifest [K
pulling 2049f5674b1e:  59% ▕██████████        ▏ 5.3 GB/9.0 GB   23 MB/s   2m36s[K[?25h[?2026l[?2026h[?25l[A[1Gpulling manifest [K
pulling 2049f5674b1e:  59% ▕██████████        ▏ 5.3 GB/9.0 GB   23 MB/s   2m36s[K[?25h[?2026l[?2026h[?25l[A[1Gpulling manifest [K
pulling 2049f5674b1e:  59% ▕██████████        ▏ 5.3 GB/9.0 GB   25 MB/s   2m25s[K[?25h[?2026l[?2026h[?25l[A[1Gpulling manifest [K
pulling 2049f5674b1e:  59% ▕██████████        ▏ 5.3 GB/9.0 GB   25 MB/s   2m25s[K[?25h[?2026l[?2026h[?25l[A[1Gpulling manifest [K
pulling 2049f5674b1e:  59% ▕██████████        ▏ 5.3 GB/9.0 GB   25 MB/s   2m25s[K[?25h[?2026l[?2026h[?25l[A[1Gpulling manifest [K
pulling 2049f5674b1e:  59% ▕██████████        ▏ 5.3 GB/9.0 GB   25 MB/s   2m25s[K[?25h[?2026l[?2026h[?25l[A[1Gpulling manifest [K
pulling 2049f5674b1e:  59% ▕██████████        ▏ 5.3 GB/9.0 GB   25 MB/s   2m25s[K[?25h[?2026l[?2026h[?25l[A[1Gpulling manifest [K
pulling 2049f5674b1e:  59% ▕██████████        ▏ 5.3 GB/9.0 GB   25 MB/s   2m25s[K[?25h[?2026l[?2026h[?25l[A[1Gpulling manifest [K
pulling 2049f5674b1e:  59% ▕██████████        ▏ 5.3 GB/9.0 GB   25 MB/s   2m25s[K[?25h[?2026l[?2026h[?25l[A[1Gpulling manifest [K
pulling 2049f5674b1e:  59% ▕██████████        ▏ 5.3 GB/9.0 GB   25 MB/s   2m25s[K[?25h[?2026l[?2026h[?25l[A[1Gpulling manifest [K
pulling 2049f5674b1e:  59% ▕██████████        ▏ 5.3 GB/9.0 GB   25 MB/s   2m25s[K[?25h[?2026l[?2026h[?25l[A[1Gpulling manifest [K
pulling 2049f5674b1e:  59% ▕██████████        ▏ 5.3 GB/9.0 GB   25 MB/s   2m25s[K[?25h[?2026l[?2026h[?25l[A[1Gpulling manifest [K
pulling 2049f5674b1e:  59% ▕██████████        ▏ 5.3 GB/9.0 GB   24 MB/s   2m33s[K[?25h[?2026l[?2026h[?25l[A[1Gpulling manifest [K
pulling 2049f5674b1e:  59% ▕██████████        ▏ 5.3 GB/9.0 GB   24 MB/s   2m33s[K[?25h[?2026l[?2026h[?25l[A[1Gpulling manifest [K
pulling 2049f5674b1e:  59% ▕██████████        ▏ 5.3 GB/9.0 GB   24 MB/s   2m33s[K[?25h[?2026l[?2026h[?25l[A[1Gpulling manifest [K
pulling 2049f5674b1e:  59% ▕██████████        ▏ 5.3 GB/9.0 GB   24 MB/s   2m33s[K[?25h[?2026l[?2026h[?25l[A[1Gpulling manifest [K
pulling 2049f5674b1e:  59% ▕██████████        ▏ 5.3 GB/9.0 GB   24 MB/s   2m33s[K[?25h[?2026l[?2026h[?25l[A[1Gpulling manifest [K
pulling 2049f5674b1e:  59% ▕██████████        ▏ 5.3 GB/9.0 GB   24 MB/s   2m33s[K[?25h[?2026l[?2026h[?25l[A[1Gpulling manifest [K
pulling 2049f5674b1e:  59% ▕██████████        ▏ 5.3 GB/9.0 GB   24 MB/s   2m33s[K[?25h[?2026l[?2026h[?25l[A[1Gpulling manifest [K
pulling 2049f5674b1e:  59% ▕██████████        ▏ 5.3 GB/9.0 GB   24 MB/s   2m33s[K[?25h[?2026l[?2026h[?25l[A[1Gpulling manifest [K
pulling 2049f5674b1e:  59% ▕██████████        ▏ 5.3 GB/9.0 GB   24 MB/s   2m32s[K[?25h[?2026l[?2026h[?25l[A[1Gpulling manifest [K
pulling 2049f5674b1e:  59% ▕██████████        ▏ 5.3 GB/9.0 GB   24 MB/s   2m32s[K[?25h[?2026l[?2026h[?25l[A[1Gpulling manifest [K
pulling 2049f5674b1e:  59% ▕██████████        ▏ 5.3 GB/9.0 GB   24 MB/s   2m32s[K[?25h[?2026l[?2026h[?25l[A[1Gpulling manifest [K
pulling 2049f5674b1e:  59% ▕██████████        ▏ 5.3 GB/9.0 GB   24 MB/s   2m29s[K[?25h[?2026l[?2026h[?25l[A[1Gpulling manifest [K
pulling 2049f5674b1e:  59% ▕██████████        ▏ 5.3 GB/9.0 GB   24 MB/s   2m29s[K[?25h[?2026l[?2026h[?25l[A[1Gpulling manifest [K
pulling 2049f5674b1e:  59% ▕██████████        ▏ 5.3 GB/9.0 GB   24 MB/s   2m29s[K[?25h[?2026l[?2026h[?25l[A[1Gpulling manifest [K
pulling 2049f5674b1e:  59% ▕██████████        ▏ 5.3 GB/9.0 GB   24 MB/s   2m29s[K[?25h[?2026l[?2026h[?25l[A[1Gpulling manifest [K
pulling 2049f5674b1e:  59% ▕██████████        ▏ 5.3 GB/9.0 GB   24 MB/s   2m29s[K[?25h[?2026l[?2026h[?25l[A[1Gpulling manifest [K
pulling 2049f5674b1e:  59% ▕██████████        ▏ 5.3 GB/9.0 GB   24 MB/s   2m29s[K[?25h[?2026l[?2026h[?25l[A[1Gpulling manifest [K
pulling 2049f5674b1e:  59% ▕██████████        ▏ 5.3 GB/9.0 GB   24 MB/s   2m29s[K[?25h[?2026l[?2026h[?25l[A[1Gpulling manifest [K
pulling 2049f5674b1e:  59% ▕██████████        ▏ 5.3 GB/9.0 GB   24 MB/s   2m29s[K[?25h[?2026l[?2026h[?25l[A[1Gpulling manifest [K
pulling 2049f5674b1e:  59% ▕██████████        ▏ 5.3 GB/9.0 GB   24 MB/s   2m28s[K[?25h[?2026l[?2026h[?25l[A[1Gpulling manifest [K
pulling 2049f5674b1e:  59% ▕██████████        ▏ 5.3 GB/9.0 GB   24 MB/s   2m28s[K[?25h[?2026l[?2026h[?25l[A[1Gpulling manifest [K
pulling 2049f5674b1e:  59% ▕██████████        ▏ 5.3 GB/9.0 GB   23 MB/s   2m35s[K[?25h[?2026l[?2026h[?25l[A[1Gpulling manifest [K
pulling 2049f5674b1e:  59% ▕██████████        ▏ 5.3 GB/9.0 GB   23 MB/s   2m35s[K[?25h[?2026l[?2026h[?25l[A[1Gpulling manifest [K
pulling 2049f5674b1e:  59% ▕██████████        ▏ 5.3 GB/9.0 GB   23 MB/s   2m35s[K[?25h[?2026l[?2026h[?25l[A[1Gpulling manifest [K
pulling 2049f5674b1e:  59% ▕██████████        ▏ 5.3 GB/9.0 GB   23 MB/s   2m35s[K[?25h[?2026l[?2026h[?25l[A[1Gpulling manifest [K
pulling 2049f5674b1e:  59% ▕██████████        ▏ 5.3 GB/9.0 GB   23 MB/s   2m35s[K[?25h[?2026l[?2026h[?25l[A[1Gpulling manifest [K
pulling 2049f5674b1e:  59% ▕██████████        ▏ 5.3 GB/9.0 GB   23 MB/s   2m34s[K[?25h[?2026l[?2026h[?25l[A[1Gpulling manifest [K
pulling 2049f5674b1e:  60% ▕██████████        ▏ 5.4 GB/9.0 GB   23 MB/s   2m34s[K[?25h[?2026l[?2026h[?25l[A[1Gpulling manifest [K
pulling 2049f5674b1e:  60% ▕██████████        ▏ 5.4 GB/9.0 GB   23 MB/s   2m34s[K[?25h[?2026l[?2026h[?25l[A[1Gpulling manifest [K
pulling 2049f5674b1e:  60% ▕██████████        ▏ 5.4 GB/9.0 GB   23 MB/s   2m34s[K[?25h[?2026l[?2026h[?25l[A[1Gpulling manifest [K
pulling 2049f5674b1e:  60% ▕██████████        ▏ 5.4 GB/9.0 GB   23 MB/s   2m33s[K[?25h[?2026l[?2026h[?25l[A[1Gpulling manifest [K
pulling 2049f5674b1e:  60% ▕██████████        ▏ 5.4 GB/9.0 GB   24 MB/s   2m27s[K[?25h[?2026l[?2026h[?25l[A[1Gpulling manifest [K
pulling 2049f5674b1e:  60% ▕██████████        ▏ 5.4 GB/9.0 GB   24 MB/s   2m27s[K[?25h[?2026l[?2026h[?25l[A[1Gpulling manifest [K
pulling 2049f5674b1e:  60% ▕██████████        ▏ 5.4 GB/9.0 GB   24 MB/s   2m27s[K[?25h[?2026l[?2026h[?25l[A[1Gpulling manifest [K
pulling 2049f5674b1e:  60% ▕██████████        ▏ 5.4 GB/9.0 GB   24 MB/s   2m27s[K[?25h[?2026l[?2026h[?25l[A[1Gpulling manifest [K
pulling 2049f5674b1e:  60% ▕██████████        ▏ 5.4 GB/9.0 GB   24 MB/s   2m27s[K[?25h[?2026l[?2026h[?25l[A[1Gpulling manifest [K
pulling 2049f5674b1e:  60% ▕██████████        ▏ 5.4 GB/9.0 GB   24 MB/s   2m27s[K[?25h[?2026l[?2026h[?25l[A[1Gpulling manifest [K
pulling 2049f5674b1e:  60% ▕██████████        ▏ 5.4 GB/9.0 GB   24 MB/s   2m27s[K[?25h[?2026l[?2026h[?25l[A[1Gpulling manifest [K
pulling 2049f5674b1e:  60% ▕██████████        ▏ 5.4 GB/9.0 GB   24 MB/s   2m27s[K[?25h[?2026l[?2026h[?25l[A[1Gpulling manifest [K
pulling 2049f5674b1e:  60% ▕██████████        ▏ 5.4 GB/9.0 GB   24 MB/s   2m27s[K[?25h[?2026l[?2026h[?25l[A[1Gpulling manifest [K
pulling 2049f5674b1e:  60% ▕██████████        ▏ 5.4 GB/9.0 GB   24 MB/s   2m27s[K[?25h[?2026l[?2026h[?25l[A[1Gpulling manifest [K
pulling 2049f5674b1e:  60% ▕██████████        ▏ 5.4 GB/9.0 GB   22 MB/s   2m38s[K[?25h[?2026l[?2026h[?25l[A[1Gpulling manifest [K
pulling 2049f5674b1e:  60% ▕██████████        ▏ 5.4 GB/9.0 GB   22 MB/s   2m38s[K[?25h[?2026l[?2026h[?25l[A[1Gpulling manifest [K
pulling 2049f5674b1e:  60% ▕██████████        ▏ 5.4 GB/9.0 GB   22 MB/s   2m38s[K[?25h[?2026l[?2026h[?25l[A[1Gpulling manifest [K
pulling 2049f5674b1e:  60% ▕██████████        ▏ 5.4 GB/9.0 GB   22 MB/s   2m38s[K[?25h[?2026l[?2026h[?25l[A[1Gpulling manifest [K
pulling 2049f5674b1e:  60% ▕██████████        ▏ 5.4 GB/9.0 GB   22 MB/s   2m38s[K[?25h[?2026l[?2026h[?25l[A[1Gpulling manifest [K
pulling 2049f5674b1e:  60% ▕██████████        ▏ 5.4 GB/9.0 GB   22 MB/s   2m38s[K[?25h[?2026l[?2026h[?25l[A[1Gpulling manifest [K
pulling 2049f5674b1e:  60% ▕██████████        ▏ 5.4 GB/9.0 GB   22 MB/s   2m37s[K[?25h[?2026l[?2026h[?25l[A[1Gpulling manifest [K
pulling 2049f5674b1e:  60% ▕██████████        ▏ 5.4 GB/9.0 GB   22 MB/s   2m37s[K[?25h[?2026l[?2026h[?25l[A[1Gpulling manifest [K
pulling 2049f5674b1e:  60% ▕██████████        ▏ 5.4 GB/9.0 GB   22 MB/s   2m37s[K[?25h[?2026l[?2026h[?25l[A[1Gpulling manifest [K
pulling 2049f5674b1e:  60% ▕██████████        ▏ 5.4 GB/9.0 GB   22 MB/s   2m37s[K[?25h[?2026l[?2026h[?25l[A[1Gpulling manifest [K
pulling 2049f5674b1e:  60% ▕██████████        ▏ 5.4 GB/9.0 GB   22 MB/s   2m39s[K[?25h[?2026l[?2026h[?25l[A[1Gpulling manifest [K
pulling 2049f5674b1e:  60% ▕██████████        ▏ 5.4 GB/9.0 GB   22 MB/s   2m39s[K[?25h[?2026l[?2026h[?25l[A[1Gpulling manifest [K
pulling 2049f5674b1e:  60% ▕██████████        ▏ 5.4 GB/9.0 GB   22 MB/s   2m38s[K[?25h[?2026l[?2026h[?25l[A[1Gpulling manifest [K
pulling 2049f5674b1e:  60% ▕██████████        ▏ 5.4 GB/9.0 GB   22 MB/s   2m38s[K[?25h[?2026l[?2026h[?25l[A[1Gpulling manifest [K
pulling 2049f5674b1e:  60% ▕██████████        ▏ 5.4 GB/9.0 GB   22 MB/s   2m38s[K[?25h[?2026l[?2026h[?25l[A[1Gpulling manifest [K
pulling 2049f5674b1e:  60% ▕██████████        ▏ 5.4 GB/9.0 GB   22 MB/s   2m38s[K[?25h[?2026l[?2026h[?25l[A[1Gpulling manifest [K
pulling 2049f5674b1e:  60% ▕██████████        ▏ 5.4 GB/9.0 GB   22 MB/s   2m38s[K[?25h[?2026l[?2026h[?25l[A[1Gpulling manifest [K
pulling 2049f5674b1e:  60% ▕██████████        ▏ 5.4 GB/9.0 GB   22 MB/s   2m38s[K[?25h[?2026l[?2026h[?25l[A[1Gpulling manifest [K
pulling 2049f5674b1e:  60% ▕██████████        ▏ 5.4 GB/9.0 GB   22 MB/s   2m38s[K[?25h[?2026l[?2026h[?25l[A[1Gpulling manifest [K
pulling 2049f5674b1e:  60% ▕██████████        ▏ 5.4 GB/9.0 GB   22 MB/s   2m37s[K[?25h[?2026l[?2026h[?25l[A[1Gpulling manifest [K
pulling 2049f5674b1e:  61% ▕██████████        ▏ 5.4 GB/9.0 GB   22 MB/s   2m37s[K[?25h[?2026l[?2026h[?25l[A[1Gpulling manifest [K
pulling 2049f5674b1e:  61% ▕██████████        ▏ 5.4 GB/9.0 GB   24 MB/s   2m25s[K[?25h[?2026l[?2026h[?25l[A[1Gpulling manifest [K
pulling 2049f5674b1e:  61% ▕██████████        ▏ 5.4 GB/9.0 GB   24 MB/s   2m25s[K[?25h[?2026l[?2026h[?25l[A[1Gpulling manifest [K
pulling 2049f5674b1e:  61% ▕██████████        ▏ 5.5 GB/9.0 GB   24 MB/s   2m25s[K[?25h[?2026l[?2026h[?25l[A[1Gpulling manifest [K
pulling 2049f5674b1e:  61% ▕██████████        ▏ 5.5 GB/9.0 GB   24 MB/s   2m25s[K[?25h[?2026l[?2026h[?25l[A[1Gpulling manifest [K
pulling 2049f5674b1e:  61% ▕██████████        ▏ 5.5 GB/9.0 GB   24 MB/s   2m25s[K[?25h[?2026l[?2026h[?25l[A[1Gpulling manifest [K
pulling 2049f5674b1e:  61% ▕██████████        ▏ 5.5 GB/9.0 GB   24 MB/s   2m25s[K[?25h[?2026l[?2026h[?25l[A[1Gpulling manifest [K
pulling 2049f5674b1e:  61% ▕██████████        ▏ 5.5 GB/9.0 GB   24 MB/s   2m25s[K[?25h[?2026l[?2026h[?25l[A[1Gpulling manifest [K
pulling 2049f5674b1e:  61% ▕██████████        ▏ 5.5 GB/9.0 GB   24 MB/s   2m25s[K[?25h[?2026l[?2026h[?25l[A[1Gpulling manifest [K
pulling 2049f5674b1e:  61% ▕██████████        ▏ 5.5 GB/9.0 GB   24 MB/s   2m25s[K[?25h[?2026l[?2026h[?25l[A[1Gpulling manifest [K
pulling 2049f5674b1e:  61% ▕██████████        ▏ 5.5 GB/9.0 GB   24 MB/s   2m25s[K[?25h[?2026l[?2026h[?25l[A[1Gpulling manifest [K
pulling 2049f5674b1e:  61% ▕██████████        ▏ 5.5 GB/9.0 GB   24 MB/s   2m23s[K[?25h[?2026l[?2026h[?25l[A[1Gpulling manifest [K
pulling 2049f5674b1e:  61% ▕██████████        ▏ 5.5 GB/9.0 GB   24 MB/s   2m23s[K[?25h[?2026l[?2026h[?25l[A[1Gpulling manifest [K
pulling 2049f5674b1e:  61% ▕██████████        ▏ 5.5 GB/9.0 GB   24 MB/s   2m23s[K[?25h[?2026l[?2026h[?25l[A[1Gpulling manifest [K
pulling 2049f5674b1e:  61% ▕██████████        ▏ 5.5 GB/9.0 GB   24 MB/s   2m23s[K[?25h[?2026l[?2026h[?25l[A[1Gpulling manifest [K
pulling 2049f5674b1e:  61% ▕██████████        ▏ 5.5 GB/9.0 GB   24 MB/s   2m23s[K[?25h[?2026l[?2026h[?25l[A[1Gpulling manifest [K
pulling 2049f5674b1e:  61% ▕██████████        ▏ 5.5 GB/9.0 GB   24 MB/s   2m23s[K[?25h[?2026l[?2026h[?25l[A[1Gpulling manifest [K
pulling 2049f5674b1e:  61% ▕██████████        ▏ 5.5 GB/9.0 GB   24 MB/s   2m23s[K[?25h[?2026l[?2026h[?25l[A[1Gpulling manifest [K
pulling 2049f5674b1e:  61% ▕██████████        ▏ 5.5 GB/9.0 GB   24 MB/s   2m23s[K[?25h[?2026l[?2026h[?25l[A[1Gpulling manifest [K
pulling 2049f5674b1e:  61% ▕██████████        ▏ 5.5 GB/9.0 GB   24 MB/s   2m22s[K[?25h[?2026l[?2026h[?25l[A[1Gpulling manifest [K
pulling 2049f5674b1e:  61% ▕██████████        ▏ 5.5 GB/9.0 GB   24 MB/s   2m22s[K[?25h[?2026l[?2026h[?25l[A[1Gpulling manifest [K
pulling 2049f5674b1e:  61% ▕███████████       ▏ 5.5 GB/9.0 GB   23 MB/s   2m29s[K[?25h[?2026l[?2026h[?25l[A[1Gpulling manifest [K
pulling 2049f5674b1e:  61% ▕███████████       ▏ 5.5 GB/9.0 GB   23 MB/s   2m29s[K[?25h[?2026l[?2026h[?25l[A[1Gpulling manifest [K
pulling 2049f5674b1e:  61% ▕███████████       ▏ 5.5 GB/9.0 GB   23 MB/s   2m28s[K[?25h[?2026l[?2026h[?25l[A[1Gpulling manifest [K
pulling 2049f5674b1e:  61% ▕███████████       ▏ 5.5 GB/9.0 GB   23 MB/s   2m28s[K[?25h[?2026l[?2026h[?25l[A[1Gpulling manifest [K
pulling 2049f5674b1e:  61% ▕███████████       ▏ 5.5 GB/9.0 GB   23 MB/s   2m28s[K[?25h[?2026l[?2026h[?25l[A[1Gpulling manifest [K
pulling 2049f5674b1e:  61% ▕███████████       ▏ 5.5 GB/9.0 GB   23 MB/s   2m28s[K[?25h[?2026l[?2026h[?25l[A[1Gpulling manifest [K
pulling 2049f5674b1e:  61% ▕███████████       ▏ 5.5 GB/9.0 GB   23 MB/s   2m28s[K[?25h[?2026l[?2026h[?25l[A[1Gpulling manifest [K
pulling 2049f5674b1e:  61% ▕███████████       ▏ 5.5 GB/9.0 GB   23 MB/s   2m28s[K[?25h[?2026l[?2026h[?25l[A[1Gpulling manifest [K
pulling 2049f5674b1e:  61% ▕███████████       ▏ 5.5 GB/9.0 GB   23 MB/s   2m28s[K[?25h[?2026l[?2026h[?25l[A[1Gpulling manifest [K
pulling 2049f5674b1e:  61% ▕███████████       ▏ 5.5 GB/9.0 GB   23 MB/s   2m28s[K[?25h[?2026l[?2026h[?25l[A[1Gpulling manifest [K
pulling 2049f5674b1e:  61% ▕███████████       ▏ 5.5 GB/9.0 GB   23 MB/s   2m27s[K[?25h[?2026l[?2026h[?25l[A[1Gpulling manifest [K
pulling 2049f5674b1e:  61% ▕███████████       ▏ 5.5 GB/9.0 GB   23 MB/s   2m27s[K[?25h[?2026l[?2026h[?25l[A[1Gpulling manifest [K
pulling 2049f5674b1e:  61% ▕███████████       ▏ 5.5 GB/9.0 GB   23 MB/s   2m27s[K[?25h[?2026l[?2026h[?25l[A[1Gpulling manifest [K
pulling 2049f5674b1e:  61% ▕███████████       ▏ 5.5 GB/9.0 GB   23 MB/s   2m27s[K[?25h[?2026l[?2026h[?25l[A[1Gpulling manifest [K
pulling 2049f5674b1e:  61% ▕███████████       ▏ 5.5 GB/9.0 GB   23 MB/s   2m27s[K[?25h[?2026l[?2026h[?25l[A[1Gpulling manifest [K
pulling 2049f5674b1e:  61% ▕███████████       ▏ 5.5 GB/9.0 GB   23 MB/s   2m27s[K[?25h[?2026l[?2026h[?25l[A[1Gpulling manifest [K
pulling 2049f5674b1e:  61% ▕███████████       ▏ 5.5 GB/9.0 GB   23 MB/s   2m27s[K[?25h[?2026l[?2026h[?25l[A[1Gpulling manifest [K
pulling 2049f5674b1e:  61% ▕███████████       ▏ 5.5 GB/9.0 GB   23 MB/s   2m27s[K[?25h[?2026l[?2026h[?25l[A[1Gpulling manifest [K
pulling 2049f5674b1e:  62% ▕███████████       ▏ 5.5 GB/9.0 GB   23 MB/s   2m27s[K[?25h[?2026l[?2026h[?25l[A[1Gpulling manifest [K
pulling 2049f5674b1e:  62% ▕███████████       ▏ 5.5 GB/9.0 GB   23 MB/s   2m26s[K[?25h[?2026l[?2026h[?25l[A[1Gpulling manifest [K
pulling 2049f5674b1e:  62% ▕███████████       ▏ 5.5 GB/9.0 GB   23 MB/s   2m27s[K[?25h[?2026l[?2026h[?25l[A[1Gpulling manifest [K
pulling 2049f5674b1e:  62% ▕███████████       ▏ 5.5 GB/9.0 GB   23 MB/s   2m27s[K[?25h[?2026l[?2026h[?25l[A[1Gpulling manifest [K
pulling 2049f5674b1e:  62% ▕███████████       ▏ 5.5 GB/9.0 GB   23 MB/s   2m27s[K[?25h[?2026l[?2026h[?25l[A[1Gpulling manifest [K
pulling 2049f5674b1e:  62% ▕███████████       ▏ 5.5 GB/9.0 GB   23 MB/s   2m27s[K[?25h[?2026l[?2026h[?25l[A[1Gpulling manifest [K
pulling 2049f5674b1e:  62% ▕███████████       ▏ 5.5 GB/9.0 GB   23 MB/s   2m27s[K[?25h[?2026l[?2026h[?25l[A[1Gpulling manifest [K
pulling 2049f5674b1e:  62% ▕███████████       ▏ 5.5 GB/9.0 GB   23 MB/s   2m27s[K[?25h[?2026l[?2026h[?25l[A[1Gpulling manifest [K
pulling 2049f5674b1e:  62% ▕███████████       ▏ 5.5 GB/9.0 GB   23 MB/s   2m27s[K[?25h[?2026l[?2026h[?25l[A[1Gpulling manifest [K
pulling 2049f5674b1e:  62% ▕███████████       ▏ 5.5 GB/9.0 GB   23 MB/s   2m27s[K[?25h[?2026l[?2026h[?25l[A[1Gpulling manifest [K
pulling 2049f5674b1e:  62% ▕███████████       ▏ 5.5 GB/9.0 GB   23 MB/s   2m27s[K[?25h[?2026l[?2026h[?25l[A[1Gpulling manifest [K
pulling 2049f5674b1e:  62% ▕███████████       ▏ 5.5 GB/9.0 GB   23 MB/s   2m27s[K[?25h[?2026l[?2026h[?25l[A[1Gpulling manifest [K
pulling 2049f5674b1e:  62% ▕███████████       ▏ 5.5 GB/9.0 GB   23 MB/s   2m27s[K[?25h[?2026l[?2026h[?25l[A[1Gpulling manifest [K
pulling 2049f5674b1e:  62% ▕███████████       ▏ 5.5 GB/9.0 GB   23 MB/s   2m25s[K[?25h[?2026l[?2026h[?25l[A[1Gpulling manifest [K
pulling 2049f5674b1e:  62% ▕███████████       ▏ 5.6 GB/9.0 GB   23 MB/s   2m25s[K[?25h[?2026l[?2026h[?25l[A[1Gpulling manifest [K
pulling 2049f5674b1e:  62% ▕███████████       ▏ 5.6 GB/9.0 GB   23 MB/s   2m25s[K[?25h[?2026l[?2026h[?25l[A[1Gpulling manifest [K
pulling 2049f5674b1e:  62% ▕███████████       ▏ 5.6 GB/9.0 GB   23 MB/s   2m24s[K[?25h[?2026l[?2026h[?25l[A[1Gpulling manifest [K
pulling 2049f5674b1e:  62% ▕███████████       ▏ 5.6 GB/9.0 GB   23 MB/s   2m24s[K[?25h[?2026l[?2026h[?25l[A[1Gpulling manifest [K
pulling 2049f5674b1e:  62% ▕███████████       ▏ 5.6 GB/9.0 GB   23 MB/s   2m24s[K[?25h[?2026l[?2026h[?25l[A[1Gpulling manifest [K
pulling 2049f5674b1e:  62% ▕███████████       ▏ 5.6 GB/9.0 GB   23 MB/s   2m24s[K[?25h[?2026l[?2026h[?25l[A[1Gpulling manifest [K
pulling 2049f5674b1e:  62% ▕███████████       ▏ 5.6 GB/9.0 GB   23 MB/s   2m24s[K[?25h[?2026l[?2026h[?25l[A[1Gpulling manifest [K
pulling 2049f5674b1e:  62% ▕███████████       ▏ 5.6 GB/9.0 GB   23 MB/s   2m24s[K[?25h[?2026l[?2026h[?25l[A[1Gpulling manifest [K
pulling 2049f5674b1e:  62% ▕███████████       ▏ 5.6 GB/9.0 GB   23 MB/s   2m24s[K[?25h[?2026l[?2026h[?25l[A[1Gpulling manifest [K
pulling 2049f5674b1e:  62% ▕███████████       ▏ 5.6 GB/9.0 GB   22 MB/s   2m31s[K[?25h[?2026l[?2026h[?25l[A[1Gpulling manifest [K
pulling 2049f5674b1e:  62% ▕███████████       ▏ 5.6 GB/9.0 GB   22 MB/s   2m30s[K[?25h[?2026l[?2026h[?25l[A[1Gpulling manifest [K
pulling 2049f5674b1e:  62% ▕███████████       ▏ 5.6 GB/9.0 GB   22 MB/s   2m30s[K[?25h[?2026l[?2026h[?25l[A[1Gpulling manifest [K
pulling 2049f5674b1e:  62% ▕███████████       ▏ 5.6 GB/9.0 GB   22 MB/s   2m30s[K[?25h[?2026l[?2026h[?25l[A[1Gpulling manifest [K
pulling 2049f5674b1e:  62% ▕███████████       ▏ 5.6 GB/9.0 GB   22 MB/s   2m30s[K[?25h[?2026l[?2026h[?25l[A[1Gpulling manifest [K
pulling 2049f5674b1e:  62% ▕███████████       ▏ 5.6 GB/9.0 GB   22 MB/s   2m30s[K[?25h[?2026l[?2026h[?25l[A[1Gpulling manifest [K
pulling 2049f5674b1e:  62% ▕███████████       ▏ 5.6 GB/9.0 GB   22 MB/s   2m30s[K[?25h[?2026l[?2026h[?25l[A[1Gpulling manifest [K
pulling 2049f5674b1e:  62% ▕███████████       ▏ 5.6 GB/9.0 GB   22 MB/s   2m30s[K[?25h[?2026l[?2026h[?25l[A[1Gpulling manifest [K
pulling 2049f5674b1e:  62% ▕███████████       ▏ 5.6 GB/9.0 GB   22 MB/s   2m30s[K[?25h[?2026l[?2026h[?25l[A[1Gpulling manifest [K
pulling 2049f5674b1e:  62% ▕███████████       ▏ 5.6 GB/9.0 GB   22 MB/s   2m30s[K[?25h[?2026l[?2026h[?25l[A[1Gpulling manifest [K
pulling 2049f5674b1e:  62% ▕███████████       ▏ 5.6 GB/9.0 GB   23 MB/s   2m25s[K[?25h[?2026l[?2026h[?25l[A[1Gpulling manifest [K
pulling 2049f5674b1e:  62% ▕███████████       ▏ 5.6 GB/9.0 GB   23 MB/s   2m24s[K[?25h[?2026l[?2026h[?25l[A[1Gpulling manifest [K
pulling 2049f5674b1e:  62% ▕███████████       ▏ 5.6 GB/9.0 GB   23 MB/s   2m24s[K[?25h[?2026l[?2026h[?25l[A[1Gpulling manifest [K
pulling 2049f5674b1e:  62% ▕███████████       ▏ 5.6 GB/9.0 GB   23 MB/s   2m24s[K[?25h[?2026l[?2026h[?25l[A[1Gpulling manifest [K
pulling 2049f5674b1e:  62% ▕███████████       ▏ 5.6 GB/9.0 GB   23 MB/s   2m24s[K[?25h[?2026l[?2026h[?25l[A[1Gpulling manifest [K
pulling 2049f5674b1e:  62% ▕███████████       ▏ 5.6 GB/9.0 GB   23 MB/s   2m24s[K[?25h[?2026l[?2026h[?25l[A[1Gpulling manifest [K
pulling 2049f5674b1e:  62% ▕███████████       ▏ 5.6 GB/9.0 GB   23 MB/s   2m24s[K[?25h[?2026l[?2026h[?25l[A[1Gpulling manifest [K
pulling 2049f5674b1e:  63% ▕███████████       ▏ 5.6 GB/9.0 GB   23 MB/s   2m24s[K[?25h[?2026l[?2026h[?25l[A[1Gpulling manifest [K
pulling 2049f5674b1e:  63% ▕███████████       ▏ 5.6 GB/9.0 GB   23 MB/s   2m23s[K[?25h[?2026l[?2026h[?25l[A[1Gpulling manifest [K
pulling 2049f5674b1e:  63% ▕███████████       ▏ 5.6 GB/9.0 GB   23 MB/s   2m23s[K[?25h[?2026l[?2026h[?25l[A[1Gpulling manifest [K
pulling 2049f5674b1e:  63% ▕███████████       ▏ 5.6 GB/9.0 GB   23 MB/s   2m20s[K[?25h[?2026l[?2026h[?25l[A[1Gpulling manifest [K
pulling 2049f5674b1e:  63% ▕███████████       ▏ 5.6 GB/9.0 GB   23 MB/s   2m20s[K[?25h[?2026l[?2026h[?25l[A[1Gpulling manifest [K
pulling 2049f5674b1e:  63% ▕███████████       ▏ 5.6 GB/9.0 GB   23 MB/s   2m20s[K[?25h[?2026l[?2026h[?25l[A[1Gpulling manifest [K
pulling 2049f5674b1e:  63% ▕███████████       ▏ 5.6 GB/9.0 GB   23 MB/s   2m20s[K[?25h[?2026l[?2026h[?25l[A[1Gpulling manifest [K
pulling 2049f5674b1e:  63% ▕███████████       ▏ 5.6 GB/9.0 GB   23 MB/s   2m20s[K[?25h[?2026l[?2026h[?25l[A[1Gpulling manifest [K
pulling 2049f5674b1e:  63% ▕███████████       ▏ 5.6 GB/9.0 GB   23 MB/s   2m20s[K[?25h[?2026l[?2026h[?25l[A[1Gpulling manifest [K
pulling 2049f5674b1e:  63% ▕███████████       ▏ 5.6 GB/9.0 GB   23 MB/s   2m20s[K[?25h[?2026l[?2026h[?25l[A[1Gpulling manifest [K
pulling 2049f5674b1e:  63% ▕███████████       ▏ 5.6 GB/9.0 GB   23 MB/s   2m20s[K[?25h[?2026l[?2026h[?25l[A[1Gpulling manifest [K
pulling 2049f5674b1e:  63% ▕███████████       ▏ 5.6 GB/9.0 GB   23 MB/s   2m20s[K[?25h[?2026l[?2026h[?25l[A[1Gpulling manifest [K
pulling 2049f5674b1e:  63% ▕███████████       ▏ 5.6 GB/9.0 GB   23 MB/s   2m20s[K[?25h[?2026l[?2026h[?25l[A[1Gpulling manifest [K
pulling 2049f5674b1e:  63% ▕███████████       ▏ 5.6 GB/9.0 GB   22 MB/s   2m27s[K[?25h[?2026l[?2026h[?25l[A[1Gpulling manifest [K
pulling 2049f5674b1e:  63% ▕███████████       ▏ 5.6 GB/9.0 GB   22 MB/s   2m27s[K[?25h[?2026l[?2026h[?25l[A[1Gpulling manifest [K
pulling 2049f5674b1e:  63% ▕███████████       ▏ 5.7 GB/9.0 GB   22 MB/s   2m26s[K[?25h[?2026l[?2026h[?25l[A[1Gpulling manifest [K
pulling 2049f5674b1e:  63% ▕███████████       ▏ 5.7 GB/9.0 GB   22 MB/s   2m26s[K[?25h[?2026l[?2026h[?25l[A[1Gpulling manifest [K
pulling 2049f5674b1e:  63% ▕███████████       ▏ 5.7 GB/9.0 GB   22 MB/s   2m26s[K[?25h[?2026l[?2026h[?25l[A[1Gpulling manifest [K
pulling 2049f5674b1e:  63% ▕███████████       ▏ 5.7 GB/9.0 GB   22 MB/s   2m26s[K[?25h[?2026l[?2026h[?25l[A[1Gpulling manifest [K
pulling 2049f5674b1e:  63% ▕███████████       ▏ 5.7 GB/9.0 GB   22 MB/s   2m26s[K[?25h[?2026l[?2026h[?25l[A[1Gpulling manifest [K
pulling 2049f5674b1e:  63% ▕███████████       ▏ 5.7 GB/9.0 GB   22 MB/s   2m26s[K[?25h[?2026l[?2026h[?25l[A[1Gpulling manifest [K
pulling 2049f5674b1e:  63% ▕███████████       ▏ 5.7 GB/9.0 GB   22 MB/s   2m26s[K[?25h[?2026l[?2026h[?25l[A[1Gpulling manifest [K
pulling 2049f5674b1e:  63% ▕███████████       ▏ 5.7 GB/9.0 GB   22 MB/s   2m26s[K[?25h[?2026l[?2026h[?25l[A[1Gpulling manifest [K
pulling 2049f5674b1e:  63% ▕███████████       ▏ 5.7 GB/9.0 GB   22 MB/s   2m26s[K[?25h[?2026l[?2026h[?25l[A[1Gpulling manifest [K
pulling 2049f5674b1e:  63% ▕███████████       ▏ 5.7 GB/9.0 GB   23 MB/s   2m23s[K[?25h[?2026l[?2026h[?25l[A[1Gpulling manifest [K
pulling 2049f5674b1e:  63% ▕███████████       ▏ 5.7 GB/9.0 GB   23 MB/s   2m23s[K[?25h[?2026l[?2026h[?25l[A[1Gpulling manifest [K
pulling 2049f5674b1e:  63% ▕███████████       ▏ 5.7 GB/9.0 GB   23 MB/s   2m23s[K[?25h[?2026l[?2026h[?25l[A[1Gpulling manifest [K
pulling 2049f5674b1e:  63% ▕███████████       ▏ 5.7 GB/9.0 GB   23 MB/s   2m23s[K[?25h[?2026l[?2026h[?25l[A[1Gpulling manifest [K
pulling 2049f5674b1e:  63% ▕███████████       ▏ 5.7 GB/9.0 GB   23 MB/s   2m22s[K[?25h[?2026l[?2026h[?25l[A[1Gpulling manifest [K
pulling 2049f5674b1e:  63% ▕███████████       ▏ 5.7 GB/9.0 GB   23 MB/s   2m22s[K[?25h[?2026l[?2026h[?25l[A[1Gpulling manifest [K
pulling 2049f5674b1e:  63% ▕███████████       ▏ 5.7 GB/9.0 GB   23 MB/s   2m22s[K[?25h[?2026l[?2026h[?25l[A[1Gpulling manifest [K
pulling 2049f5674b1e:  63% ▕███████████       ▏ 5.7 GB/9.0 GB   23 MB/s   2m22s[K[?25h[?2026l[?2026h[?25l[A[1Gpulling manifest [K
pulling 2049f5674b1e:  63% ▕███████████       ▏ 5.7 GB/9.0 GB   23 MB/s   2m22s[K[?25h[?2026l[?2026h[?25l[A[1Gpulling manifest [K
pulling 2049f5674b1e:  63% ▕███████████       ▏ 5.7 GB/9.0 GB   23 MB/s   2m22s[K[?25h[?2026l[?2026h[?25l[A[1Gpulling manifest [K
pulling 2049f5674b1e:  63% ▕███████████       ▏ 5.7 GB/9.0 GB   22 MB/s   2m23s[K[?25h[?2026l[?2026h[?25l[A[1Gpulling manifest [K
pulling 2049f5674b1e:  63% ▕███████████       ▏ 5.7 GB/9.0 GB   22 MB/s   2m22s[K[?25h[?2026l[?2026h[?25l[A[1Gpulling manifest [K
pulling 2049f5674b1e:  64% ▕███████████       ▏ 5.7 GB/9.0 GB   22 MB/s   2m22s[K[?25h[?2026l[?2026h[?25l[A[1Gpulling manifest [K
pulling 2049f5674b1e:  64% ▕███████████       ▏ 5.7 GB/9.0 GB   22 MB/s   2m22s[K[?25h[?2026l[?2026h[?25l[A[1Gpulling manifest [K
pulling 2049f5674b1e:  64% ▕███████████       ▏ 5.7 GB/9.0 GB   22 MB/s   2m22s[K[?25h[?2026l[?2026h[?25l[A[1Gpulling manifest [K
pulling 2049f5674b1e:  64% ▕███████████       ▏ 5.7 GB/9.0 GB   22 MB/s   2m22s[K[?25h[?2026l[?2026h[?25l[A[1Gpulling manifest [K
pulling 2049f5674b1e:  64% ▕███████████       ▏ 5.7 GB/9.0 GB   22 MB/s   2m22s[K[?25h[?2026l[?2026h[?25l[A[1Gpulling manifest [K
pulling 2049f5674b1e:  64% ▕███████████       ▏ 5.7 GB/9.0 GB   22 MB/s   2m22s[K[?25h[?2026l[?2026h[?25l[A[1Gpulling manifest [K
pulling 2049f5674b1e:  64% ▕███████████       ▏ 5.7 GB/9.0 GB   22 MB/s   2m22s[K[?25h[?2026l[?2026h[?25l[A[1Gpulling manifest [K
pulling 2049f5674b1e:  64% ▕███████████       ▏ 5.7 GB/9.0 GB   22 MB/s   2m22s[K[?25h[?2026l[?2026h[?25l[A[1Gpulling manifest [K
pulling 2049f5674b1e:  64% ▕███████████       ▏ 5.7 GB/9.0 GB   24 MB/s   2m14s[K[?25h[?2026l[?2026h[?25l[A[1Gpulling manifest [K
pulling 2049f5674b1e:  64% ▕███████████       ▏ 5.7 GB/9.0 GB   24 MB/s   2m14s[K[?25h[?2026l[?2026h[?25l[A[1Gpulling manifest [K
pulling 2049f5674b1e:  64% ▕███████████       ▏ 5.7 GB/9.0 GB   24 MB/s   2m14s[K[?25h[?2026l[?2026h[?25l[A[1Gpulling manifest [K
pulling 2049f5674b1e:  64% ▕███████████       ▏ 5.7 GB/9.0 GB   24 MB/s   2m14s[K[?25h[?2026l[?2026h[?25l[A[1Gpulling manifest [K
pulling 2049f5674b1e:  64% ▕███████████       ▏ 5.7 GB/9.0 GB   24 MB/s   2m14s[K[?25h[?2026l[?2026h[?25l[A[1Gpulling manifest [K
pulling 2049f5674b1e:  64% ▕███████████       ▏ 5.7 GB/9.0 GB   24 MB/s   2m14s[K[?25h[?2026l[?2026h[?25l[A[1Gpulling manifest [K
pulling 2049f5674b1e:  64% ▕███████████       ▏ 5.7 GB/9.0 GB   24 MB/s   2m14s[K[?25h[?2026l[?2026h[?25l[A[1Gpulling manifest [K
pulling 2049f5674b1e:  64% ▕███████████       ▏ 5.7 GB/9.0 GB   24 MB/s   2m14s[K[?25h[?2026l[?2026h[?25l[A[1Gpulling manifest [K
pulling 2049f5674b1e:  64% ▕███████████       ▏ 5.7 GB/9.0 GB   24 MB/s   2m14s[K[?25h[?2026l[?2026h[?25l[A[1Gpulling manifest [K
pulling 2049f5674b1e:  64% ▕███████████       ▏ 5.7 GB/9.0 GB   24 MB/s   2m14s[K[?25h[?2026l[?2026h[?25l[A[1Gpulling manifest [K
pulling 2049f5674b1e:  64% ▕███████████       ▏ 5.7 GB/9.0 GB   23 MB/s   2m18s[K[?25h[?2026l[?2026h[?25l[A[1Gpulling manifest [K
pulling 2049f5674b1e:  64% ▕███████████       ▏ 5.7 GB/9.0 GB   23 MB/s   2m18s[K[?25h[?2026l[?2026h[?25l[A[1Gpulling manifest [K
pulling 2049f5674b1e:  64% ▕███████████       ▏ 5.7 GB/9.0 GB   23 MB/s   2m18s[K[?25h[?2026l[?2026h[?25l[A[1Gpulling manifest [K
pulling 2049f5674b1e:  64% ▕███████████       ▏ 5.8 GB/9.0 GB   23 MB/s   2m17s[K[?25h[?2026l[?2026h[?25l[A[1Gpulling manifest [K
pulling 2049f5674b1e:  64% ▕███████████       ▏ 5.8 GB/9.0 GB   23 MB/s   2m17s[K[?25h[?2026l[?2026h[?25l[A[1Gpulling manifest [K
pulling 2049f5674b1e:  64% ▕███████████       ▏ 5.8 GB/9.0 GB   23 MB/s   2m17s[K[?25h[?2026l[?2026h[?25l[A[1Gpulling manifest [K
pulling 2049f5674b1e:  64% ▕███████████       ▏ 5.8 GB/9.0 GB   23 MB/s   2m17s[K[?25h[?2026l[?2026h[?25l[A[1Gpulling manifest [K
pulling 2049f5674b1e:  64% ▕███████████       ▏ 5.8 GB/9.0 GB   23 MB/s   2m17s[K[?25h[?2026l[?2026h[?25l[A[1Gpulling manifest [K
pulling 2049f5674b1e:  64% ▕███████████       ▏ 5.8 GB/9.0 GB   23 MB/s   2m17s[K[?25h[?2026l[?2026h[?25l[A[1Gpulling manifest [K
pulling 2049f5674b1e:  64% ▕███████████       ▏ 5.8 GB/9.0 GB   23 MB/s   2m17s[K[?25h[?2026l[?2026h[?25l[A[1Gpulling manifest [K
pulling 2049f5674b1e:  64% ▕███████████       ▏ 5.8 GB/9.0 GB   25 MB/s    2m8s[K[?25h[?2026l[?2026h[?25l[A[1Gpulling manifest [K
pulling 2049f5674b1e:  64% ▕███████████       ▏ 5.8 GB/9.0 GB   25 MB/s    2m8s[K[?25h[?2026l[?2026h[?25l[A[1Gpulling manifest [K
pulling 2049f5674b1e:  64% ▕███████████       ▏ 5.8 GB/9.0 GB   25 MB/s    2m8s[K[?25h[?2026l[?2026h[?25l[A[1Gpulling manifest [K
pulling 2049f5674b1e:  64% ▕███████████       ▏ 5.8 GB/9.0 GB   25 MB/s    2m8s[K[?25h[?2026l[?2026h[?25l[A[1Gpulling manifest [K
pulling 2049f5674b1e:  64% ▕███████████       ▏ 5.8 GB/9.0 GB   25 MB/s    2m8s[K[?25h[?2026l[?2026h[?25l[A[1Gpulling manifest [K
pulling 2049f5674b1e:  64% ▕███████████       ▏ 5.8 GB/9.0 GB   25 MB/s    2m8s[K[?25h[?2026l[?2026h[?25l[A[1Gpulling manifest [K
pulling 2049f5674b1e:  64% ▕███████████       ▏ 5.8 GB/9.0 GB   25 MB/s    2m8s[K[?25h[?2026l[?2026h[?25l[A[1Gpulling manifest [K
pulling 2049f5674b1e:  64% ▕███████████       ▏ 5.8 GB/9.0 GB   25 MB/s    2m8s[K[?25h[?2026l[?2026h[?25l[A[1Gpulling manifest [K
pulling 2049f5674b1e:  64% ▕███████████       ▏ 5.8 GB/9.0 GB   25 MB/s    2m7s[K[?25h[?2026l[?2026h[?25l[A[1Gpulling manifest [K
pulling 2049f5674b1e:  64% ▕███████████       ▏ 5.8 GB/9.0 GB   25 MB/s    2m7s[K[?25h[?2026l[?2026h[?25l[A[1Gpulling manifest [K
pulling 2049f5674b1e:  64% ▕███████████       ▏ 5.8 GB/9.0 GB   25 MB/s    2m7s[K[?25h[?2026l[?2026h[?25l[A[1Gpulling manifest [K
pulling 2049f5674b1e:  64% ▕███████████       ▏ 5.8 GB/9.0 GB   24 MB/s   2m10s[K[?25h[?2026l[?2026h[?25l[A[1Gpulling manifest [K
pulling 2049f5674b1e:  65% ▕███████████       ▏ 5.8 GB/9.0 GB   24 MB/s    2m9s[K[?25h[?2026l[?2026h[?25l[A[1Gpulling manifest [K
pulling 2049f5674b1e:  65% ▕███████████       ▏ 5.8 GB/9.0 GB   24 MB/s    2m9s[K[?25h[?2026l[?2026h[?25l[A[1Gpulling manifest [K
pulling 2049f5674b1e:  65% ▕███████████       ▏ 5.8 GB/9.0 GB   24 MB/s    2m9s[K[?25h[?2026l[?2026h[?25l[A[1Gpulling manifest [K
pulling 2049f5674b1e:  65% ▕███████████       ▏ 5.8 GB/9.0 GB   24 MB/s    2m9s[K[?25h[?2026l[?2026h[?25l[A[1Gpulling manifest [K
pulling 2049f5674b1e:  65% ▕███████████       ▏ 5.8 GB/9.0 GB   24 MB/s    2m9s[K[?25h[?2026l[?2026h[?25l[A[1Gpulling manifest [K
pulling 2049f5674b1e:  65% ▕███████████       ▏ 5.8 GB/9.0 GB   24 MB/s    2m9s[K[?25h[?2026l[?2026h[?25l[A[1Gpulling manifest [K
pulling 2049f5674b1e:  65% ▕███████████       ▏ 5.8 GB/9.0 GB   24 MB/s    2m9s[K[?25h[?2026l[?2026h[?25l[A[1Gpulling manifest [K
pulling 2049f5674b1e:  65% ▕███████████       ▏ 5.8 GB/9.0 GB   24 MB/s    2m9s[K[?25h[?2026l[?2026h[?25l[A[1Gpulling manifest [K
pulling 2049f5674b1e:  65% ▕███████████       ▏ 5.8 GB/9.0 GB   24 MB/s    2m9s[K[?25h[?2026l[?2026h[?25l[A[1Gpulling manifest [K
pulling 2049f5674b1e:  65% ▕███████████       ▏ 5.8 GB/9.0 GB   24 MB/s    2m8s[K[?25h[?2026l[?2026h[?25l[A[1Gpulling manifest [K
pulling 2049f5674b1e:  65% ▕███████████       ▏ 5.8 GB/9.0 GB   24 MB/s    2m8s[K[?25h[?2026l[?2026h[?25l[A[1Gpulling manifest [K
pulling 2049f5674b1e:  65% ▕███████████       ▏ 5.8 GB/9.0 GB   24 MB/s    2m8s[K[?25h[?2026l[?2026h[?25l[A[1Gpulling manifest [K
pulling 2049f5674b1e:  65% ▕███████████       ▏ 5.8 GB/9.0 GB   24 MB/s    2m8s[K[?25h[?2026l[?2026h[?25l[A[1Gpulling manifest [K
pulling 2049f5674b1e:  65% ▕███████████       ▏ 5.8 GB/9.0 GB   24 MB/s    2m8s[K[?25h[?2026l[?2026h[?25l[A[1Gpulling manifest [K
pulling 2049f5674b1e:  65% ▕███████████       ▏ 5.8 GB/9.0 GB   24 MB/s    2m8s[K[?25h[?2026l[?2026h[?25l[A[1Gpulling manifest [K
pulling 2049f5674b1e:  65% ▕███████████       ▏ 5.8 GB/9.0 GB   24 MB/s    2m8s[K[?25h[?2026l[?2026h[?25l[A[1Gpulling manifest [K
pulling 2049f5674b1e:  65% ▕███████████       ▏ 5.8 GB/9.0 GB   24 MB/s    2m8s[K[?25h[?2026l[?2026h[?25l[A[1Gpulling manifest [K
pulling 2049f5674b1e:  65% ▕███████████       ▏ 5.8 GB/9.0 GB   24 MB/s    2m8s[K[?25h[?2026l[?2026h[?25l[A[1Gpulling manifest [K
pulling 2049f5674b1e:  65% ▕███████████       ▏ 5.8 GB/9.0 GB   24 MB/s    2m8s[K[?25h[?2026l[?2026h[?25l[A[1Gpulling manifest [K
pulling 2049f5674b1e:  65% ▕███████████       ▏ 5.8 GB/9.0 GB   23 MB/s   2m16s[K[?25h[?2026l[?2026h[?25l[A[1Gpulling manifest [K
pulling 2049f5674b1e:  65% ▕███████████       ▏ 5.8 GB/9.0 GB   23 MB/s   2m16s[K[?25h[?2026l[?2026h[?25l[A[1Gpulling manifest [K
pulling 2049f5674b1e:  65% ▕███████████       ▏ 5.8 GB/9.0 GB   23 MB/s   2m16s[K[?25h[?2026l[?2026h[?25l[A[1Gpulling manifest [K
pulling 2049f5674b1e:  65% ▕███████████       ▏ 5.8 GB/9.0 GB   23 MB/s   2m16s[K[?25h[?2026l[?2026h[?25l[A[1Gpulling manifest [K
pulling 2049f5674b1e:  65% ▕███████████       ▏ 5.8 GB/9.0 GB   23 MB/s   2m15s[K[?25h[?2026l[?2026h[?25l[A[1Gpulling manifest [K
pulling 2049f5674b1e:  65% ▕███████████       ▏ 5.9 GB/9.0 GB   23 MB/s   2m15s[K[?25h[?2026l[?2026h[?25l[A[1Gpulling manifest [K
pulling 2049f5674b1e:  65% ▕███████████       ▏ 5.9 GB/9.0 GB   23 MB/s   2m15s[K[?25h[?2026l[?2026h[?25l[A[1Gpulling manifest [K
pulling 2049f5674b1e:  65% ▕███████████       ▏ 5.9 GB/9.0 GB   23 MB/s   2m15s[K[?25h[?2026l[?2026h[?25l[A[1Gpulling manifest [K
pulling 2049f5674b1e:  65% ▕███████████       ▏ 5.9 GB/9.0 GB   23 MB/s   2m15s[K[?25h[?2026l[?2026h[?25l[A[1Gpulling manifest [K
pulling 2049f5674b1e:  65% ▕███████████       ▏ 5.9 GB/9.0 GB   23 MB/s   2m15s[K[?25h[?2026l[?2026h[?25l[A[1Gpulling manifest [K
pulling 2049f5674b1e:  65% ▕███████████       ▏ 5.9 GB/9.0 GB   23 MB/s   2m11s[K[?25h[?2026l[?2026h[?25l[A[1Gpulling manifest [K
pulling 2049f5674b1e:  65% ▕███████████       ▏ 5.9 GB/9.0 GB   23 MB/s   2m10s[K[?25h[?2026l[?2026h[?25l[A[1Gpulling manifest [K
pulling 2049f5674b1e:  65% ▕███████████       ▏ 5.9 GB/9.0 GB   23 MB/s   2m10s[K[?25h[?2026l[?2026h[?25l[A[1Gpulling manifest [K
pulling 2049f5674b1e:  65% ▕███████████       ▏ 5.9 GB/9.0 GB   23 MB/s   2m10s[K[?25h[?2026l[?2026h[?25l[A[1Gpulling manifest [K
pulling 2049f5674b1e:  65% ▕███████████       ▏ 5.9 GB/9.0 GB   23 MB/s   2m10s[K[?25h[?2026l[?2026h[?25l[A[1Gpulling manifest [K
pulling 2049f5674b1e:  65% ▕███████████       ▏ 5.9 GB/9.0 GB   23 MB/s   2m10s[K[?25h[?2026l[?2026h[?25l[A[1Gpulling manifest [K
pulling 2049f5674b1e:  65% ▕███████████       ▏ 5.9 GB/9.0 GB   23 MB/s   2m10s[K[?25h[?2026l[?2026h[?25l[A[1Gpulling manifest [K
pulling 2049f5674b1e:  65% ▕███████████       ▏ 5.9 GB/9.0 GB   23 MB/s   2m10s[K[?25h[?2026l[?2026h[?25l[A[1Gpulling manifest [K
pulling 2049f5674b1e:  65% ▕███████████       ▏ 5.9 GB/9.0 GB   23 MB/s   2m10s[K[?25h[?2026l[?2026h[?25l[A[1Gpulling manifest [K
pulling 2049f5674b1e:  66% ▕███████████       ▏ 5.9 GB/9.0 GB   23 MB/s    2m9s[K[?25h[?2026l[?2026h[?25l[A[1Gpulling manifest [K
pulling 2049f5674b1e:  66% ▕███████████       ▏ 5.9 GB/9.0 GB   24 MB/s    2m5s[K[?25h[?2026l[?2026h[?25l[A[1Gpulling manifest [K
pulling 2049f5674b1e:  66% ▕███████████       ▏ 5.9 GB/9.0 GB   24 MB/s    2m5s[K[?25h[?2026l[?2026h[?25l[A[1Gpulling manifest [K
pulling 2049f5674b1e:  66% ▕███████████       ▏ 5.9 GB/9.0 GB   24 MB/s    2m5s[K[?25h[?2026l[?2026h[?25l[A[1Gpulling manifest [K
pulling 2049f5674b1e:  66% ▕███████████       ▏ 5.9 GB/9.0 GB   24 MB/s    2m5s[K[?25h[?2026l[?2026h[?25l[A[1Gpulling manifest [K
pulling 2049f5674b1e:  66% ▕███████████       ▏ 5.9 GB/9.0 GB   24 MB/s    2m5s[K[?25h[?2026l[?2026h[?25l[A[1Gpulling manifest [K
pulling 2049f5674b1e:  66% ▕███████████       ▏ 5.9 GB/9.0 GB   24 MB/s    2m5s[K[?25h[?2026l[?2026h[?25l[A[1Gpulling manifest [K
pulling 2049f5674b1e:  66% ▕███████████       ▏ 5.9 GB/9.0 GB   24 MB/s    2m5s[K[?25h[?2026l[?2026h[?25l[A[1Gpulling manifest [K
pulling 2049f5674b1e:  66% ▕███████████       ▏ 5.9 GB/9.0 GB   24 MB/s    2m5s[K[?25h[?2026l[?2026h[?25l[A[1Gpulling manifest [K
pulling 2049f5674b1e:  66% ▕███████████       ▏ 5.9 GB/9.0 GB   24 MB/s    2m5s[K[?25h[?2026l[?2026h[?25l[A[1Gpulling manifest [K
pulling 2049f5674b1e:  66% ▕███████████       ▏ 5.9 GB/9.0 GB   24 MB/s    2m4s[K[?25h[?2026l[?2026h[?25l[A[1Gpulling manifest [K
pulling 2049f5674b1e:  66% ▕███████████       ▏ 5.9 GB/9.0 GB   24 MB/s    2m4s[K[?25h[?2026l[?2026h[?25l[A[1Gpulling manifest [K
pulling 2049f5674b1e:  66% ▕███████████       ▏ 5.9 GB/9.0 GB   23 MB/s    2m9s[K[?25h[?2026l[?2026h[?25l[A[1Gpulling manifest [K
pulling 2049f5674b1e:  66% ▕███████████       ▏ 5.9 GB/9.0 GB   23 MB/s    2m9s[K[?25h[?2026l[?2026h[?25l[A[1Gpulling manifest [K
pulling 2049f5674b1e:  66% ▕███████████       ▏ 5.9 GB/9.0 GB   23 MB/s    2m9s[K[?25h[?2026l[?2026h[?25l[A[1Gpulling manifest [K
pulling 2049f5674b1e:  66% ▕███████████       ▏ 5.9 GB/9.0 GB   23 MB/s    2m8s[K[?25h[?2026l[?2026h[?25l[A[1Gpulling manifest [K
pulling 2049f5674b1e:  66% ▕███████████       ▏ 5.9 GB/9.0 GB   23 MB/s    2m8s[K[?25h[?2026l[?2026h[?25l[A[1Gpulling manifest [K
pulling 2049f5674b1e:  66% ▕███████████       ▏ 5.9 GB/9.0 GB   23 MB/s    2m8s[K[?25h[?2026l[?2026h[?25l[A[1Gpulling manifest [K
pulling 2049f5674b1e:  66% ▕███████████       ▏ 5.9 GB/9.0 GB   23 MB/s    2m8s[K[?25h[?2026l[?2026h[?25l[A[1Gpulling manifest [K
pulling 2049f5674b1e:  66% ▕███████████       ▏ 5.9 GB/9.0 GB   23 MB/s    2m8s[K[?25h[?2026l[?2026h[?25l[A[1Gpulling manifest [K
pulling 2049f5674b1e:  66% ▕███████████       ▏ 5.9 GB/9.0 GB   23 MB/s    2m8s[K[?25h[?2026l[?2026h[?25l[A[1Gpulling manifest [K
pulling 2049f5674b1e:  66% ▕███████████       ▏ 5.9 GB/9.0 GB   23 MB/s    2m8s[K[?25h[?2026l[?2026h[?25l[A[1Gpulling manifest [K
pulling 2049f5674b1e:  66% ▕███████████       ▏ 5.9 GB/9.0 GB   23 MB/s    2m9s[K[?25h[?2026l[?2026h[?25l[A[1Gpulling manifest [K
pulling 2049f5674b1e:  66% ▕███████████       ▏ 5.9 GB/9.0 GB   23 MB/s    2m9s[K[?25h[?2026l[?2026h[?25l[A[1Gpulling manifest [K
pulling 2049f5674b1e:  66% ▕███████████       ▏ 5.9 GB/9.0 GB   23 MB/s    2m9s[K[?25h[?2026l[?2026h[?25l[A[1Gpulling manifest [K
pulling 2049f5674b1e:  66% ▕███████████       ▏ 5.9 GB/9.0 GB   23 MB/s    2m9s[K[?25h[?2026l[?2026h[?25l[A[1Gpulling manifest [K
pulling 2049f5674b1e:  66% ▕███████████       ▏ 5.9 GB/9.0 GB   23 MB/s    2m9s[K[?25h[?2026l[?2026h[?25l[A[1Gpulling manifest [K
pulling 2049f5674b1e:  66% ▕███████████       ▏ 6.0 GB/9.0 GB   23 MB/s    2m9s[K[?25h[?2026l[?2026h[?25l[A[1Gpulling manifest [K
pulling 2049f5674b1e:  66% ▕███████████       ▏ 6.0 GB/9.0 GB   23 MB/s    2m9s[K[?25h[?2026l[?2026h[?25l[A[1Gpulling manifest [K
pulling 2049f5674b1e:  66% ▕███████████       ▏ 6.0 GB/9.0 GB   23 MB/s    2m9s[K[?25h[?2026l[?2026h[?25l[A[1Gpulling manifest [K
pulling 2049f5674b1e:  66% ▕███████████       ▏ 6.0 GB/9.0 GB   23 MB/s    2m8s[K[?25h[?2026l[?2026h[?25l[A[1Gpulling manifest [K
pulling 2049f5674b1e:  66% ▕███████████       ▏ 6.0 GB/9.0 GB   23 MB/s    2m8s[K[?25h[?2026l[?2026h[?25l[A[1Gpulling manifest [K
pulling 2049f5674b1e:  66% ▕███████████       ▏ 6.0 GB/9.0 GB   25 MB/s    2m0s[K[?25h[?2026l[?2026h[?25l[A[1Gpulling manifest [K
pulling 2049f5674b1e:  66% ▕███████████       ▏ 6.0 GB/9.0 GB   25 MB/s    2m0s[K[?25h[?2026l[?2026h[?25l[A[1Gpulling manifest [K
pulling 2049f5674b1e:  66% ▕███████████       ▏ 6.0 GB/9.0 GB   25 MB/s    2m0s[K[?25h[?2026l[?2026h[?25l[A[1Gpulling manifest [K
pulling 2049f5674b1e:  66% ▕███████████       ▏ 6.0 GB/9.0 GB   25 MB/s    2m0s[K[?25h[?2026l[?2026h[?25l[A[1Gpulling manifest [K
pulling 2049f5674b1e:  66% ▕███████████       ▏ 6.0 GB/9.0 GB   25 MB/s    2m0s[K[?25h[?2026l[?2026h[?25l[A[1Gpulling manifest [K
pulling 2049f5674b1e:  66% ▕███████████       ▏ 6.0 GB/9.0 GB   25 MB/s    2m0s[K[?25h[?2026l[?2026h[?25l[A[1Gpulling manifest [K
pulling 2049f5674b1e:  67% ▕███████████       ▏ 6.0 GB/9.0 GB   25 MB/s    2m0s[K[?25h[?2026l[?2026h[?25l[A[1Gpulling manifest [K
pulling 2049f5674b1e:  67% ▕███████████       ▏ 6.0 GB/9.0 GB   25 MB/s    2m0s[K[?25h[?2026l[?2026h[?25l[A[1Gpulling manifest [K
pulling 2049f5674b1e:  67% ▕███████████       ▏ 6.0 GB/9.0 GB   25 MB/s   1m59s[K[?25h[?2026l[?2026h[?25l[A[1Gpulling manifest [K
pulling 2049f5674b1e:  67% ▕███████████       ▏ 6.0 GB/9.0 GB   25 MB/s   1m59s[K[?25h[?2026l[?2026h[?25l[A[1Gpulling manifest [K
pulling 2049f5674b1e:  67% ▕███████████       ▏ 6.0 GB/9.0 GB   23 MB/s    2m8s[K[?25h[?2026l[?2026h[?25l[A[1Gpulling manifest [K
pulling 2049f5674b1e:  67% ▕███████████       ▏ 6.0 GB/9.0 GB   23 MB/s    2m8s[K[?25h[?2026l[?2026h[?25l[A[1Gpulling manifest [K
pulling 2049f5674b1e:  67% ▕███████████       ▏ 6.0 GB/9.0 GB   23 MB/s    2m8s[K[?25h[?2026l[?2026h[?25l[A[1Gpulling manifest [K
pulling 2049f5674b1e:  67% ▕███████████       ▏ 6.0 GB/9.0 GB   23 MB/s    2m8s[K[?25h[?2026l[?2026h[?25l[A[1Gpulling manifest [K
pulling 2049f5674b1e:  67% ▕███████████       ▏ 6.0 GB/9.0 GB   23 MB/s    2m8s[K[?25h[?2026l[?2026h[?25l[A[1Gpulling manifest [K
pulling 2049f5674b1e:  67% ▕███████████       ▏ 6.0 GB/9.0 GB   23 MB/s    2m8s[K[?25h[?2026l[?2026h[?25l[A[1Gpulling manifest [K
pulling 2049f5674b1e:  67% ▕███████████       ▏ 6.0 GB/9.0 GB   23 MB/s    2m8s[K[?25h[?2026l[?2026h[?25l[A[1Gpulling manifest [K
pulling 2049f5674b1e:  67% ▕████████████      ▏ 6.0 GB/9.0 GB   23 MB/s    2m8s[K[?25h[?2026l[?2026h[?25l[A[1Gpulling manifest [K
pulling 2049f5674b1e:  67% ▕████████████      ▏ 6.0 GB/9.0 GB   23 MB/s    2m8s[K[?25h[?2026l[?2026h[?25l[A[1Gpulling manifest [K
pulling 2049f5674b1e:  67% ▕████████████      ▏ 6.0 GB/9.0 GB   23 MB/s    2m8s[K[?25h[?2026l[?2026h[?25l[A[1Gpulling manifest [K
pulling 2049f5674b1e:  67% ▕████████████      ▏ 6.0 GB/9.0 GB   23 MB/s    2m8s[K[?25h[?2026l[?2026h[?25l[A[1Gpulling manifest [K
pulling 2049f5674b1e:  67% ▕████████████      ▏ 6.0 GB/9.0 GB   23 MB/s    2m8s[K[?25h[?2026l[?2026h[?25l[A[1Gpulling manifest [K
pulling 2049f5674b1e:  67% ▕████████████      ▏ 6.0 GB/9.0 GB   23 MB/s    2m8s[K[?25h[?2026l[?2026h[?25l[A[1Gpulling manifest [K
pulling 2049f5674b1e:  67% ▕████████████      ▏ 6.0 GB/9.0 GB   23 MB/s    2m8s[K[?25h[?2026l[?2026h[?25l[A[1Gpulling manifest [K
pulling 2049f5674b1e:  67% ▕████████████      ▏ 6.0 GB/9.0 GB   23 MB/s    2m8s[K[?25h[?2026l[?2026h[?25l[A[1Gpulling manifest [K
pulling 2049f5674b1e:  67% ▕████████████      ▏ 6.0 GB/9.0 GB   23 MB/s    2m7s[K[?25h[?2026l[?2026h[?25l[A[1Gpulling manifest [K
pulling 2049f5674b1e:  67% ▕████████████      ▏ 6.0 GB/9.0 GB   23 MB/s    2m7s[K[?25h[?2026l[?2026h[?25l[A[1Gpulling manifest [K
pulling 2049f5674b1e:  67% ▕████████████      ▏ 6.0 GB/9.0 GB   23 MB/s    2m7s[K[?25h[?2026l[?2026h[?25l[A[1Gpulling manifest [K
pulling 2049f5674b1e:  67% ▕████████████      ▏ 6.0 GB/9.0 GB   23 MB/s    2m7s[K[?25h[?2026l[?2026h[?25l[A[1Gpulling manifest [K
pulling 2049f5674b1e:  67% ▕████████████      ▏ 6.0 GB/9.0 GB   23 MB/s    2m7s[K[?25h[?2026l[?2026h[?25l[A[1Gpulling manifest [K
pulling 2049f5674b1e:  67% ▕████████████      ▏ 6.0 GB/9.0 GB   23 MB/s    2m7s[K[?25h[?2026l[?2026h[?25l[A[1Gpulling manifest [K
pulling 2049f5674b1e:  67% ▕████████████      ▏ 6.0 GB/9.0 GB   24 MB/s   1m58s[K[?25h[?2026l[?2026h[?25l[A[1Gpulling manifest [K
pulling 2049f5674b1e:  67% ▕████████████      ▏ 6.0 GB/9.0 GB   24 MB/s   1m58s[K[?25h[?2026l[?2026h[?25l[A[1Gpulling manifest [K
pulling 2049f5674b1e:  67% ▕████████████      ▏ 6.0 GB/9.0 GB   24 MB/s   1m58s[K[?25h[?2026l[?2026h[?25l[A[1Gpulling manifest [K
pulling 2049f5674b1e:  67% ▕████████████      ▏ 6.0 GB/9.0 GB   24 MB/s   1m58s[K[?25h[?2026l[?2026h[?25l[A[1Gpulling manifest [K
pulling 2049f5674b1e:  67% ▕████████████      ▏ 6.1 GB/9.0 GB   24 MB/s   1m58s[K[?25h[?2026l[?2026h[?25l[A[1Gpulling manifest [K
pulling 2049f5674b1e:  67% ▕████████████      ▏ 6.1 GB/9.0 GB   24 MB/s   1m58s[K[?25h[?2026l[?2026h[?25l[A[1Gpulling manifest [K
pulling 2049f5674b1e:  67% ▕████████████      ▏ 6.1 GB/9.0 GB   24 MB/s   1m58s[K[?25h[?2026l[?2026h[?25l[A[1Gpulling manifest [K
pulling 2049f5674b1e:  67% ▕████████████      ▏ 6.1 GB/9.0 GB   24 MB/s   1m58s[K[?25h[?2026l[?2026h[?25l[A[1Gpulling manifest [K
pulling 2049f5674b1e:  67% ▕████████████      ▏ 6.1 GB/9.0 GB   24 MB/s   1m58s[K[?25h[?2026l[?2026h[?25l[A[1Gpulling manifest [K
pulling 2049f5674b1e:  67% ▕████████████      ▏ 6.1 GB/9.0 GB   24 MB/s   1m58s[K[?25h[?2026l[?2026h[?25l[A[1Gpulling manifest [K
pulling 2049f5674b1e:  67% ▕████████████      ▏ 6.1 GB/9.0 GB   25 MB/s   1m55s[K[?25h[?2026l[?2026h[?25l[A[1Gpulling manifest [K
pulling 2049f5674b1e:  67% ▕████████████      ▏ 6.1 GB/9.0 GB   25 MB/s   1m55s[K[?25h[?2026l[?2026h[?25l[A[1Gpulling manifest [K
pulling 2049f5674b1e:  67% ▕████████████      ▏ 6.1 GB/9.0 GB   25 MB/s   1m55s[K[?25h[?2026l[?2026h[?25l[A[1Gpulling manifest [K
pulling 2049f5674b1e:  67% ▕████████████      ▏ 6.1 GB/9.0 GB   25 MB/s   1m55s[K[?25h[?2026l[?2026h[?25l[A[1Gpulling manifest [K
pulling 2049f5674b1e:  67% ▕████████████      ▏ 6.1 GB/9.0 GB   25 MB/s   1m55s[K[?25h[?2026l[?2026h[?25l[A[1Gpulling manifest [K
pulling 2049f5674b1e:  67% ▕████████████      ▏ 6.1 GB/9.0 GB   25 MB/s   1m55s[K[?25h[?2026l[?2026h[?25l[A[1Gpulling manifest [K
pulling 2049f5674b1e:  67% ▕████████████      ▏ 6.1 GB/9.0 GB   25 MB/s   1m55s[K[?25h[?2026l[?2026h[?25l[A[1Gpulling manifest [K
pulling 2049f5674b1e:  68% ▕████████████      ▏ 6.1 GB/9.0 GB   25 MB/s   1m54s[K[?25h[?2026l[?2026h[?25l[A[1Gpulling manifest [K
pulling 2049f5674b1e:  68% ▕████████████      ▏ 6.1 GB/9.0 GB   25 MB/s   1m54s[K[?25h[?2026l[?2026h[?25l[A[1Gpulling manifest [K
pulling 2049f5674b1e:  68% ▕████████████      ▏ 6.1 GB/9.0 GB   25 MB/s   1m54s[K[?25h[?2026l[?2026h[?25l[A[1Gpulling manifest [K
pulling 2049f5674b1e:  68% ▕████████████      ▏ 6.1 GB/9.0 GB   24 MB/s    2m1s[K[?25h[?2026l[?2026h[?25l[A[1Gpulling manifest [K
pulling 2049f5674b1e:  68% ▕████████████      ▏ 6.1 GB/9.0 GB   24 MB/s    2m0s[K[?25h[?2026l[?2026h[?25l[A[1Gpulling manifest [K
pulling 2049f5674b1e:  68% ▕████████████      ▏ 6.1 GB/9.0 GB   24 MB/s    2m0s[K[?25h[?2026l[?2026h[?25l[A[1Gpulling manifest [K
pulling 2049f5674b1e:  68% ▕████████████      ▏ 6.1 GB/9.0 GB   24 MB/s    2m0s[K[?25h[?2026l[?2026h[?25l[A[1Gpulling manifest [K
pulling 2049f5674b1e:  68% ▕████████████      ▏ 6.1 GB/9.0 GB   24 MB/s    2m0s[K[?25h[?2026l[?2026h[?25l[A[1Gpulling manifest [K
pulling 2049f5674b1e:  68% ▕████████████      ▏ 6.1 GB/9.0 GB   24 MB/s    2m0s[K[?25h[?2026l[?2026h[?25l[A[1Gpulling manifest [K
pulling 2049f5674b1e:  68% ▕████████████      ▏ 6.1 GB/9.0 GB   24 MB/s    2m0s[K[?25h[?2026l[?2026h[?25l[A[1Gpulling manifest [K
pulling 2049f5674b1e:  68% ▕████████████      ▏ 6.1 GB/9.0 GB   24 MB/s    2m0s[K[?25h[?2026l[?2026h[?25l[A[1Gpulling manifest [K
pulling 2049f5674b1e:  68% ▕████████████      ▏ 6.1 GB/9.0 GB   24 MB/s    2m0s[K[?25h[?2026l[?2026h[?25l[A[1Gpulling manifest [K
pulling 2049f5674b1e:  68% ▕████████████      ▏ 6.1 GB/9.0 GB   24 MB/s    2m0s[K[?25h[?2026l[?2026h[?25l[A[1Gpulling manifest [K
pulling 2049f5674b1e:  68% ▕████████████      ▏ 6.1 GB/9.0 GB   22 MB/s    2m7s[K[?25h[?2026l[?2026h[?25l[A[1Gpulling manifest [K
pulling 2049f5674b1e:  68% ▕████████████      ▏ 6.1 GB/9.0 GB   22 MB/s    2m7s[K[?25h[?2026l[?2026h[?25l[A[1Gpulling manifest [K
pulling 2049f5674b1e:  68% ▕████████████      ▏ 6.1 GB/9.0 GB   22 MB/s    2m7s[K[?25h[?2026l[?2026h[?25l[A[1Gpulling manifest [K
pulling 2049f5674b1e:  68% ▕████████████      ▏ 6.1 GB/9.0 GB   22 MB/s    2m6s[K[?25h[?2026l[?2026h[?25l[A[1Gpulling manifest [K
pulling 2049f5674b1e:  68% ▕████████████      ▏ 6.1 GB/9.0 GB   22 MB/s    2m6s[K[?25h[?2026l[?2026h[?25l[A[1Gpulling manifest [K
pulling 2049f5674b1e:  68% ▕████████████      ▏ 6.1 GB/9.0 GB   22 MB/s    2m6s[K[?25h[?2026l[?2026h[?25l[A[1Gpulling manifest [K
pulling 2049f5674b1e:  68% ▕████████████      ▏ 6.1 GB/9.0 GB   22 MB/s    2m6s[K[?25h[?2026l[?2026h[?25l[A[1Gpulling manifest [K
pulling 2049f5674b1e:  68% ▕████████████      ▏ 6.1 GB/9.0 GB   22 MB/s    2m6s[K[?25h[?2026l[?2026h[?25l[A[1Gpulling manifest [K
pulling 2049f5674b1e:  68% ▕████████████      ▏ 6.1 GB/9.0 GB   22 MB/s    2m6s[K[?25h[?2026l[?2026h[?25l[A[1Gpulling manifest [K
pulling 2049f5674b1e:  68% ▕████████████      ▏ 6.1 GB/9.0 GB   22 MB/s    2m6s[K[?25h[?2026l[?2026h[?25l[A[1Gpulling manifest [K
pulling 2049f5674b1e:  68% ▕████████████      ▏ 6.1 GB/9.0 GB   23 MB/s    2m3s[K[?25h[?2026l[?2026h[?25l[A[1Gpulling manifest [K
pulling 2049f5674b1e:  68% ▕████████████      ▏ 6.1 GB/9.0 GB   23 MB/s    2m3s[K[?25h[?2026l[?2026h[?25l[A[1Gpulling manifest [K
pulling 2049f5674b1e:  68% ▕████████████      ▏ 6.1 GB/9.0 GB   23 MB/s    2m2s[K[?25h[?2026l[?2026h[?25l[A[1Gpulling manifest [K
pulling 2049f5674b1e:  68% ▕████████████      ▏ 6.1 GB/9.0 GB   23 MB/s    2m2s[K[?25h[?2026l[?2026h[?25l[A[1Gpulling manifest [K
pulling 2049f5674b1e:  68% ▕████████████      ▏ 6.1 GB/9.0 GB   23 MB/s    2m2s[K[?25h[?2026l[?2026h[?25l[A[1Gpulling manifest [K
pulling 2049f5674b1e:  68% ▕████████████      ▏ 6.1 GB/9.0 GB   23 MB/s    2m2s[K[?25h[?2026l[?2026h[?25l[A[1Gpulling manifest [K
pulling 2049f5674b1e:  68% ▕████████████      ▏ 6.1 GB/9.0 GB   23 MB/s    2m2s[K[?25h[?2026l[?2026h[?25l[A[1Gpulling manifest [K
pulling 2049f5674b1e:  68% ▕████████████      ▏ 6.1 GB/9.0 GB   23 MB/s    2m2s[K[?25h[?2026l[?2026h[?25l[A[1Gpulling manifest [K
pulling 2049f5674b1e:  68% ▕████████████      ▏ 6.1 GB/9.0 GB   23 MB/s    2m2s[K[?25h[?2026l[?2026h[?25l[A[1Gpulling manifest [K
pulling 2049f5674b1e:  68% ▕████████████      ▏ 6.1 GB/9.0 GB   23 MB/s    2m2s[K[?25h[?2026l[?2026h[?25l[A[1Gpulling manifest [K
pulling 2049f5674b1e:  68% ▕████████████      ▏ 6.1 GB/9.0 GB   23 MB/s    2m2s[K[?25h[?2026l[?2026h[?25l[A[1Gpulling manifest [K
pulling 2049f5674b1e:  68% ▕████████████      ▏ 6.1 GB/9.0 GB   22 MB/s    2m4s[K[?25h[?2026l[?2026h[?25l[A[1Gpulling manifest [K
pulling 2049f5674b1e:  68% ▕████████████      ▏ 6.2 GB/9.0 GB   22 MB/s    2m4s[K[?25h[?2026l[?2026h[?25l[A[1Gpulling manifest [K
pulling 2049f5674b1e:  68% ▕████████████      ▏ 6.2 GB/9.0 GB   22 MB/s    2m4s[K[?25h[?2026l[?2026h[?25l[A[1Gpulling manifest [K
pulling 2049f5674b1e:  68% ▕████████████      ▏ 6.2 GB/9.0 GB   22 MB/s    2m4s[K[?25h[?2026l[?2026h[?25l[A[1Gpulling manifest [K
pulling 2049f5674b1e:  69% ▕████████████      ▏ 6.2 GB/9.0 GB   22 MB/s    2m4s[K[?25h[?2026l[?2026h[?25l[A[1Gpulling manifest [K
pulling 2049f5674b1e:  69% ▕████████████      ▏ 6.2 GB/9.0 GB   22 MB/s    2m4s[K[?25h[?2026l[?2026h[?25l[A[1Gpulling manifest [K
pulling 2049f5674b1e:  69% ▕████████████      ▏ 6.2 GB/9.0 GB   22 MB/s    2m4s[K[?25h[?2026l[?2026h[?25l[A[1Gpulling manifest [K
pulling 2049f5674b1e:  69% ▕████████████      ▏ 6.2 GB/9.0 GB   22 MB/s    2m4s[K[?25h[?2026l[?2026h[?25l[A[1Gpulling manifest [K
pulling 2049f5674b1e:  69% ▕████████████      ▏ 6.2 GB/9.0 GB   22 MB/s    2m4s[K[?25h[?2026l[?2026h[?25l[A[1Gpulling manifest [K
pulling 2049f5674b1e:  69% ▕████████████      ▏ 6.2 GB/9.0 GB   22 MB/s    2m4s[K[?25h[?2026l[?2026h[?25l[A[1Gpulling manifest [K
pulling 2049f5674b1e:  69% ▕████████████      ▏ 6.2 GB/9.0 GB   22 MB/s    2m8s[K[?25h[?2026l[?2026h[?25l[A[1Gpulling manifest [K
pulling 2049f5674b1e:  69% ▕████████████      ▏ 6.2 GB/9.0 GB   22 MB/s    2m7s[K[?25h[?2026l[?2026h[?25l[A[1Gpulling manifest [K
pulling 2049f5674b1e:  69% ▕████████████      ▏ 6.2 GB/9.0 GB   22 MB/s    2m7s[K[?25h[?2026l[?2026h[?25l[A[1Gpulling manifest [K
pulling 2049f5674b1e:  69% ▕████████████      ▏ 6.2 GB/9.0 GB   22 MB/s    2m7s[K[?25h[?2026l[?2026h[?25l[A[1Gpulling manifest [K
pulling 2049f5674b1e:  69% ▕████████████      ▏ 6.2 GB/9.0 GB   22 MB/s    2m7s[K[?25h[?2026l[?2026h[?25l[A[1Gpulling manifest [K
pulling 2049f5674b1e:  69% ▕████████████      ▏ 6.2 GB/9.0 GB   22 MB/s    2m7s[K[?25h[?2026l[?2026h[?25l[A[1Gpulling manifest [K
pulling 2049f5674b1e:  69% ▕████████████      ▏ 6.2 GB/9.0 GB   22 MB/s    2m7s[K[?25h[?2026l[?2026h[?25l[A[1Gpulling manifest [K
pulling 2049f5674b1e:  69% ▕████████████      ▏ 6.2 GB/9.0 GB   22 MB/s    2m7s[K[?25h[?2026l[?2026h[?25l[A[1Gpulling manifest [K
pulling 2049f5674b1e:  69% ▕████████████      ▏ 6.2 GB/9.0 GB   22 MB/s    2m6s[K[?25h[?2026l[?2026h[?25l[A[1Gpulling manifest [K
pulling 2049f5674b1e:  69% ▕████████████      ▏ 6.2 GB/9.0 GB   22 MB/s    2m6s[K[?25h[?2026l[?2026h[?25l[A[1Gpulling manifest [K
pulling 2049f5674b1e:  69% ▕████████████      ▏ 6.2 GB/9.0 GB   23 MB/s   1m56s[K[?25h[?2026l[?2026h[?25l[A[1Gpulling manifest [K
pulling 2049f5674b1e:  69% ▕████████████      ▏ 6.2 GB/9.0 GB   23 MB/s   1m56s[K[?25h[?2026l[?2026h[?25l[A[1Gpulling manifest [K
pulling 2049f5674b1e:  69% ▕████████████      ▏ 6.2 GB/9.0 GB   23 MB/s   1m56s[K[?25h[?2026l[?2026h[?25l[A[1Gpulling manifest [K
pulling 2049f5674b1e:  69% ▕████████████      ▏ 6.2 GB/9.0 GB   23 MB/s   1m56s[K[?25h[?2026l[?2026h[?25l[A[1Gpulling manifest [K
pulling 2049f5674b1e:  69% ▕████████████      ▏ 6.2 GB/9.0 GB   23 MB/s   1m56s[K[?25h[?2026l[?2026h[?25l[A[1Gpulling manifest [K
pulling 2049f5674b1e:  69% ▕████████████      ▏ 6.2 GB/9.0 GB   23 MB/s   1m55s[K[?25h[?2026l[?2026h[?25l[A[1Gpulling manifest [K
pulling 2049f5674b1e:  69% ▕████████████      ▏ 6.2 GB/9.0 GB   23 MB/s   1m55s[K[?25h[?2026l[?2026h[?25l[A[1Gpulling manifest [K
pulling 2049f5674b1e:  69% ▕████████████      ▏ 6.2 GB/9.0 GB   23 MB/s   1m55s[K[?25h[?2026l[?2026h[?25l[A[1Gpulling manifest [K
pulling 2049f5674b1e:  69% ▕████████████      ▏ 6.2 GB/9.0 GB   23 MB/s   1m55s[K[?25h[?2026l[?2026h[?25l[A[1Gpulling manifest [K
pulling 2049f5674b1e:  69% ▕████████████      ▏ 6.2 GB/9.0 GB   23 MB/s   1m55s[K[?25h[?2026l[?2026h[?25l[A[1Gpulling manifest [K
pulling 2049f5674b1e:  69% ▕████████████      ▏ 6.2 GB/9.0 GB   25 MB/s   1m46s[K[?25h[?2026l[?2026h[?25l[A[1Gpulling manifest [K
pulling 2049f5674b1e:  69% ▕████████████      ▏ 6.2 GB/9.0 GB   25 MB/s   1m46s[K[?25h[?2026l[?2026h[?25l[A[1Gpulling manifest [K
pulling 2049f5674b1e:  69% ▕████████████      ▏ 6.2 GB/9.0 GB   25 MB/s   1m46s[K[?25h[?2026l[?2026h[?25l[A[1Gpulling manifest [K
pulling 2049f5674b1e:  69% ▕████████████      ▏ 6.2 GB/9.0 GB   25 MB/s   1m46s[K[?25h[?2026l[?2026h[?25l[A[1Gpulling manifest [K
pulling 2049f5674b1e:  69% ▕████████████      ▏ 6.2 GB/9.0 GB   25 MB/s   1m46s[K[?25h[?2026l[?2026h[?25l[A[1Gpulling manifest [K
pulling 2049f5674b1e:  69% ▕████████████      ▏ 6.2 GB/9.0 GB   25 MB/s   1m46s[K[?25h[?2026l[?2026h[?25l[A[1Gpulling manifest [K
pulling 2049f5674b1e:  69% ▕████████████      ▏ 6.2 GB/9.0 GB   25 MB/s   1m46s[K[?25h[?2026l[?2026h[?25l[A[1Gpulling manifest [K
pulling 2049f5674b1e:  69% ▕████████████      ▏ 6.2 GB/9.0 GB   25 MB/s   1m46s[K[?25h[?2026l[?2026h[?25l[A[1Gpulling manifest [K
pulling 2049f5674b1e:  69% ▕████████████      ▏ 6.2 GB/9.0 GB   25 MB/s   1m46s[K[?25h[?2026l[?2026h[?25l[A[1Gpulling manifest [K
pulling 2049f5674b1e:  69% ▕████████████      ▏ 6.2 GB/9.0 GB   25 MB/s   1m46s[K[?25h[?2026l[?2026h[?25l[A[1Gpulling manifest [K
pulling 2049f5674b1e:  69% ▕████████████      ▏ 6.2 GB/9.0 GB   22 MB/s    2m3s[K[?25h[?2026l[?2026h[?25l[A[1Gpulling manifest [K
pulling 2049f5674b1e:  69% ▕████████████      ▏ 6.2 GB/9.0 GB   22 MB/s    2m3s[K[?25h[?2026l[?2026h[?25l[A[1Gpulling manifest [K
pulling 2049f5674b1e:  69% ▕████████████      ▏ 6.2 GB/9.0 GB   22 MB/s    2m3s[K[?25h[?2026l[?2026h[?25l[A[1Gpulling manifest [K
pulling 2049f5674b1e:  69% ▕████████████      ▏ 6.2 GB/9.0 GB   22 MB/s    2m2s[K[?25h[?2026l[?2026h[?25l[A[1Gpulling manifest [K
pulling 2049f5674b1e:  70% ▕████████████      ▏ 6.2 GB/9.0 GB   22 MB/s    2m2s[K[?25h[?2026l[?2026h[?25l[A[1Gpulling manifest [K
pulling 2049f5674b1e:  70% ▕████████████      ▏ 6.2 GB/9.0 GB   22 MB/s    2m2s[K[?25h[?2026l[?2026h[?25l[A[1Gpulling manifest [K
pulling 2049f5674b1e:  70% ▕████████████      ▏ 6.3 GB/9.0 GB   22 MB/s    2m2s[K[?25h[?2026l[?2026h[?25l[A[1Gpulling manifest [K
pulling 2049f5674b1e:  70% ▕████████████      ▏ 6.3 GB/9.0 GB   22 MB/s    2m2s[K[?25h[?2026l[?2026h[?25l[A[1Gpulling manifest [K
pulling 2049f5674b1e:  70% ▕████████████      ▏ 6.3 GB/9.0 GB   22 MB/s    2m2s[K[?25h[?2026l[?2026h[?25l[A[1Gpulling manifest [K
pulling 2049f5674b1e:  70% ▕████████████      ▏ 6.3 GB/9.0 GB   22 MB/s    2m2s[K[?25h[?2026l[?2026h[?25l[A[1Gpulling manifest [K
pulling 2049f5674b1e:  70% ▕████████████      ▏ 6.3 GB/9.0 GB   22 MB/s    2m1s[K[?25h[?2026l[?2026h[?25l[A[1Gpulling manifest [K
pulling 2049f5674b1e:  70% ▕████████████      ▏ 6.3 GB/9.0 GB   23 MB/s   1m56s[K[?25h[?2026l[?2026h[?25l[A[1Gpulling manifest [K
pulling 2049f5674b1e:  70% ▕████████████      ▏ 6.3 GB/9.0 GB   23 MB/s   1m56s[K[?25h[?2026l[?2026h[?25l[A[1Gpulling manifest [K
pulling 2049f5674b1e:  70% ▕████████████      ▏ 6.3 GB/9.0 GB   23 MB/s   1m56s[K[?25h[?2026l[?2026h[?25l[A[1Gpulling manifest [K
pulling 2049f5674b1e:  70% ▕████████████      ▏ 6.3 GB/9.0 GB   23 MB/s   1m56s[K[?25h[?2026l[?2026h[?25l[A[1Gpulling manifest [K
pulling 2049f5674b1e:  70% ▕████████████      ▏ 6.3 GB/9.0 GB   23 MB/s   1m56s[K[?25h[?2026l[?2026h[?25l[A[1Gpulling manifest [K
pulling 2049f5674b1e:  70% ▕████████████      ▏ 6.3 GB/9.0 GB   23 MB/s   1m56s[K[?25h[?2026l[?2026h[?25l[A[1Gpulling manifest [K
pulling 2049f5674b1e:  70% ▕████████████      ▏ 6.3 GB/9.0 GB   23 MB/s   1m56s[K[?25h[?2026l[?2026h[?25l[A[1Gpulling manifest [K
pulling 2049f5674b1e:  70% ▕████████████      ▏ 6.3 GB/9.0 GB   23 MB/s   1m56s[K[?25h[?2026l[?2026h[?25l[A[1Gpulling manifest [K
pulling 2049f5674b1e:  70% ▕████████████      ▏ 6.3 GB/9.0 GB   23 MB/s   1m56s[K[?25h[?2026l[?2026h[?25l[A[1Gpulling manifest [K
pulling 2049f5674b1e:  70% ▕████████████      ▏ 6.3 GB/9.0 GB   23 MB/s   1m55s[K[?25h[?2026l[?2026h[?25l[A[1Gpulling manifest [K
pulling 2049f5674b1e:  70% ▕████████████      ▏ 6.3 GB/9.0 GB   24 MB/s   1m51s[K[?25h[?2026l[?2026h[?25l[A[1Gpulling manifest [K
pulling 2049f5674b1e:  70% ▕████████████      ▏ 6.3 GB/9.0 GB   24 MB/s   1m51s[K[?25h[?2026l[?2026h[?25l[A[1Gpulling manifest [K
pulling 2049f5674b1e:  70% ▕████████████      ▏ 6.3 GB/9.0 GB   24 MB/s   1m51s[K[?25h[?2026l[?2026h[?25l[A[1Gpulling manifest [K
pulling 2049f5674b1e:  70% ▕████████████      ▏ 6.3 GB/9.0 GB   24 MB/s   1m51s[K[?25h[?2026l[?2026h[?25l[A[1Gpulling manifest [K
pulling 2049f5674b1e:  70% ▕████████████      ▏ 6.3 GB/9.0 GB   24 MB/s   1m51s[K[?25h[?2026l[?2026h[?25l[A[1Gpulling manifest [K
pulling 2049f5674b1e:  70% ▕████████████      ▏ 6.3 GB/9.0 GB   24 MB/s   1m51s[K[?25h[?2026l[?2026h[?25l[A[1Gpulling manifest [K
pulling 2049f5674b1e:  70% ▕████████████      ▏ 6.3 GB/9.0 GB   24 MB/s   1m51s[K[?25h[?2026l[?2026h[?25l[A[1Gpulling manifest [K
pulling 2049f5674b1e:  70% ▕████████████      ▏ 6.3 GB/9.0 GB   24 MB/s   1m51s[K[?25h[?2026l[?2026h[?25l[A[1Gpulling manifest [K
pulling 2049f5674b1e:  70% ▕████████████      ▏ 6.3 GB/9.0 GB   24 MB/s   1m51s[K[?25h[?2026l[?2026h[?25l[A[1Gpulling manifest [K
pulling 2049f5674b1e:  70% ▕████████████      ▏ 6.3 GB/9.0 GB   24 MB/s   1m51s[K[?25h[?2026l[?2026h[?25l[A[1Gpulling manifest [K
pulling 2049f5674b1e:  70% ▕████████████      ▏ 6.3 GB/9.0 GB   22 MB/s   1m57s[K[?25h[?2026l[?2026h[?25l[A[1Gpulling manifest [K
pulling 2049f5674b1e:  70% ▕████████████      ▏ 6.3 GB/9.0 GB   22 MB/s   1m57s[K[?25h[?2026l[?2026h[?25l[A[1Gpulling manifest [K
pulling 2049f5674b1e:  70% ▕████████████      ▏ 6.3 GB/9.0 GB   22 MB/s   1m57s[K[?25h[?2026l[?2026h[?25l[A[1Gpulling manifest [K
pulling 2049f5674b1e:  70% ▕████████████      ▏ 6.3 GB/9.0 GB   22 MB/s   1m56s[K[?25h[?2026l[?2026h[?25l[A[1Gpulling manifest [K
pulling 2049f5674b1e:  70% ▕████████████      ▏ 6.3 GB/9.0 GB   22 MB/s   1m56s[K[?25h[?2026l[?2026h[?25l[A[1Gpulling manifest [K
pulling 2049f5674b1e:  70% ▕████████████      ▏ 6.3 GB/9.0 GB   22 MB/s   1m56s[K[?25h[?2026l[?2026h[?25l[A[1Gpulling manifest [K
pulling 2049f5674b1e:  70% ▕████████████      ▏ 6.3 GB/9.0 GB   22 MB/s   1m56s[K[?25h[?2026l[?2026h[?25l[A[1Gpulling manifest [K
pulling 2049f5674b1e:  70% ▕████████████      ▏ 6.3 GB/9.0 GB   22 MB/s   1m56s[K[?25h[?2026l[?2026h[?25l[A[1Gpulling manifest [K
pulling 2049f5674b1e:  70% ▕████████████      ▏ 6.3 GB/9.0 GB   22 MB/s   1m56s[K[?25h[?2026l[?2026h[?25l[A[1Gpulling manifest [K
pulling 2049f5674b1e:  70% ▕████████████      ▏ 6.3 GB/9.0 GB   22 MB/s   1m56s[K[?25h[?2026l[?2026h[?25l[A[1Gpulling manifest [K
pulling 2049f5674b1e:  70% ▕████████████      ▏ 6.3 GB/9.0 GB   21 MB/s    2m1s[K[?25h[?2026l[?2026h[?25l[A[1Gpulling manifest [K
pulling 2049f5674b1e:  70% ▕████████████      ▏ 6.3 GB/9.0 GB   21 MB/s    2m1s[K[?25h[?2026l[?2026h[?25l[A[1Gpulling manifest [K
pulling 2049f5674b1e:  71% ▕████████████      ▏ 6.3 GB/9.0 GB   21 MB/s    2m0s[K[?25h[?2026l[?2026h[?25l[A[1Gpulling manifest [K
pulling 2049f5674b1e:  71% ▕████████████      ▏ 6.3 GB/9.0 GB   21 MB/s    2m0s[K[?25h[?2026l[?2026h[?25l[A[1Gpulling manifest [K
pulling 2049f5674b1e:  71% ▕████████████      ▏ 6.3 GB/9.0 GB   21 MB/s    2m0s[K[?25h[?2026l[?2026h[?25l[A[1Gpulling manifest [K
pulling 2049f5674b1e:  71% ▕████████████      ▏ 6.3 GB/9.0 GB   21 MB/s    2m0s[K[?25h[?2026l[?2026h[?25l[A[1Gpulling manifest [K
pulling 2049f5674b1e:  71% ▕████████████      ▏ 6.4 GB/9.0 GB   21 MB/s    2m0s[K[?25h[?2026l[?2026h[?25l[A[1Gpulling manifest [K
pulling 2049f5674b1e:  71% ▕████████████      ▏ 6.4 GB/9.0 GB   21 MB/s    2m0s[K[?25h[?2026l[?2026h[?25l[A[1Gpulling manifest [K
pulling 2049f5674b1e:  71% ▕████████████      ▏ 6.4 GB/9.0 GB   21 MB/s    2m0s[K[?25h[?2026l[?2026h[?25l[A[1Gpulling manifest [K
pulling 2049f5674b1e:  71% ▕████████████      ▏ 6.4 GB/9.0 GB   21 MB/s    2m0s[K[?25h[?2026l[?2026h[?25l[A[1Gpulling manifest [K
pulling 2049f5674b1e:  71% ▕████████████      ▏ 6.4 GB/9.0 GB   24 MB/s   1m48s[K[?25h[?2026l[?2026h[?25l[A[1Gpulling manifest [K
pulling 2049f5674b1e:  71% ▕████████████      ▏ 6.4 GB/9.0 GB   24 MB/s   1m48s[K[?25h[?2026l[?2026h[?25l[A[1Gpulling manifest [K
pulling 2049f5674b1e:  71% ▕████████████      ▏ 6.4 GB/9.0 GB   24 MB/s   1m48s[K[?25h[?2026l[?2026h[?25l[A[1Gpulling manifest [K
pulling 2049f5674b1e:  71% ▕████████████      ▏ 6.4 GB/9.0 GB   24 MB/s   1m47s[K[?25h[?2026l[?2026h[?25l[A[1Gpulling manifest [K
pulling 2049f5674b1e:  71% ▕████████████      ▏ 6.4 GB/9.0 GB   24 MB/s   1m47s[K[?25h[?2026l[?2026h[?25l[A[1Gpulling manifest [K
pulling 2049f5674b1e:  71% ▕████████████      ▏ 6.4 GB/9.0 GB   24 MB/s   1m47s[K[?25h[?2026l[?2026h[?25l[A[1Gpulling manifest [K
pulling 2049f5674b1e:  71% ▕████████████      ▏ 6.4 GB/9.0 GB   24 MB/s   1m47s[K[?25h[?2026l[?2026h[?25l[A[1Gpulling manifest [K
pulling 2049f5674b1e:  71% ▕████████████      ▏ 6.4 GB/9.0 GB   24 MB/s   1m47s[K[?25h[?2026l[?2026h[?25l[A[1Gpulling manifest [K
pulling 2049f5674b1e:  71% ▕████████████      ▏ 6.4 GB/9.0 GB   24 MB/s   1m47s[K[?25h[?2026l[?2026h[?25l[A[1Gpulling manifest [K
pulling 2049f5674b1e:  71% ▕████████████      ▏ 6.4 GB/9.0 GB   24 MB/s   1m47s[K[?25h[?2026l[?2026h[?25l[A[1Gpulling manifest [K
pulling 2049f5674b1e:  71% ▕████████████      ▏ 6.4 GB/9.0 GB   24 MB/s   1m47s[K[?25h[?2026l[?2026h[?25l[A[1Gpulling manifest [K
pulling 2049f5674b1e:  71% ▕████████████      ▏ 6.4 GB/9.0 GB   24 MB/s   1m46s[K[?25h[?2026l[?2026h[?25l[A[1Gpulling manifest [K
pulling 2049f5674b1e:  71% ▕████████████      ▏ 6.4 GB/9.0 GB   24 MB/s   1m46s[K[?25h[?2026l[?2026h[?25l[A[1Gpulling manifest [K
pulling 2049f5674b1e:  71% ▕████████████      ▏ 6.4 GB/9.0 GB   24 MB/s   1m46s[K[?25h[?2026l[?2026h[?25l[A[1Gpulling manifest [K
pulling 2049f5674b1e:  71% ▕████████████      ▏ 6.4 GB/9.0 GB   24 MB/s   1m46s[K[?25h[?2026l[?2026h[?25l[A[1Gpulling manifest [K
pulling 2049f5674b1e:  71% ▕████████████      ▏ 6.4 GB/9.0 GB   24 MB/s   1m46s[K[?25h[?2026l[?2026h[?25l[A[1Gpulling manifest [K
pulling 2049f5674b1e:  71% ▕████████████      ▏ 6.4 GB/9.0 GB   24 MB/s   1m46s[K[?25h[?2026l[?2026h[?25l[A[1Gpulling manifest [K
pulling 2049f5674b1e:  71% ▕████████████      ▏ 6.4 GB/9.0 GB   24 MB/s   1m45s[K[?25h[?2026l[?2026h[?25l[A[1Gpulling manifest [K
pulling 2049f5674b1e:  71% ▕████████████      ▏ 6.4 GB/9.0 GB   24 MB/s   1m45s[K[?25h[?2026l[?2026h[?25l[A[1Gpulling manifest [K
pulling 2049f5674b1e:  71% ▕████████████      ▏ 6.4 GB/9.0 GB   24 MB/s   1m45s[K[?25h[?2026l[?2026h[?25l[A[1Gpulling manifest [K
pulling 2049f5674b1e:  71% ▕████████████      ▏ 6.4 GB/9.0 GB   24 MB/s   1m45s[K[?25h[?2026l[?2026h[?25l[A[1Gpulling manifest [K
pulling 2049f5674b1e:  71% ▕████████████      ▏ 6.4 GB/9.0 GB   23 MB/s   1m50s[K[?25h[?2026l[?2026h[?25l[A[1Gpulling manifest [K
pulling 2049f5674b1e:  71% ▕████████████      ▏ 6.4 GB/9.0 GB   23 MB/s   1m50s[K[?25h[?2026l[?2026h[?25l[A[1Gpulling manifest [K
pulling 2049f5674b1e:  71% ▕████████████      ▏ 6.4 GB/9.0 GB   23 MB/s   1m50s[K[?25h[?2026l[?2026h[?25l[A[1Gpulling manifest [K
pulling 2049f5674b1e:  71% ▕████████████      ▏ 6.4 GB/9.0 GB   23 MB/s   1m50s[K[?25h[?2026l[?2026h[?25l[A[1Gpulling manifest [K
pulling 2049f5674b1e:  71% ▕████████████      ▏ 6.4 GB/9.0 GB   23 MB/s   1m50s[K[?25h[?2026l[?2026h[?25l[A[1Gpulling manifest [K
pulling 2049f5674b1e:  71% ▕████████████      ▏ 6.4 GB/9.0 GB   23 MB/s   1m50s[K[?25h[?2026l[?2026h[?25l[A[1Gpulling manifest [K
pulling 2049f5674b1e:  71% ▕████████████      ▏ 6.4 GB/9.0 GB   23 MB/s   1m50s[K[?25h[?2026l[?2026h[?25l[A[1Gpulling manifest [K
pulling 2049f5674b1e:  71% ▕████████████      ▏ 6.4 GB/9.0 GB   23 MB/s   1m50s[K[?25h[?2026l[?2026h[?25l[A[1Gpulling manifest [K
pulling 2049f5674b1e:  71% ▕████████████      ▏ 6.4 GB/9.0 GB   23 MB/s   1m50s[K[?25h[?2026l[?2026h[?25l[A[1Gpulling manifest [K
pulling 2049f5674b1e:  72% ▕████████████      ▏ 6.4 GB/9.0 GB   23 MB/s   1m49s[K[?25h[?2026l[?2026h[?25l[A[1Gpulling manifest [K
pulling 2049f5674b1e:  72% ▕████████████      ▏ 6.4 GB/9.0 GB   21 MB/s   1m57s[K[?25h[?2026l[?2026h[?25l[A[1Gpulling manifest [K
pulling 2049f5674b1e:  72% ▕████████████      ▏ 6.4 GB/9.0 GB   21 MB/s   1m56s[K[?25h[?2026l[?2026h[?25l[A[1Gpulling manifest [K
pulling 2049f5674b1e:  72% ▕████████████      ▏ 6.4 GB/9.0 GB   21 MB/s   1m56s[K[?25h[?2026l[?2026h[?25l[A[1Gpulling manifest [K
pulling 2049f5674b1e:  72% ▕████████████      ▏ 6.4 GB/9.0 GB   21 MB/s   1m56s[K[?25h[?2026l[?2026h[?25l[A[1Gpulling manifest [K
pulling 2049f5674b1e:  72% ▕████████████      ▏ 6.4 GB/9.0 GB   21 MB/s   1m56s[K[?25h[?2026l[?2026h[?25l[A[1Gpulling manifest [K
pulling 2049f5674b1e:  72% ▕████████████      ▏ 6.4 GB/9.0 GB   21 MB/s   1m56s[K[?25h[?2026l[?2026h[?25l[A[1Gpulling manifest [K
pulling 2049f5674b1e:  72% ▕████████████      ▏ 6.4 GB/9.0 GB   21 MB/s   1m56s[K[?25h[?2026l[?2026h[?25l[A[1Gpulling manifest [K
pulling 2049f5674b1e:  72% ▕████████████      ▏ 6.4 GB/9.0 GB   21 MB/s   1m56s[K[?25h[?2026l[?2026h[?25l[A[1Gpulling manifest [K
pulling 2049f5674b1e:  72% ▕████████████      ▏ 6.5 GB/9.0 GB   21 MB/s   1m55s[K[?25h[?2026l[?2026h[?25l[A[1Gpulling manifest [K
pulling 2049f5674b1e:  72% ▕████████████      ▏ 6.5 GB/9.0 GB   21 MB/s   1m55s[K[?25h[?2026l[?2026h[?25l[A[1Gpulling manifest [K
pulling 2049f5674b1e:  72% ▕████████████      ▏ 6.5 GB/9.0 GB   25 MB/s   1m39s[K[?25h[?2026l[?2026h[?25l[A[1Gpulling manifest [K
pulling 2049f5674b1e:  72% ▕████████████      ▏ 6.5 GB/9.0 GB   25 MB/s   1m39s[K[?25h[?2026l[?2026h[?25l[A[1Gpulling manifest [K
pulling 2049f5674b1e:  72% ▕████████████      ▏ 6.5 GB/9.0 GB   25 MB/s   1m39s[K[?25h[?2026l[?2026h[?25l[A[1Gpulling manifest [K
pulling 2049f5674b1e:  72% ▕████████████      ▏ 6.5 GB/9.0 GB   25 MB/s   1m39s[K[?25h[?2026l[?2026h[?25l[A[1Gpulling manifest [K
pulling 2049f5674b1e:  72% ▕████████████      ▏ 6.5 GB/9.0 GB   25 MB/s   1m39s[K[?25h[?2026l[?2026h[?25l[A[1Gpulling manifest [K
pulling 2049f5674b1e:  72% ▕████████████      ▏ 6.5 GB/9.0 GB   25 MB/s   1m39s[K[?25h[?2026l[?2026h[?25l[A[1Gpulling manifest [K
pulling 2049f5674b1e:  72% ▕████████████      ▏ 6.5 GB/9.0 GB   25 MB/s   1m39s[K[?25h[?2026l[?2026h[?25l[A[1Gpulling manifest [K
pulling 2049f5674b1e:  72% ▕████████████      ▏ 6.5 GB/9.0 GB   25 MB/s   1m39s[K[?25h[?2026l[?2026h[?25l[A[1Gpulling manifest [K
pulling 2049f5674b1e:  72% ▕████████████      ▏ 6.5 GB/9.0 GB   25 MB/s   1m39s[K[?25h[?2026l[?2026h[?25l[A[1Gpulling manifest [K
pulling 2049f5674b1e:  72% ▕████████████      ▏ 6.5 GB/9.0 GB   25 MB/s   1m39s[K[?25h[?2026l[?2026h[?25l[A[1Gpulling manifest [K
pulling 2049f5674b1e:  72% ▕████████████      ▏ 6.5 GB/9.0 GB   23 MB/s   1m48s[K[?25h[?2026l[?2026h[?25l[A[1Gpulling manifest [K
pulling 2049f5674b1e:  72% ▕████████████      ▏ 6.5 GB/9.0 GB   23 MB/s   1m48s[K[?25h[?2026l[?2026h[?25l[A[1Gpulling manifest [K
pulling 2049f5674b1e:  72% ▕████████████      ▏ 6.5 GB/9.0 GB   23 MB/s   1m48s[K[?25h[?2026l[?2026h[?25l[A[1Gpulling manifest [K
pulling 2049f5674b1e:  72% ▕████████████      ▏ 6.5 GB/9.0 GB   23 MB/s   1m48s[K[?25h[?2026l[?2026h[?25l[A[1Gpulling manifest [K
pulling 2049f5674b1e:  72% ▕████████████      ▏ 6.5 GB/9.0 GB   23 MB/s   1m48s[K[?25h[?2026l[?2026h[?25l[A[1Gpulling manifest [K
pulling 2049f5674b1e:  72% ▕████████████      ▏ 6.5 GB/9.0 GB   23 MB/s   1m48s[K[?25h[?2026l[?2026h[?25l[A[1Gpulling manifest [K
pulling 2049f5674b1e:  72% ▕████████████      ▏ 6.5 GB/9.0 GB   23 MB/s   1m48s[K[?25h[?2026l[?2026h[?25l[A[1Gpulling manifest [K
pulling 2049f5674b1e:  72% ▕████████████      ▏ 6.5 GB/9.0 GB   23 MB/s   1m48s[K[?25h[?2026l[?2026h[?25l[A[1Gpulling manifest [K
pulling 2049f5674b1e:  72% ▕████████████      ▏ 6.5 GB/9.0 GB   23 MB/s   1m48s[K[?25h[?2026l[?2026h[?25l[A[1Gpulling manifest [K
pulling 2049f5674b1e:  72% ▕█████████████     ▏ 6.5 GB/9.0 GB   23 MB/s   1m48s[K[?25h[?2026l[?2026h[?25l[A[1Gpulling manifest [K
pulling 2049f5674b1e:  72% ▕█████████████     ▏ 6.5 GB/9.0 GB   23 MB/s   1m47s[K[?25h[?2026l[?2026h[?25l[A[1Gpulling manifest [K
pulling 2049f5674b1e:  72% ▕█████████████     ▏ 6.5 GB/9.0 GB   22 MB/s   1m50s[K[?25h[?2026l[?2026h[?25l[A[1Gpulling manifest [K
pulling 2049f5674b1e:  72% ▕█████████████     ▏ 6.5 GB/9.0 GB   22 MB/s   1m50s[K[?25h[?2026l[?2026h[?25l[A[1Gpulling manifest [K
pulling 2049f5674b1e:  72% ▕█████████████     ▏ 6.5 GB/9.0 GB   22 MB/s   1m50s[K[?25h[?2026l[?2026h[?25l[A[1Gpulling manifest [K
pulling 2049f5674b1e:  72% ▕█████████████     ▏ 6.5 GB/9.0 GB   22 MB/s   1m50s[K[?25h[?2026l[?2026h[?25l[A[1Gpulling manifest [K
pulling 2049f5674b1e:  73% ▕█████████████     ▏ 6.5 GB/9.0 GB   22 MB/s   1m49s[K[?25h[?2026l[?2026h[?25l[A[1Gpulling manifest [K
pulling 2049f5674b1e:  73% ▕█████████████     ▏ 6.5 GB/9.0 GB   22 MB/s   1m49s[K[?25h[?2026l[?2026h[?25l[A[1Gpulling manifest [K
pulling 2049f5674b1e:  73% ▕█████████████     ▏ 6.5 GB/9.0 GB   22 MB/s   1m49s[K[?25h[?2026l[?2026h[?25l[A[1Gpulling manifest [K
pulling 2049f5674b1e:  73% ▕█████████████     ▏ 6.5 GB/9.0 GB   22 MB/s   1m49s[K[?25h[?2026l[?2026h[?25l[A[1Gpulling manifest [K
pulling 2049f5674b1e:  73% ▕█████████████     ▏ 6.5 GB/9.0 GB   22 MB/s   1m49s[K[?25h[?2026l[?2026h[?25l[A[1Gpulling manifest [K
pulling 2049f5674b1e:  73% ▕█████████████     ▏ 6.5 GB/9.0 GB   22 MB/s   1m49s[K[?25h[?2026l[?2026h[?25l[A[1Gpulling manifest [K
pulling 2049f5674b1e:  73% ▕█████████████     ▏ 6.5 GB/9.0 GB   25 MB/s   1m36s[K[?25h[?2026l[?2026h[?25l[A[1Gpulling manifest [K
pulling 2049f5674b1e:  73% ▕█████████████     ▏ 6.5 GB/9.0 GB   25 MB/s   1m36s[K[?25h[?2026l[?2026h[?25l[A[1Gpulling manifest [K
pulling 2049f5674b1e:  73% ▕█████████████     ▏ 6.5 GB/9.0 GB   25 MB/s   1m36s[K[?25h[?2026l[?2026h[?25l[A[1Gpulling manifest [K
pulling 2049f5674b1e:  73% ▕█████████████     ▏ 6.5 GB/9.0 GB   25 MB/s   1m36s[K[?25h[?2026l[?2026h[?25l[A[1Gpulling manifest [K
pulling 2049f5674b1e:  73% ▕█████████████     ▏ 6.5 GB/9.0 GB   25 MB/s   1m36s[K[?25h[?2026l[?2026h[?25l[A[1Gpulling manifest [K
pulling 2049f5674b1e:  73% ▕█████████████     ▏ 6.5 GB/9.0 GB   25 MB/s   1m36s[K[?25h[?2026l[?2026h[?25l[A[1Gpulling manifest [K
pulling 2049f5674b1e:  73% ▕█████████████     ▏ 6.5 GB/9.0 GB   25 MB/s   1m36s[K[?25h[?2026l[?2026h[?25l[A[1Gpulling manifest [K
pulling 2049f5674b1e:  73% ▕█████████████     ▏ 6.5 GB/9.0 GB   25 MB/s   1m36s[K[?25h[?2026l[?2026h[?25l[A[1Gpulling manifest [K
pulling 2049f5674b1e:  73% ▕█████████████     ▏ 6.5 GB/9.0 GB   25 MB/s   1m36s[K[?25h[?2026l[?2026h[?25l[A[1Gpulling manifest [K
pulling 2049f5674b1e:  73% ▕█████████████     ▏ 6.6 GB/9.0 GB   25 MB/s   1m36s[K[?25h[?2026l[?2026h[?25l[A[1Gpulling manifest [K
pulling 2049f5674b1e:  73% ▕█████████████     ▏ 6.6 GB/9.0 GB   25 MB/s   1m33s[K[?25h[?2026l[?2026h[?25l[A[1Gpulling manifest [K
pulling 2049f5674b1e:  73% ▕█████████████     ▏ 6.6 GB/9.0 GB   25 MB/s   1m33s[K[?25h[?2026l[?2026h[?25l[A[1Gpulling manifest [K
pulling 2049f5674b1e:  73% ▕█████████████     ▏ 6.6 GB/9.0 GB   25 MB/s   1m33s[K[?25h[?2026l[?2026h[?25l[A[1Gpulling manifest [K
pulling 2049f5674b1e:  73% ▕█████████████     ▏ 6.6 GB/9.0 GB   25 MB/s   1m33s[K[?25h[?2026l[?2026h[?25l[A[1Gpulling manifest [K
pulling 2049f5674b1e:  73% ▕█████████████     ▏ 6.6 GB/9.0 GB   25 MB/s   1m33s[K[?25h[?2026l[?2026h[?25l[A[1Gpulling manifest [K
pulling 2049f5674b1e:  73% ▕█████████████     ▏ 6.6 GB/9.0 GB   25 MB/s   1m32s[K[?25h[?2026l[?2026h[?25l[A[1Gpulling manifest [K
pulling 2049f5674b1e:  73% ▕█████████████     ▏ 6.6 GB/9.0 GB   25 MB/s   1m32s[K[?25h[?2026l[?2026h[?25l[A[1Gpulling manifest [K
pulling 2049f5674b1e:  73% ▕█████████████     ▏ 6.6 GB/9.0 GB   25 MB/s   1m32s[K[?25h[?2026l[?2026h[?25l[A[1Gpulling manifest [K
pulling 2049f5674b1e:  73% ▕█████████████     ▏ 6.6 GB/9.0 GB   25 MB/s   1m32s[K[?25h[?2026l[?2026h[?25l[A[1Gpulling manifest [K
pulling 2049f5674b1e:  73% ▕█████████████     ▏ 6.6 GB/9.0 GB   25 MB/s   1m32s[K[?25h[?2026l[?2026h[?25l[A[1Gpulling manifest [K
pulling 2049f5674b1e:  73% ▕█████████████     ▏ 6.6 GB/9.0 GB   23 MB/s   1m40s[K[?25h[?2026l[?2026h[?25l[A[1Gpulling manifest [K
pulling 2049f5674b1e:  73% ▕█████████████     ▏ 6.6 GB/9.0 GB   23 MB/s   1m40s[K[?25h[?2026l[?2026h[?25l[A[1Gpulling manifest [K
pulling 2049f5674b1e:  73% ▕█████████████     ▏ 6.6 GB/9.0 GB   23 MB/s   1m40s[K[?25h[?2026l[?2026h[?25l[A[1Gpulling manifest [K
pulling 2049f5674b1e:  73% ▕█████████████     ▏ 6.6 GB/9.0 GB   23 MB/s   1m40s[K[?25h[?2026l[?2026h[?25l[A[1Gpulling manifest [K
pulling 2049f5674b1e:  73% ▕█████████████     ▏ 6.6 GB/9.0 GB   23 MB/s   1m40s[K[?25h[?2026l[?2026h[?25l[A[1Gpulling manifest [K
pulling 2049f5674b1e:  73% ▕█████████████     ▏ 6.6 GB/9.0 GB   23 MB/s   1m40s[K[?25h[?2026l[?2026h[?25l[A[1Gpulling manifest [K
pulling 2049f5674b1e:  73% ▕█████████████     ▏ 6.6 GB/9.0 GB   23 MB/s   1m40s[K[?25h[?2026l[?2026h[?25l[A[1Gpulling manifest [K
pulling 2049f5674b1e:  73% ▕█████████████     ▏ 6.6 GB/9.0 GB   23 MB/s   1m39s[K[?25h[?2026l[?2026h[?25l[A[1Gpulling manifest [K
pulling 2049f5674b1e:  73% ▕█████████████     ▏ 6.6 GB/9.0 GB   23 MB/s   1m39s[K[?25h[?2026l[?2026h[?25l[A[1Gpulling manifest [K
pulling 2049f5674b1e:  73% ▕█████████████     ▏ 6.6 GB/9.0 GB   23 MB/s   1m39s[K[?25h[?2026l[?2026h[?25l[A[1Gpulling manifest [K
pulling 2049f5674b1e:  73% ▕█████████████     ▏ 6.6 GB/9.0 GB   22 MB/s   1m44s[K[?25h[?2026l[?2026h[?25l[A[1Gpulling manifest [K
pulling 2049f5674b1e:  73% ▕█████████████     ▏ 6.6 GB/9.0 GB   22 MB/s   1m44s[K[?25h[?2026l[?2026h[?25l[A[1Gpulling manifest [K
pulling 2049f5674b1e:  73% ▕█████████████     ▏ 6.6 GB/9.0 GB   22 MB/s   1m44s[K[?25h[?2026l[?2026h[?25l[A[1Gpulling manifest [K
pulling 2049f5674b1e:  73% ▕█████████████     ▏ 6.6 GB/9.0 GB   22 MB/s   1m44s[K[?25h[?2026l[?2026h[?25l[A[1Gpulling manifest [K
pulling 2049f5674b1e:  73% ▕█████████████     ▏ 6.6 GB/9.0 GB   22 MB/s   1m44s[K[?25h[?2026l[?2026h[?25l[A[1Gpulling manifest [K
pulling 2049f5674b1e:  73% ▕█████████████     ▏ 6.6 GB/9.0 GB   22 MB/s   1m43s[K[?25h[?2026l[?2026h[?25l[A[1Gpulling manifest [K
pulling 2049f5674b1e:  74% ▕█████████████     ▏ 6.6 GB/9.0 GB   22 MB/s   1m43s[K[?25h[?2026l[?2026h[?25l[A[1Gpulling manifest [K
pulling 2049f5674b1e:  74% ▕█████████████     ▏ 6.6 GB/9.0 GB   22 MB/s   1m43s[K[?25h[?2026l[?2026h[?25l[A[1Gpulling manifest [K
pulling 2049f5674b1e:  74% ▕█████████████     ▏ 6.6 GB/9.0 GB   22 MB/s   1m43s[K[?25h[?2026l[?2026h[?25l[A[1Gpulling manifest [K
pulling 2049f5674b1e:  74% ▕█████████████     ▏ 6.6 GB/9.0 GB   22 MB/s   1m43s[K[?25h[?2026l[?2026h[?25l[A[1Gpulling manifest [K
pulling 2049f5674b1e:  74% ▕█████████████     ▏ 6.6 GB/9.0 GB   22 MB/s   1m43s[K[?25h[?2026l[?2026h[?25l[A[1Gpulling manifest [K
pulling 2049f5674b1e:  74% ▕█████████████     ▏ 6.6 GB/9.0 GB   23 MB/s   1m40s[K[?25h[?2026l[?2026h[?25l[A[1Gpulling manifest [K
pulling 2049f5674b1e:  74% ▕█████████████     ▏ 6.6 GB/9.0 GB   23 MB/s   1m40s[K[?25h[?2026l[?2026h[?25l[A[1Gpulling manifest [K
pulling 2049f5674b1e:  74% ▕█████████████     ▏ 6.6 GB/9.0 GB   23 MB/s   1m40s[K[?25h[?2026l[?2026h[?25l[A[1Gpulling manifest [K
pulling 2049f5674b1e:  74% ▕█████████████     ▏ 6.6 GB/9.0 GB   23 MB/s   1m40s[K[?25h[?2026l[?2026h[?25l[A[1Gpulling manifest [K
pulling 2049f5674b1e:  74% ▕█████████████     ▏ 6.6 GB/9.0 GB   23 MB/s   1m39s[K[?25h[?2026l[?2026h[?25l[A[1Gpulling manifest [K
pulling 2049f5674b1e:  74% ▕█████████████     ▏ 6.6 GB/9.0 GB   23 MB/s   1m39s[K[?25h[?2026l[?2026h[?25l[A[1Gpulling manifest [K
pulling 2049f5674b1e:  74% ▕█████████████     ▏ 6.6 GB/9.0 GB   23 MB/s   1m39s[K[?25h[?2026l[?2026h[?25l[A[1Gpulling manifest [K
pulling 2049f5674b1e:  74% ▕█████████████     ▏ 6.6 GB/9.0 GB   23 MB/s   1m39s[K[?25h[?2026l[?2026h[?25l[A[1Gpulling manifest [K
pulling 2049f5674b1e:  74% ▕█████████████     ▏ 6.6 GB/9.0 GB   23 MB/s   1m39s[K[?25h[?2026l[?2026h[?25l[A[1Gpulling manifest [K
pulling 2049f5674b1e:  74% ▕█████████████     ▏ 6.6 GB/9.0 GB   23 MB/s   1m39s[K[?25h[?2026l[?2026h[?25l[A[1Gpulling manifest [K
pulling 2049f5674b1e:  74% ▕█████████████     ▏ 6.6 GB/9.0 GB   24 MB/s   1m36s[K[?25h[?2026l[?2026h[?25l[A[1Gpulling manifest [K
pulling 2049f5674b1e:  74% ▕█████████████     ▏ 6.6 GB/9.0 GB   24 MB/s   1m36s[K[?25h[?2026l[?2026h[?25l[A[1Gpulling manifest [K
pulling 2049f5674b1e:  74% ▕█████████████     ▏ 6.7 GB/9.0 GB   24 MB/s   1m36s[K[?25h[?2026l[?2026h[?25l[A[1Gpulling manifest [K
pulling 2049f5674b1e:  74% ▕█████████████     ▏ 6.7 GB/9.0 GB   24 MB/s   1m36s[K[?25h[?2026l[?2026h[?25l[A[1Gpulling manifest [K
pulling 2049f5674b1e:  74% ▕█████████████     ▏ 6.7 GB/9.0 GB   24 MB/s   1m35s[K[?25h[?2026l[?2026h[?25l[A[1Gpulling manifest [K
pulling 2049f5674b1e:  74% ▕█████████████     ▏ 6.7 GB/9.0 GB   24 MB/s   1m35s[K[?25h[?2026l[?2026h[?25l[A[1Gpulling manifest [K
pulling 2049f5674b1e:  74% ▕█████████████     ▏ 6.7 GB/9.0 GB   24 MB/s   1m35s[K[?25h[?2026l[?2026h[?25l[A[1Gpulling manifest [K
pulling 2049f5674b1e:  74% ▕█████████████     ▏ 6.7 GB/9.0 GB   24 MB/s   1m35s[K[?25h[?2026l[?2026h[?25l[A[1Gpulling manifest [K
pulling 2049f5674b1e:  74% ▕█████████████     ▏ 6.7 GB/9.0 GB   24 MB/s   1m35s[K[?25h[?2026l[?2026h[?25l[A[1Gpulling manifest [K
pulling 2049f5674b1e:  74% ▕█████████████     ▏ 6.7 GB/9.0 GB   24 MB/s   1m35s[K[?25h[?2026l[?2026h[?25l[A[1Gpulling manifest [K
pulling 2049f5674b1e:  74% ▕█████████████     ▏ 6.7 GB/9.0 GB   22 MB/s   1m44s[K[?25h[?2026l[?2026h[?25l[A[1Gpulling manifest [K
pulling 2049f5674b1e:  74% ▕█████████████     ▏ 6.7 GB/9.0 GB   22 MB/s   1m44s[K[?25h[?2026l[?2026h[?25l[A[1Gpulling manifest [K
pulling 2049f5674b1e:  74% ▕█████████████     ▏ 6.7 GB/9.0 GB   22 MB/s   1m44s[K[?25h[?2026l[?2026h[?25l[A[1Gpulling manifest [K
pulling 2049f5674b1e:  74% ▕█████████████     ▏ 6.7 GB/9.0 GB   22 MB/s   1m43s[K[?25h[?2026l[?2026h[?25l[A[1Gpulling manifest [K
pulling 2049f5674b1e:  74% ▕█████████████     ▏ 6.7 GB/9.0 GB   22 MB/s   1m43s[K[?25h[?2026l[?2026h[?25l[A[1Gpulling manifest [K
pulling 2049f5674b1e:  74% ▕█████████████     ▏ 6.7 GB/9.0 GB   22 MB/s   1m43s[K[?25h[?2026l[?2026h[?25l[A[1Gpulling manifest [K
pulling 2049f5674b1e:  74% ▕█████████████     ▏ 6.7 GB/9.0 GB   22 MB/s   1m43s[K[?25h[?2026l[?2026h[?25l[A[1Gpulling manifest [K
pulling 2049f5674b1e:  74% ▕█████████████     ▏ 6.7 GB/9.0 GB   22 MB/s   1m43s[K[?25h[?2026l[?2026h[?25l[A[1Gpulling manifest [K
pulling 2049f5674b1e:  75% ▕█████████████     ▏ 6.7 GB/9.0 GB   22 MB/s   1m42s[K[?25h[?2026l[?2026h[?25l[A[1Gpulling manifest [K
pulling 2049f5674b1e:  75% ▕█████████████     ▏ 6.7 GB/9.0 GB   22 MB/s   1m42s[K[?25h[?2026l[?2026h[?25l[A[1Gpulling manifest [K
pulling 2049f5674b1e:  75% ▕█████████████     ▏ 6.7 GB/9.0 GB   24 MB/s   1m32s[K[?25h[?2026l[?2026h[?25l[A[1Gpulling manifest [K
pulling 2049f5674b1e:  75% ▕█████████████     ▏ 6.7 GB/9.0 GB   24 MB/s   1m32s[K[?25h[?2026l[?2026h[?25l[A[1Gpulling manifest [K
pulling 2049f5674b1e:  75% ▕█████████████     ▏ 6.7 GB/9.0 GB   24 MB/s   1m32s[K[?25h[?2026l[?2026h[?25l[A[1Gpulling manifest [K
pulling 2049f5674b1e:  75% ▕█████████████     ▏ 6.7 GB/9.0 GB   24 MB/s   1m32s[K[?25h[?2026l[?2026h[?25l[A[1Gpulling manifest [K
pulling 2049f5674b1e:  75% ▕█████████████     ▏ 6.7 GB/9.0 GB   24 MB/s   1m32s[K[?25h[?2026l[?2026h[?25l[A[1Gpulling manifest [K
pulling 2049f5674b1e:  75% ▕█████████████     ▏ 6.7 GB/9.0 GB   24 MB/s   1m32s[K[?25h[?2026l[?2026h[?25l[A[1Gpulling manifest [K
pulling 2049f5674b1e:  75% ▕█████████████     ▏ 6.7 GB/9.0 GB   24 MB/s   1m32s[K[?25h[?2026l[?2026h[?25l[A[1Gpulling manifest [K
pulling 2049f5674b1e:  75% ▕█████████████     ▏ 6.7 GB/9.0 GB   24 MB/s   1m31s[K[?25h[?2026l[?2026h[?25l[A[1Gpulling manifest [K
pulling 2049f5674b1e:  75% ▕█████████████     ▏ 6.7 GB/9.0 GB   24 MB/s   1m31s[K[?25h[?2026l[?2026h[?25l[A[1Gpulling manifest [K
pulling 2049f5674b1e:  75% ▕█████████████     ▏ 6.7 GB/9.0 GB   24 MB/s   1m31s[K[?25h[?2026l[?2026h[?25l[A[1Gpulling manifest [K
pulling 2049f5674b1e:  75% ▕█████████████     ▏ 6.7 GB/9.0 GB   26 MB/s   1m25s[K[?25h[?2026l[?2026h[?25l[A[1Gpulling manifest [K
pulling 2049f5674b1e:  75% ▕█████████████     ▏ 6.7 GB/9.0 GB   26 MB/s   1m25s[K[?25h[?2026l[?2026h[?25l[A[1Gpulling manifest [K
pulling 2049f5674b1e:  75% ▕█████████████     ▏ 6.7 GB/9.0 GB   26 MB/s   1m25s[K[?25h[?2026l[?2026h[?25l[A[1Gpulling manifest [K
pulling 2049f5674b1e:  75% ▕█████████████     ▏ 6.7 GB/9.0 GB   26 MB/s   1m25s[K[?25h[?2026l[?2026h[?25l[A[1Gpulling manifest [K
pulling 2049f5674b1e:  75% ▕█████████████     ▏ 6.7 GB/9.0 GB   26 MB/s   1m25s[K[?25h[?2026l[?2026h[?25l[A[1Gpulling manifest [K
pulling 2049f5674b1e:  75% ▕█████████████     ▏ 6.7 GB/9.0 GB   26 MB/s   1m25s[K[?25h[?2026l[?2026h[?25l[A[1Gpulling manifest [K
pulling 2049f5674b1e:  75% ▕█████████████     ▏ 6.7 GB/9.0 GB   26 MB/s   1m25s[K[?25h[?2026l[?2026h[?25l[A[1Gpulling manifest [K
pulling 2049f5674b1e:  75% ▕█████████████     ▏ 6.7 GB/9.0 GB   26 MB/s   1m25s[K[?25h[?2026l[?2026h[?25l[A[1Gpulling manifest [K
pulling 2049f5674b1e:  75% ▕█████████████     ▏ 6.7 GB/9.0 GB   26 MB/s   1m25s[K[?25h[?2026l[?2026h[?25l[A[1Gpulling manifest [K
pulling 2049f5674b1e:  75% ▕█████████████     ▏ 6.7 GB/9.0 GB   26 MB/s   1m25s[K[?25h[?2026l[?2026h[?25l[A[1Gpulling manifest [K
pulling 2049f5674b1e:  75% ▕█████████████     ▏ 6.7 GB/9.0 GB   26 MB/s   1m25s[K[?25h[?2026l[?2026h[?25l[A[1Gpulling manifest [K
pulling 2049f5674b1e:  75% ▕█████████████     ▏ 6.7 GB/9.0 GB   23 MB/s   1m37s[K[?25h[?2026l[?2026h[?25l[A[1Gpulling manifest [K
pulling 2049f5674b1e:  75% ▕█████████████     ▏ 6.7 GB/9.0 GB   23 MB/s   1m36s[K[?25h[?2026l[?2026h[?25l[A[1Gpulling manifest [K
pulling 2049f5674b1e:  75% ▕█████████████     ▏ 6.7 GB/9.0 GB   23 MB/s   1m36s[K[?25h[?2026l[?2026h[?25l[A[1Gpulling manifest [K
pulling 2049f5674b1e:  75% ▕█████████████     ▏ 6.7 GB/9.0 GB   23 MB/s   1m36s[K[?25h[?2026l[?2026h[?25l[A[1Gpulling manifest [K
pulling 2049f5674b1e:  75% ▕█████████████     ▏ 6.7 GB/9.0 GB   23 MB/s   1m36s[K[?25h[?2026l[?2026h[?25l[A[1Gpulling manifest [K
pulling 2049f5674b1e:  75% ▕█████████████     ▏ 6.8 GB/9.0 GB   23 MB/s   1m36s[K[?25h[?2026l[?2026h[?25l[A[1Gpulling manifest [K
pulling 2049f5674b1e:  75% ▕█████████████     ▏ 6.8 GB/9.0 GB   23 MB/s   1m36s[K[?25h[?2026l[?2026h[?25l[A[1Gpulling manifest [K
pulling 2049f5674b1e:  75% ▕█████████████     ▏ 6.8 GB/9.0 GB   23 MB/s   1m36s[K[?25h[?2026l[?2026h[?25l[A[1Gpulling manifest [K
pulling 2049f5674b1e:  75% ▕█████████████     ▏ 6.8 GB/9.0 GB   23 MB/s   1m36s[K[?25h[?2026l[?2026h[?25l[A[1Gpulling manifest [K
pulling 2049f5674b1e:  75% ▕█████████████     ▏ 6.8 GB/9.0 GB   23 MB/s   1m36s[K[?25h[?2026l[?2026h[?25l[A[1Gpulling manifest [K
pulling 2049f5674b1e:  75% ▕█████████████     ▏ 6.8 GB/9.0 GB   23 MB/s   1m36s[K[?25h[?2026l[?2026h[?25l[A[1Gpulling manifest [K
pulling 2049f5674b1e:  75% ▕█████████████     ▏ 6.8 GB/9.0 GB   23 MB/s   1m36s[K[?25h[?2026l[?2026h[?25l[A[1Gpulling manifest [K
pulling 2049f5674b1e:  75% ▕█████████████     ▏ 6.8 GB/9.0 GB   23 MB/s   1m35s[K[?25h[?2026l[?2026h[?25l[A[1Gpulling manifest [K
pulling 2049f5674b1e:  75% ▕█████████████     ▏ 6.8 GB/9.0 GB   23 MB/s   1m35s[K[?25h[?2026l[?2026h[?25l[A[1Gpulling manifest [K
pulling 2049f5674b1e:  75% ▕█████████████     ▏ 6.8 GB/9.0 GB   23 MB/s   1m35s[K[?25h[?2026l[?2026h[?25l[A[1Gpulling manifest [K
pulling 2049f5674b1e:  75% ▕█████████████     ▏ 6.8 GB/9.0 GB   23 MB/s   1m35s[K[?25h[?2026l[?2026h[?25l[A[1Gpulling manifest [K
pulling 2049f5674b1e:  75% ▕█████████████     ▏ 6.8 GB/9.0 GB   23 MB/s   1m35s[K[?25h[?2026l[?2026h[?25l[A[1Gpulling manifest [K
pulling 2049f5674b1e:  75% ▕█████████████     ▏ 6.8 GB/9.0 GB   23 MB/s   1m35s[K[?25h[?2026l[?2026h[?25l[A[1Gpulling manifest [K
pulling 2049f5674b1e:  76% ▕█████████████     ▏ 6.8 GB/9.0 GB   23 MB/s   1m35s[K[?25h[?2026l[?2026h[?25l[A[1Gpulling manifest [K
pulling 2049f5674b1e:  76% ▕█████████████     ▏ 6.8 GB/9.0 GB   23 MB/s   1m35s[K[?25h[?2026l[?2026h[?25l[A[1Gpulling manifest [K
pulling 2049f5674b1e:  76% ▕█████████████     ▏ 6.8 GB/9.0 GB   23 MB/s   1m31s[K[?25h[?2026l[?2026h[?25l[A[1Gpulling manifest [K
pulling 2049f5674b1e:  76% ▕█████████████     ▏ 6.8 GB/9.0 GB   23 MB/s   1m31s[K[?25h[?2026l[?2026h[?25l[A[1Gpulling manifest [K
pulling 2049f5674b1e:  76% ▕█████████████     ▏ 6.8 GB/9.0 GB   23 MB/s   1m31s[K[?25h[?2026l[?2026h[?25l[A[1Gpulling manifest [K
pulling 2049f5674b1e:  76% ▕█████████████     ▏ 6.8 GB/9.0 GB   23 MB/s   1m31s[K[?25h[?2026l[?2026h[?25l[A[1Gpulling manifest [K
pulling 2049f5674b1e:  76% ▕█████████████     ▏ 6.8 GB/9.0 GB   23 MB/s   1m30s[K[?25h[?2026l[?2026h[?25l[A[1Gpulling manifest [K
pulling 2049f5674b1e:  76% ▕█████████████     ▏ 6.8 GB/9.0 GB   23 MB/s   1m30s[K[?25h[?2026l[?2026h[?25l[A[1Gpulling manifest [K
pulling 2049f5674b1e:  76% ▕█████████████     ▏ 6.8 GB/9.0 GB   23 MB/s   1m30s[K[?25h[?2026l[?2026h[?25l[A[1Gpulling manifest [K
pulling 2049f5674b1e:  76% ▕█████████████     ▏ 6.8 GB/9.0 GB   23 MB/s   1m30s[K[?25h[?2026l[?2026h[?25l[A[1Gpulling manifest [K
pulling 2049f5674b1e:  76% ▕█████████████     ▏ 6.8 GB/9.0 GB   23 MB/s   1m30s[K[?25h[?2026l[?2026h[?25l[A[1Gpulling manifest [K
pulling 2049f5674b1e:  76% ▕█████████████     ▏ 6.8 GB/9.0 GB   23 MB/s   1m30s[K[?25h[?2026l[?2026h[?25l[A[1Gpulling manifest [K
pulling 2049f5674b1e:  76% ▕█████████████     ▏ 6.8 GB/9.0 GB   24 MB/s   1m27s[K[?25h[?2026l[?2026h[?25l[A[1Gpulling manifest [K
pulling 2049f5674b1e:  76% ▕█████████████     ▏ 6.8 GB/9.0 GB   24 MB/s   1m27s[K[?25h[?2026l[?2026h[?25l[A[1Gpulling manifest [K
pulling 2049f5674b1e:  76% ▕█████████████     ▏ 6.8 GB/9.0 GB   24 MB/s   1m27s[K[?25h[?2026l[?2026h[?25l[A[1Gpulling manifest [K
pulling 2049f5674b1e:  76% ▕█████████████     ▏ 6.8 GB/9.0 GB   24 MB/s   1m27s[K[?25h[?2026l[?2026h[?25l[A[1Gpulling manifest [K
pulling 2049f5674b1e:  76% ▕█████████████     ▏ 6.8 GB/9.0 GB   24 MB/s   1m27s[K[?25h[?2026l[?2026h[?25l[A[1Gpulling manifest [K
pulling 2049f5674b1e:  76% ▕█████████████     ▏ 6.8 GB/9.0 GB   24 MB/s   1m27s[K[?25h[?2026l[?2026h[?25l[A[1Gpulling manifest [K
pulling 2049f5674b1e:  76% ▕█████████████     ▏ 6.8 GB/9.0 GB   24 MB/s   1m27s[K[?25h[?2026l[?2026h[?25l[A[1Gpulling manifest [K
pulling 2049f5674b1e:  76% ▕█████████████     ▏ 6.8 GB/9.0 GB   24 MB/s   1m27s[K[?25h[?2026l[?2026h[?25l[A[1Gpulling manifest [K
pulling 2049f5674b1e:  76% ▕█████████████     ▏ 6.8 GB/9.0 GB   24 MB/s   1m27s[K[?25h[?2026l[?2026h[?25l[A[1Gpulling manifest [K
pulling 2049f5674b1e:  76% ▕█████████████     ▏ 6.8 GB/9.0 GB   24 MB/s   1m27s[K[?25h[?2026l[?2026h[?25l[A[1Gpulling manifest [K
pulling 2049f5674b1e:  76% ▕█████████████     ▏ 6.8 GB/9.0 GB   22 MB/s   1m34s[K[?25h[?2026l[?2026h[?25l[A[1Gpulling manifest [K
pulling 2049f5674b1e:  76% ▕█████████████     ▏ 6.8 GB/9.0 GB   22 MB/s   1m34s[K[?25h[?2026l[?2026h[?25l[A[1Gpulling manifest [K
pulling 2049f5674b1e:  76% ▕█████████████     ▏ 6.8 GB/9.0 GB   22 MB/s   1m34s[K[?25h[?2026l[?2026h[?25l[A[1Gpulling manifest [K
pulling 2049f5674b1e:  76% ▕█████████████     ▏ 6.8 GB/9.0 GB   22 MB/s   1m33s[K[?25h[?2026l[?2026h[?25l[A[1Gpulling manifest [K
pulling 2049f5674b1e:  76% ▕█████████████     ▏ 6.8 GB/9.0 GB   22 MB/s   1m33s[K[?25h[?2026l[?2026h[?25l[A[1Gpulling manifest [K
pulling 2049f5674b1e:  76% ▕█████████████     ▏ 6.8 GB/9.0 GB   22 MB/s   1m33s[K[?25h[?2026l[?2026h[?25l[A[1Gpulling manifest [K
pulling 2049f5674b1e:  76% ▕█████████████     ▏ 6.8 GB/9.0 GB   22 MB/s   1m33s[K[?25h[?2026l[?2026h[?25l[A[1Gpulling manifest [K
pulling 2049f5674b1e:  76% ▕█████████████     ▏ 6.8 GB/9.0 GB   22 MB/s   1m33s[K[?25h[?2026l[?2026h[?25l[A[1Gpulling manifest [K
pulling 2049f5674b1e:  76% ▕█████████████     ▏ 6.8 GB/9.0 GB   22 MB/s   1m33s[K[?25h[?2026l[?2026h[?25l[A[1Gpulling manifest [K
pulling 2049f5674b1e:  76% ▕█████████████     ▏ 6.8 GB/9.0 GB   22 MB/s   1m33s[K[?25h[?2026l[?2026h[?25l[A[1Gpulling manifest [K
pulling 2049f5674b1e:  76% ▕█████████████     ▏ 6.8 GB/9.0 GB   22 MB/s   1m33s[K[?25h[?2026l[?2026h[?25l[A[1Gpulling manifest [K
pulling 2049f5674b1e:  76% ▕█████████████     ▏ 6.9 GB/9.0 GB   22 MB/s   1m35s[K[?25h[?2026l[?2026h[?25l[A[1Gpulling manifest [K
pulling 2049f5674b1e:  76% ▕█████████████     ▏ 6.9 GB/9.0 GB   22 MB/s   1m34s[K[?25h[?2026l[?2026h[?25l[A[1Gpulling manifest [K
pulling 2049f5674b1e:  76% ▕█████████████     ▏ 6.9 GB/9.0 GB   22 MB/s   1m34s[K[?25h[?2026l[?2026h[?25l[A[1Gpulling manifest [K
pulling 2049f5674b1e:  76% ▕█████████████     ▏ 6.9 GB/9.0 GB   22 MB/s   1m34s[K[?25h[?2026l[?2026h[?25l[A[1Gpulling manifest [K
pulling 2049f5674b1e:  76% ▕█████████████     ▏ 6.9 GB/9.0 GB   22 MB/s   1m34s[K[?25h[?2026l[?2026h[?25l[A[1Gpulling manifest [K
pulling 2049f5674b1e:  76% ▕█████████████     ▏ 6.9 GB/9.0 GB   22 MB/s   1m34s[K[?25h[?2026l[?2026h[?25l[A[1Gpulling manifest [K
pulling 2049f5674b1e:  76% ▕█████████████     ▏ 6.9 GB/9.0 GB   22 MB/s   1m34s[K[?25h[?2026l[?2026h[?25l[A[1Gpulling manifest [K
pulling 2049f5674b1e:  76% ▕█████████████     ▏ 6.9 GB/9.0 GB   22 MB/s   1m34s[K[?25h[?2026l[?2026h[?25l[A[1Gpulling manifest [K
pulling 2049f5674b1e:  77% ▕█████████████     ▏ 6.9 GB/9.0 GB   22 MB/s   1m33s[K[?25h[?2026l[?2026h[?25l[A[1Gpulling manifest [K
pulling 2049f5674b1e:  77% ▕█████████████     ▏ 6.9 GB/9.0 GB   22 MB/s   1m33s[K[?25h[?2026l[?2026h[?25l[A[1Gpulling manifest [K
pulling 2049f5674b1e:  77% ▕█████████████     ▏ 6.9 GB/9.0 GB   24 MB/s   1m27s[K[?25h[?2026l[?2026h[?25l[A[1Gpulling manifest [K
pulling 2049f5674b1e:  77% ▕█████████████     ▏ 6.9 GB/9.0 GB   24 MB/s   1m27s[K[?25h[?2026l[?2026h[?25l[A[1Gpulling manifest [K
pulling 2049f5674b1e:  77% ▕█████████████     ▏ 6.9 GB/9.0 GB   24 MB/s   1m27s[K[?25h[?2026l[?2026h[?25l[A[1Gpulling manifest [K
pulling 2049f5674b1e:  77% ▕█████████████     ▏ 6.9 GB/9.0 GB   24 MB/s   1m26s[K[?25h[?2026l[?2026h[?25l[A[1Gpulling manifest [K
pulling 2049f5674b1e:  77% ▕█████████████     ▏ 6.9 GB/9.0 GB   24 MB/s   1m26s[K[?25h[?2026l[?2026h[?25l[A[1Gpulling manifest [K
pulling 2049f5674b1e:  77% ▕█████████████     ▏ 6.9 GB/9.0 GB   24 MB/s   1m26s[K[?25h[?2026l[?2026h[?25l[A[1Gpulling manifest [K
pulling 2049f5674b1e:  77% ▕█████████████     ▏ 6.9 GB/9.0 GB   24 MB/s   1m26s[K[?25h[?2026l[?2026h[?25l[A[1Gpulling manifest [K
pulling 2049f5674b1e:  77% ▕█████████████     ▏ 6.9 GB/9.0 GB   24 MB/s   1m26s[K[?25h[?2026l[?2026h[?25l[A[1Gpulling manifest [K
pulling 2049f5674b1e:  77% ▕█████████████     ▏ 6.9 GB/9.0 GB   24 MB/s   1m26s[K[?25h[?2026l[?2026h[?25l[A[1Gpulling manifest [K
pulling 2049f5674b1e:  77% ▕█████████████     ▏ 6.9 GB/9.0 GB   24 MB/s   1m26s[K[?25h[?2026l[?2026h[?25l[A[1Gpulling manifest [K
pulling 2049f5674b1e:  77% ▕█████████████     ▏ 6.9 GB/9.0 GB   22 MB/s   1m30s[K[?25h[?2026l[?2026h[?25l[A[1Gpulling manifest [K
pulling 2049f5674b1e:  77% ▕█████████████     ▏ 6.9 GB/9.0 GB   22 MB/s   1m30s[K[?25h[?2026l[?2026h[?25l[A[1Gpulling manifest [K
pulling 2049f5674b1e:  77% ▕█████████████     ▏ 6.9 GB/9.0 GB   22 MB/s   1m30s[K[?25h[?2026l[?2026h[?25l[A[1Gpulling manifest [K
pulling 2049f5674b1e:  77% ▕█████████████     ▏ 6.9 GB/9.0 GB   22 MB/s   1m30s[K[?25h[?2026l[?2026h[?25l[A[1Gpulling manifest [K
pulling 2049f5674b1e:  77% ▕█████████████     ▏ 6.9 GB/9.0 GB   22 MB/s   1m29s[K[?25h[?2026l[?2026h[?25l[A[1Gpulling manifest [K
pulling 2049f5674b1e:  77% ▕█████████████     ▏ 6.9 GB/9.0 GB   22 MB/s   1m29s[K[?25h[?2026l[?2026h[?25l[A[1Gpulling manifest [K
pulling 2049f5674b1e:  77% ▕█████████████     ▏ 6.9 GB/9.0 GB   22 MB/s   1m29s[K[?25h[?2026l[?2026h[?25l[A[1Gpulling manifest [K
pulling 2049f5674b1e:  77% ▕█████████████     ▏ 6.9 GB/9.0 GB   22 MB/s   1m29s[K[?25h[?2026l[?2026h[?25l[A[1Gpulling manifest [K
pulling 2049f5674b1e:  77% ▕█████████████     ▏ 6.9 GB/9.0 GB   22 MB/s   1m29s[K[?25h[?2026l[?2026h[?25l[A[1Gpulling manifest [K
pulling 2049f5674b1e:  77% ▕█████████████     ▏ 6.9 GB/9.0 GB   22 MB/s   1m29s[K[?25h[?2026l[?2026h[?25l[A[1Gpulling manifest [K
pulling 2049f5674b1e:  77% ▕█████████████     ▏ 6.9 GB/9.0 GB   23 MB/s   1m26s[K[?25h[?2026l[?2026h[?25l[A[1Gpulling manifest [K
pulling 2049f5674b1e:  77% ▕█████████████     ▏ 6.9 GB/9.0 GB   23 MB/s   1m26s[K[?25h[?2026l[?2026h[?25l[A[1Gpulling manifest [K
pulling 2049f5674b1e:  77% ▕█████████████     ▏ 6.9 GB/9.0 GB   23 MB/s   1m26s[K[?25h[?2026l[?2026h[?25l[A[1Gpulling manifest [K
pulling 2049f5674b1e:  77% ▕█████████████     ▏ 6.9 GB/9.0 GB   23 MB/s   1m26s[K[?25h[?2026l[?2026h[?25l[A[1Gpulling manifest [K
pulling 2049f5674b1e:  77% ▕█████████████     ▏ 7.0 GB/9.0 GB   23 MB/s   1m26s[K[?25h[?2026l[?2026h[?25l[A[1Gpulling manifest [K
pulling 2049f5674b1e:  77% ▕█████████████     ▏ 7.0 GB/9.0 GB   23 MB/s   1m26s[K[?25h[?2026l[?2026h[?25l[A[1Gpulling manifest [K
pulling 2049f5674b1e:  77% ▕█████████████     ▏ 7.0 GB/9.0 GB   23 MB/s   1m26s[K[?25h[?2026l[?2026h[?25l[A[1Gpulling manifest [K
pulling 2049f5674b1e:  77% ▕█████████████     ▏ 7.0 GB/9.0 GB   23 MB/s   1m26s[K[?25h[?2026l[?2026h[?25l[A[1Gpulling manifest [K
pulling 2049f5674b1e:  77% ▕█████████████     ▏ 7.0 GB/9.0 GB   23 MB/s   1m26s[K[?25h[?2026l[?2026h[?25l[A[1Gpulling manifest [K
pulling 2049f5674b1e:  77% ▕█████████████     ▏ 7.0 GB/9.0 GB   23 MB/s   1m26s[K[?25h[?2026l[?2026h[?25l[A[1Gpulling manifest [K
pulling 2049f5674b1e:  78% ▕█████████████     ▏ 7.0 GB/9.0 GB   25 MB/s   1m20s[K[?25h[?2026l[?2026h[?25l[A[1Gpulling manifest [K
pulling 2049f5674b1e:  78% ▕█████████████     ▏ 7.0 GB/9.0 GB   25 MB/s   1m20s[K[?25h[?2026l[?2026h[?25l[A[1Gpulling manifest [K
pulling 2049f5674b1e:  78% ▕█████████████     ▏ 7.0 GB/9.0 GB   25 MB/s   1m20s[K[?25h[?2026l[?2026h[?25l[A[1Gpulling manifest [K
pulling 2049f5674b1e:  78% ▕█████████████     ▏ 7.0 GB/9.0 GB   25 MB/s   1m20s[K[?25h[?2026l[?2026h[?25l[A[1Gpulling manifest [K
pulling 2049f5674b1e:  78% ▕█████████████     ▏ 7.0 GB/9.0 GB   25 MB/s   1m20s[K[?25h[?2026l[?2026h[?25l[A[1Gpulling manifest [K
pulling 2049f5674b1e:  78% ▕█████████████     ▏ 7.0 GB/9.0 GB   25 MB/s   1m20s[K[?25h[?2026l[?2026h[?25l[A[1Gpulling manifest [K
pulling 2049f5674b1e:  78% ▕█████████████     ▏ 7.0 GB/9.0 GB   25 MB/s   1m20s[K[?25h[?2026l[?2026h[?25l[A[1Gpulling manifest [K
pulling 2049f5674b1e:  78% ▕█████████████     ▏ 7.0 GB/9.0 GB   25 MB/s   1m20s[K[?25h[?2026l[?2026h[?25l[A[1Gpulling manifest [K
pulling 2049f5674b1e:  78% ▕█████████████     ▏ 7.0 GB/9.0 GB   25 MB/s   1m19s[K[?25h[?2026l[?2026h[?25l[A[1Gpulling manifest [K
pulling 2049f5674b1e:  78% ▕█████████████     ▏ 7.0 GB/9.0 GB   25 MB/s   1m19s[K[?25h[?2026l[?2026h[?25l[A[1Gpulling manifest [K
pulling 2049f5674b1e:  78% ▕█████████████     ▏ 7.0 GB/9.0 GB   25 MB/s   1m19s[K[?25h[?2026l[?2026h[?25l[A[1Gpulling manifest [K
pulling 2049f5674b1e:  78% ▕██████████████    ▏ 7.0 GB/9.0 GB   25 MB/s   1m18s[K[?25h[?2026l[?2026h[?25l[A[1Gpulling manifest [K
pulling 2049f5674b1e:  78% ▕██████████████    ▏ 7.0 GB/9.0 GB   25 MB/s   1m18s[K[?25h[?2026l[?2026h[?25l[A[1Gpulling manifest [K
pulling 2049f5674b1e:  78% ▕██████████████    ▏ 7.0 GB/9.0 GB   25 MB/s   1m18s[K[?25h[?2026l[?2026h[?25l[A[1Gpulling manifest [K
pulling 2049f5674b1e:  78% ▕██████████████    ▏ 7.0 GB/9.0 GB   25 MB/s   1m18s[K[?25h[?2026l[?2026h[?25l[A[1Gpulling manifest [K
pulling 2049f5674b1e:  78% ▕██████████████    ▏ 7.0 GB/9.0 GB   25 MB/s   1m18s[K[?25h[?2026l[?2026h[?25l[A[1Gpulling manifest [K
pulling 2049f5674b1e:  78% ▕██████████████    ▏ 7.0 GB/9.0 GB   25 MB/s   1m18s[K[?25h[?2026l[?2026h[?25l[A[1Gpulling manifest [K
pulling 2049f5674b1e:  78% ▕██████████████    ▏ 7.0 GB/9.0 GB   25 MB/s   1m18s[K[?25h[?2026l[?2026h[?25l[A[1Gpulling manifest [K
pulling 2049f5674b1e:  78% ▕██████████████    ▏ 7.0 GB/9.0 GB   25 MB/s   1m18s[K[?25h[?2026l[?2026h[?25l[A[1Gpulling manifest [K
pulling 2049f5674b1e:  78% ▕██████████████    ▏ 7.0 GB/9.0 GB   25 MB/s   1m18s[K[?25h[?2026l[?2026h[?25l[A[1Gpulling manifest [K
pulling 2049f5674b1e:  78% ▕██████████████    ▏ 7.0 GB/9.0 GB   25 MB/s   1m18s[K[?25h[?2026l[?2026h[?25l[A[1Gpulling manifest [K
pulling 2049f5674b1e:  78% ▕██████████████    ▏ 7.0 GB/9.0 GB   23 MB/s   1m24s[K[?25h[?2026l[?2026h[?25l[A[1Gpulling manifest [K
pulling 2049f5674b1e:  78% ▕██████████████    ▏ 7.0 GB/9.0 GB   23 MB/s   1m24s[K[?25h[?2026l[?2026h[?25l[A[1Gpulling manifest [K
pulling 2049f5674b1e:  78% ▕██████████████    ▏ 7.0 GB/9.0 GB   23 MB/s   1m24s[K[?25h[?2026l[?2026h[?25l[A[1Gpulling manifest [K
pulling 2049f5674b1e:  78% ▕██████████████    ▏ 7.0 GB/9.0 GB   23 MB/s   1m23s[K[?25h[?2026l[?2026h[?25l[A[1Gpulling manifest [K
pulling 2049f5674b1e:  78% ▕██████████████    ▏ 7.0 GB/9.0 GB   23 MB/s   1m23s[K[?25h[?2026l[?2026h[?25l[A[1Gpulling manifest [K
pulling 2049f5674b1e:  78% ▕██████████████    ▏ 7.0 GB/9.0 GB   23 MB/s   1m23s[K[?25h[?2026l[?2026h[?25l[A[1Gpulling manifest [K
pulling 2049f5674b1e:  78% ▕██████████████    ▏ 7.0 GB/9.0 GB   23 MB/s   1m23s[K[?25h[?2026l[?2026h[?25l[A[1Gpulling manifest [K
pulling 2049f5674b1e:  78% ▕██████████████    ▏ 7.0 GB/9.0 GB   23 MB/s   1m23s[K[?25h[?2026l[?2026h[?25l[A[1Gpulling manifest [K
pulling 2049f5674b1e:  78% ▕██████████████    ▏ 7.0 GB/9.0 GB   23 MB/s   1m23s[K[?25h[?2026l[?2026h[?25l[A[1Gpulling manifest [K
pulling 2049f5674b1e:  78% ▕██████████████    ▏ 7.0 GB/9.0 GB   23 MB/s   1m23s[K[?25h[?2026l[?2026h[?25l[A[1Gpulling manifest [K
pulling 2049f5674b1e:  78% ▕██████████████    ▏ 7.0 GB/9.0 GB   23 MB/s   1m24s[K[?25h[?2026l[?2026h[?25l[A[1Gpulling manifest [K
pulling 2049f5674b1e:  78% ▕██████████████    ▏ 7.0 GB/9.0 GB   23 MB/s   1m24s[K[?25h[?2026l[?2026h[?25l[A[1Gpulling manifest [K
pulling 2049f5674b1e:  78% ▕██████████████    ▏ 7.0 GB/9.0 GB   23 MB/s   1m24s[K[?25h[?2026l[?2026h[?25l[A[1Gpulling manifest [K
pulling 2049f5674b1e:  78% ▕██████████████    ▏ 7.0 GB/9.0 GB   23 MB/s   1m24s[K[?25h[?2026l[?2026h[?25l[A[1Gpulling manifest [K
pulling 2049f5674b1e:  78% ▕██████████████    ▏ 7.0 GB/9.0 GB   23 MB/s   1m24s[K[?25h[?2026l[?2026h[?25l[A[1Gpulling manifest [K
pulling 2049f5674b1e:  78% ▕██████████████    ▏ 7.0 GB/9.0 GB   23 MB/s   1m24s[K[?25h[?2026l[?2026h[?25l[A[1Gpulling manifest [K
pulling 2049f5674b1e:  78% ▕██████████████    ▏ 7.0 GB/9.0 GB   23 MB/s   1m24s[K[?25h[?2026l[?2026h[?25l[A[1Gpulling manifest [K
pulling 2049f5674b1e:  78% ▕██████████████    ▏ 7.0 GB/9.0 GB   23 MB/s   1m23s[K[?25h[?2026l[?2026h[?25l[A[1Gpulling manifest [K
pulling 2049f5674b1e:  78% ▕██████████████    ▏ 7.0 GB/9.0 GB   23 MB/s   1m23s[K[?25h[?2026l[?2026h[?25l[A[1Gpulling manifest [K
pulling 2049f5674b1e:  78% ▕██████████████    ▏ 7.0 GB/9.0 GB   23 MB/s   1m23s[K[?25h[?2026l[?2026h[?25l[A[1Gpulling manifest [K
pulling 2049f5674b1e:  78% ▕██████████████    ▏ 7.1 GB/9.0 GB   24 MB/s   1m17s[K[?25h[?2026l[?2026h[?25l[A[1Gpulling manifest [K
pulling 2049f5674b1e:  78% ▕██████████████    ▏ 7.1 GB/9.0 GB   24 MB/s   1m17s[K[?25h[?2026l[?2026h[?25l[A[1Gpulling manifest [K
pulling 2049f5674b1e:  78% ▕██████████████    ▏ 7.1 GB/9.0 GB   24 MB/s   1m17s[K[?25h[?2026l[?2026h[?25l[A[1Gpulling manifest [K
pulling 2049f5674b1e:  79% ▕██████████████    ▏ 7.1 GB/9.0 GB   24 MB/s   1m17s[K[?25h[?2026l[?2026h[?25l[A[1Gpulling manifest [K
pulling 2049f5674b1e:  79% ▕██████████████    ▏ 7.1 GB/9.0 GB   24 MB/s   1m17s[K[?25h[?2026l[?2026h[?25l[A[1Gpulling manifest [K
pulling 2049f5674b1e:  79% ▕██████████████    ▏ 7.1 GB/9.0 GB   24 MB/s   1m17s[K[?25h[?2026l[?2026h[?25l[A[1Gpulling manifest [K
pulling 2049f5674b1e:  79% ▕██████████████    ▏ 7.1 GB/9.0 GB   24 MB/s   1m16s[K[?25h[?2026l[?2026h[?25l[A[1Gpulling manifest [K
pulling 2049f5674b1e:  79% ▕██████████████    ▏ 7.1 GB/9.0 GB   24 MB/s   1m16s[K[?25h[?2026l[?2026h[?25l[A[1Gpulling manifest [K
pulling 2049f5674b1e:  79% ▕██████████████    ▏ 7.1 GB/9.0 GB   24 MB/s   1m16s[K[?25h[?2026l[?2026h[?25l[A[1Gpulling manifest [K
pulling 2049f5674b1e:  79% ▕██████████████    ▏ 7.1 GB/9.0 GB   24 MB/s   1m16s[K[?25h[?2026l[?2026h[?25l[A[1Gpulling manifest [K
pulling 2049f5674b1e:  79% ▕██████████████    ▏ 7.1 GB/9.0 GB   25 MB/s   1m14s[K[?25h[?2026l[?2026h[?25l[A[1Gpulling manifest [K
pulling 2049f5674b1e:  79% ▕██████████████    ▏ 7.1 GB/9.0 GB   25 MB/s   1m14s[K[?25h[?2026l[?2026h[?25l[A[1Gpulling manifest [K
pulling 2049f5674b1e:  79% ▕██████████████    ▏ 7.1 GB/9.0 GB   25 MB/s   1m14s[K[?25h[?2026l[?2026h[?25l[A[1Gpulling manifest [K
pulling 2049f5674b1e:  79% ▕██████████████    ▏ 7.1 GB/9.0 GB   25 MB/s   1m14s[K[?25h[?2026l[?2026h[?25l[A[1Gpulling manifest [K
pulling 2049f5674b1e:  79% ▕██████████████    ▏ 7.1 GB/9.0 GB   25 MB/s   1m13s[K[?25h[?2026l[?2026h[?25l[A[1Gpulling manifest [K
pulling 2049f5674b1e:  79% ▕██████████████    ▏ 7.1 GB/9.0 GB   25 MB/s   1m13s[K[?25h[?2026l[?2026h[?25l[A[1Gpulling manifest [K
pulling 2049f5674b1e:  79% ▕██████████████    ▏ 7.1 GB/9.0 GB   25 MB/s   1m13s[K[?25h[?2026l[?2026h[?25l[A[1Gpulling manifest [K
pulling 2049f5674b1e:  79% ▕██████████████    ▏ 7.1 GB/9.0 GB   25 MB/s   1m13s[K[?25h[?2026l[?2026h[?25l[A[1Gpulling manifest [K
pulling 2049f5674b1e:  79% ▕██████████████    ▏ 7.1 GB/9.0 GB   25 MB/s   1m13s[K[?25h[?2026l[?2026h[?25l[A[1Gpulling manifest [K
pulling 2049f5674b1e:  79% ▕██████████████    ▏ 7.1 GB/9.0 GB   25 MB/s   1m13s[K[?25h[?2026l[?2026h[?25l[A[1Gpulling manifest [K
pulling 2049f5674b1e:  79% ▕██████████████    ▏ 7.1 GB/9.0 GB   25 MB/s   1m13s[K[?25h[?2026l[?2026h[?25l[A[1Gpulling manifest [K
pulling 2049f5674b1e:  79% ▕██████████████    ▏ 7.1 GB/9.0 GB   24 MB/s   1m15s[K[?25h[?2026l[?2026h[?25l[A[1Gpulling manifest [K
pulling 2049f5674b1e:  79% ▕██████████████    ▏ 7.1 GB/9.0 GB   24 MB/s   1m15s[K[?25h[?2026l[?2026h[?25l[A[1Gpulling manifest [K
pulling 2049f5674b1e:  79% ▕██████████████    ▏ 7.1 GB/9.0 GB   24 MB/s   1m15s[K[?25h[?2026l[?2026h[?25l[A[1Gpulling manifest [K
pulling 2049f5674b1e:  79% ▕██████████████    ▏ 7.1 GB/9.0 GB   24 MB/s   1m15s[K[?25h[?2026l[?2026h[?25l[A[1Gpulling manifest [K
pulling 2049f5674b1e:  79% ▕██████████████    ▏ 7.1 GB/9.0 GB   24 MB/s   1m15s[K[?25h[?2026l[?2026h[?25l[A[1Gpulling manifest [K
pulling 2049f5674b1e:  79% ▕██████████████    ▏ 7.1 GB/9.0 GB   24 MB/s   1m15s[K[?25h[?2026l[?2026h[?25l[A[1Gpulling manifest [K
pulling 2049f5674b1e:  79% ▕██████████████    ▏ 7.1 GB/9.0 GB   24 MB/s   1m15s[K[?25h[?2026l[?2026h[?25l[A[1Gpulling manifest [K
pulling 2049f5674b1e:  79% ▕██████████████    ▏ 7.1 GB/9.0 GB   24 MB/s   1m15s[K[?25h[?2026l[?2026h[?25l[A[1Gpulling manifest [K
pulling 2049f5674b1e:  79% ▕██████████████    ▏ 7.1 GB/9.0 GB   24 MB/s   1m15s[K[?25h[?2026l[?2026h[?25l[A[1Gpulling manifest [K
pulling 2049f5674b1e:  79% ▕██████████████    ▏ 7.1 GB/9.0 GB   24 MB/s   1m15s[K[?25h[?2026l[?2026h[?25l[A[1Gpulling manifest [K
pulling 2049f5674b1e:  79% ▕██████████████    ▏ 7.1 GB/9.0 GB   23 MB/s   1m20s[K[?25h[?2026l[?2026h[?25l[A[1Gpulling manifest [K
pulling 2049f5674b1e:  79% ▕██████████████    ▏ 7.1 GB/9.0 GB   23 MB/s   1m20s[K[?25h[?2026l[?2026h[?25l[A[1Gpulling manifest [K
pulling 2049f5674b1e:  79% ▕██████████████    ▏ 7.1 GB/9.0 GB   23 MB/s   1m20s[K[?25h[?2026l[?2026h[?25l[A[1Gpulling manifest [K
pulling 2049f5674b1e:  79% ▕██████████████    ▏ 7.1 GB/9.0 GB   23 MB/s   1m20s[K[?25h[?2026l[?2026h[?25l[A[1Gpulling manifest [K
pulling 2049f5674b1e:  79% ▕██████████████    ▏ 7.1 GB/9.0 GB   23 MB/s   1m20s[K[?25h[?2026l[?2026h[?25l[A[1Gpulling manifest [K
pulling 2049f5674b1e:  79% ▕██████████████    ▏ 7.1 GB/9.0 GB   23 MB/s   1m20s[K[?25h[?2026l[?2026h[?25l[A[1Gpulling manifest [K
pulling 2049f5674b1e:  79% ▕██████████████    ▏ 7.1 GB/9.0 GB   23 MB/s   1m20s[K[?25h[?2026l[?2026h[?25l[A[1Gpulling manifest [K
pulling 2049f5674b1e:  79% ▕██████████████    ▏ 7.1 GB/9.0 GB   23 MB/s   1m20s[K[?25h[?2026l[?2026h[?25l[A[1Gpulling manifest [K
pulling 2049f5674b1e:  79% ▕██████████████    ▏ 7.1 GB/9.0 GB   23 MB/s   1m20s[K[?25h[?2026l[?2026h[?25l[A[1Gpulling manifest [K
pulling 2049f5674b1e:  79% ▕██████████████    ▏ 7.1 GB/9.0 GB   23 MB/s   1m20s[K[?25h[?2026l[?2026h[?25l[A[1Gpulling manifest [K
pulling 2049f5674b1e:  79% ▕██████████████    ▏ 7.1 GB/9.0 GB   21 MB/s   1m26s[K[?25h[?2026l[?2026h[?25l[A[1Gpulling manifest [K
pulling 2049f5674b1e:  79% ▕██████████████    ▏ 7.1 GB/9.0 GB   21 MB/s   1m25s[K[?25h[?2026l[?2026h[?25l[A[1Gpulling manifest [K
pulling 2049f5674b1e:  79% ▕██████████████    ▏ 7.1 GB/9.0 GB   21 MB/s   1m25s[K[?25h[?2026l[?2026h[?25l[A[1Gpulling manifest [K
pulling 2049f5674b1e:  80% ▕██████████████    ▏ 7.1 GB/9.0 GB   21 MB/s   1m25s[K[?25h[?2026l[?2026h[?25l[A[1Gpulling manifest [K
pulling 2049f5674b1e:  80% ▕██████████████    ▏ 7.2 GB/9.0 GB   21 MB/s   1m25s[K[?25h[?2026l[?2026h[?25l[A[1Gpulling manifest [K
pulling 2049f5674b1e:  80% ▕██████████████    ▏ 7.2 GB/9.0 GB   21 MB/s   1m25s[K[?25h[?2026l[?2026h[?25l[A[1Gpulling manifest [K
pulling 2049f5674b1e:  80% ▕██████████████    ▏ 7.2 GB/9.0 GB   21 MB/s   1m25s[K[?25h[?2026l[?2026h[?25l[A[1Gpulling manifest [K
pulling 2049f5674b1e:  80% ▕██████████████    ▏ 7.2 GB/9.0 GB   21 MB/s   1m25s[K[?25h[?2026l[?2026h[?25l[A[1Gpulling manifest [K
pulling 2049f5674b1e:  80% ▕██████████████    ▏ 7.2 GB/9.0 GB   21 MB/s   1m24s[K[?25h[?2026l[?2026h[?25l[A[1Gpulling manifest [K
pulling 2049f5674b1e:  80% ▕██████████████    ▏ 7.2 GB/9.0 GB   21 MB/s   1m24s[K[?25h[?2026l[?2026h[?25l[A[1Gpulling manifest [K
pulling 2049f5674b1e:  80% ▕██████████████    ▏ 7.2 GB/9.0 GB   22 MB/s   1m22s[K[?25h[?2026l[?2026h[?25l[A[1Gpulling manifest [K
pulling 2049f5674b1e:  80% ▕██████████████    ▏ 7.2 GB/9.0 GB   22 MB/s   1m22s[K[?25h[?2026l[?2026h[?25l[A[1Gpulling manifest [K
pulling 2049f5674b1e:  80% ▕██████████████    ▏ 7.2 GB/9.0 GB   22 MB/s   1m22s[K[?25h[?2026l[?2026h[?25l[A[1Gpulling manifest [K
pulling 2049f5674b1e:  80% ▕██████████████    ▏ 7.2 GB/9.0 GB   22 MB/s   1m22s[K[?25h[?2026l[?2026h[?25l[A[1Gpulling manifest [K
pulling 2049f5674b1e:  80% ▕██████████████    ▏ 7.2 GB/9.0 GB   22 MB/s   1m22s[K[?25h[?2026l[?2026h[?25l[A[1Gpulling manifest [K
pulling 2049f5674b1e:  80% ▕██████████████    ▏ 7.2 GB/9.0 GB   22 MB/s   1m22s[K[?25h[?2026l[?2026h[?25l[A[1Gpulling manifest [K
pulling 2049f5674b1e:  80% ▕██████████████    ▏ 7.2 GB/9.0 GB   22 MB/s   1m22s[K[?25h[?2026l[?2026h[?25l[A[1Gpulling manifest [K
pulling 2049f5674b1e:  80% ▕██████████████    ▏ 7.2 GB/9.0 GB   22 MB/s   1m22s[K[?25h[?2026l[?2026h[?25l[A[1Gpulling manifest [K
pulling 2049f5674b1e:  80% ▕██████████████    ▏ 7.2 GB/9.0 GB   22 MB/s   1m22s[K[?25h[?2026l[?2026h[?25l[A[1Gpulling manifest [K
pulling 2049f5674b1e:  80% ▕██████████████    ▏ 7.2 GB/9.0 GB   22 MB/s   1m22s[K[?25h[?2026l[?2026h[?25l[A[1Gpulling manifest [K
pulling 2049f5674b1e:  80% ▕██████████████    ▏ 7.2 GB/9.0 GB   21 MB/s   1m23s[K[?25h[?2026l[?2026h[?25l[A[1Gpulling manifest [K
pulling 2049f5674b1e:  80% ▕██████████████    ▏ 7.2 GB/9.0 GB   21 MB/s   1m23s[K[?25h[?2026l[?2026h[?25l[A[1Gpulling manifest [K
pulling 2049f5674b1e:  80% ▕██████████████    ▏ 7.2 GB/9.0 GB   21 MB/s   1m22s[K[?25h[?2026l[?2026h[?25l[A[1Gpulling manifest [K
pulling 2049f5674b1e:  80% ▕██████████████    ▏ 7.2 GB/9.0 GB   21 MB/s   1m22s[K[?25h[?2026l[?2026h[?25l[A[1Gpulling manifest [K
pulling 2049f5674b1e:  80% ▕██████████████    ▏ 7.2 GB/9.0 GB   21 MB/s   1m22s[K[?25h[?2026l[?2026h[?25l[A[1Gpulling manifest [K
pulling 2049f5674b1e:  80% ▕██████████████    ▏ 7.2 GB/9.0 GB   21 MB/s   1m22s[K[?25h[?2026l[?2026h[?25l[A[1Gpulling manifest [K
pulling 2049f5674b1e:  80% ▕██████████████    ▏ 7.2 GB/9.0 GB   21 MB/s   1m22s[K[?25h[?2026l[?2026h[?25l[A[1Gpulling manifest [K
pulling 2049f5674b1e:  80% ▕██████████████    ▏ 7.2 GB/9.0 GB   21 MB/s   1m22s[K[?25h[?2026l[?2026h[?25l[A[1Gpulling manifest [K
pulling 2049f5674b1e:  80% ▕██████████████    ▏ 7.2 GB/9.0 GB   21 MB/s   1m21s[K[?25h[?2026l[?2026h[?25l[A[1Gpulling manifest [K
pulling 2049f5674b1e:  80% ▕██████████████    ▏ 7.2 GB/9.0 GB   21 MB/s   1m21s[K[?25h[?2026l[?2026h[?25l[A[1Gpulling manifest [K
pulling 2049f5674b1e:  80% ▕██████████████    ▏ 7.2 GB/9.0 GB   21 MB/s   1m21s[K[?25h[?2026l[?2026h[?25l[A[1Gpulling manifest [K
pulling 2049f5674b1e:  80% ▕██████████████    ▏ 7.2 GB/9.0 GB   23 MB/s   1m16s[K[?25h[?2026l[?2026h[?25l[A[1Gpulling manifest [K
pulling 2049f5674b1e:  80% ▕██████████████    ▏ 7.2 GB/9.0 GB   23 MB/s   1m16s[K[?25h[?2026l[?2026h[?25l[A[1Gpulling manifest [K
pulling 2049f5674b1e:  80% ▕██████████████    ▏ 7.2 GB/9.0 GB   23 MB/s   1m16s[K[?25h[?2026l[?2026h[?25l[A[1Gpulling manifest [K
pulling 2049f5674b1e:  80% ▕██████████████    ▏ 7.2 GB/9.0 GB   23 MB/s   1m16s[K[?25h[?2026l[?2026h[?25l[A[1Gpulling manifest [K
pulling 2049f5674b1e:  80% ▕██████████████    ▏ 7.2 GB/9.0 GB   23 MB/s   1m16s[K[?25h[?2026l[?2026h[?25l[A[1Gpulling manifest [K
pulling 2049f5674b1e:  80% ▕██████████████    ▏ 7.2 GB/9.0 GB   23 MB/s   1m16s[K[?25h[?2026l[?2026h[?25l[A[1Gpulling manifest [K
pulling 2049f5674b1e:  80% ▕██████████████    ▏ 7.2 GB/9.0 GB   23 MB/s   1m16s[K[?25h[?2026l[?2026h[?25l[A[1Gpulling manifest [K
pulling 2049f5674b1e:  80% ▕██████████████    ▏ 7.2 GB/9.0 GB   23 MB/s   1m16s[K[?25h[?2026l[?2026h[?25l[A[1Gpulling manifest [K
pulling 2049f5674b1e:  80% ▕██████████████    ▏ 7.2 GB/9.0 GB   23 MB/s   1m15s[K[?25h[?2026l[?2026h[?25l[A[1Gpulling manifest [K
pulling 2049f5674b1e:  80% ▕██████████████    ▏ 7.2 GB/9.0 GB   23 MB/s   1m15s[K[?25h[?2026l[?2026h[?25l[A[1Gpulling manifest [K
pulling 2049f5674b1e:  81% ▕██████████████    ▏ 7.2 GB/9.0 GB   23 MB/s   1m14s[K[?25h[?2026l[?2026h[?25l[A[1Gpulling manifest [K
pulling 2049f5674b1e:  81% ▕██████████████    ▏ 7.2 GB/9.0 GB   23 MB/s   1m14s[K[?25h[?2026l[?2026h[?25l[A[1Gpulling manifest [K
pulling 2049f5674b1e:  81% ▕██████████████    ▏ 7.2 GB/9.0 GB   23 MB/s   1m14s[K[?25h[?2026l[?2026h[?25l[A[1Gpulling manifest [K
pulling 2049f5674b1e:  81% ▕██████████████    ▏ 7.2 GB/9.0 GB   23 MB/s   1m14s[K[?25h[?2026l[?2026h[?25l[A[1Gpulling manifest [K
pulling 2049f5674b1e:  81% ▕██████████████    ▏ 7.2 GB/9.0 GB   23 MB/s   1m14s[K[?25h[?2026l[?2026h[?25l[A[1Gpulling manifest [K
pulling 2049f5674b1e:  81% ▕██████████████    ▏ 7.2 GB/9.0 GB   23 MB/s   1m13s[K[?25h[?2026l[?2026h[?25l[A[1Gpulling manifest [K
pulling 2049f5674b1e:  81% ▕██████████████    ▏ 7.2 GB/9.0 GB   23 MB/s   1m13s[K[?25h[?2026l[?2026h[?25l[A[1Gpulling manifest [K
pulling 2049f5674b1e:  81% ▕██████████████    ▏ 7.2 GB/9.0 GB   23 MB/s   1m13s[K[?25h[?2026l[?2026h[?25l[A[1Gpulling manifest [K
pulling 2049f5674b1e:  81% ▕██████████████    ▏ 7.3 GB/9.0 GB   23 MB/s   1m13s[K[?25h[?2026l[?2026h[?25l[A[1Gpulling manifest [K
pulling 2049f5674b1e:  81% ▕██████████████    ▏ 7.3 GB/9.0 GB   23 MB/s   1m13s[K[?25h[?2026l[?2026h[?25l[A[1Gpulling manifest [K
pulling 2049f5674b1e:  81% ▕██████████████    ▏ 7.3 GB/9.0 GB   22 MB/s   1m15s[K[?25h[?2026l[?2026h[?25l[A[1Gpulling manifest [K
pulling 2049f5674b1e:  81% ▕██████████████    ▏ 7.3 GB/9.0 GB   22 MB/s   1m15s[K[?25h[?2026l[?2026h[?25l[A[1Gpulling manifest [K
pulling 2049f5674b1e:  81% ▕██████████████    ▏ 7.3 GB/9.0 GB   22 MB/s   1m15s[K[?25h[?2026l[?2026h[?25l[A[1Gpulling manifest [K
pulling 2049f5674b1e:  81% ▕██████████████    ▏ 7.3 GB/9.0 GB   22 MB/s   1m15s[K[?25h[?2026l[?2026h[?25l[A[1Gpulling manifest [K
pulling 2049f5674b1e:  81% ▕██████████████    ▏ 7.3 GB/9.0 GB   22 MB/s   1m15s[K[?25h[?2026l[?2026h[?25l[A[1Gpulling manifest [K
pulling 2049f5674b1e:  81% ▕██████████████    ▏ 7.3 GB/9.0 GB   22 MB/s   1m14s[K[?25h[?2026l[?2026h[?25l[A[1Gpulling manifest [K
pulling 2049f5674b1e:  81% ▕██████████████    ▏ 7.3 GB/9.0 GB   22 MB/s   1m14s[K[?25h[?2026l[?2026h[?25l[A[1Gpulling manifest [K
pulling 2049f5674b1e:  81% ▕██████████████    ▏ 7.3 GB/9.0 GB   22 MB/s   1m14s[K[?25h[?2026l[?2026h[?25l[A[1Gpulling manifest [K
pulling 2049f5674b1e:  81% ▕██████████████    ▏ 7.3 GB/9.0 GB   22 MB/s   1m14s[K[?25h[?2026l[?2026h[?25l[A[1Gpulling manifest [K
pulling 2049f5674b1e:  81% ▕██████████████    ▏ 7.3 GB/9.0 GB   22 MB/s   1m14s[K[?25h[?2026l[?2026h[?25l[A[1Gpulling manifest [K
pulling 2049f5674b1e:  81% ▕██████████████    ▏ 7.3 GB/9.0 GB   22 MB/s   1m16s[K[?25h[?2026l[?2026h[?25l[A[1Gpulling manifest [K
pulling 2049f5674b1e:  81% ▕██████████████    ▏ 7.3 GB/9.0 GB   22 MB/s   1m16s[K[?25h[?2026l[?2026h[?25l[A[1Gpulling manifest [K
pulling 2049f5674b1e:  81% ▕██████████████    ▏ 7.3 GB/9.0 GB   22 MB/s   1m16s[K[?25h[?2026l[?2026h[?25l[A[1Gpulling manifest [K
pulling 2049f5674b1e:  81% ▕██████████████    ▏ 7.3 GB/9.0 GB   22 MB/s   1m15s[K[?25h[?2026l[?2026h[?25l[A[1Gpulling manifest [K
pulling 2049f5674b1e:  81% ▕██████████████    ▏ 7.3 GB/9.0 GB   22 MB/s   1m15s[K[?25h[?2026l[?2026h[?25l[A[1Gpulling manifest [K
pulling 2049f5674b1e:  81% ▕██████████████    ▏ 7.3 GB/9.0 GB   22 MB/s   1m15s[K[?25h[?2026l[?2026h[?25l[A[1Gpulling manifest [K
pulling 2049f5674b1e:  81% ▕██████████████    ▏ 7.3 GB/9.0 GB   22 MB/s   1m15s[K[?25h[?2026l[?2026h[?25l[A[1Gpulling manifest [K
pulling 2049f5674b1e:  81% ▕██████████████    ▏ 7.3 GB/9.0 GB   22 MB/s   1m15s[K[?25h[?2026l[?2026h[?25l[A[1Gpulling manifest [K
pulling 2049f5674b1e:  81% ▕██████████████    ▏ 7.3 GB/9.0 GB   22 MB/s   1m15s[K[?25h[?2026l[?2026h[?25l[A[1Gpulling manifest [K
pulling 2049f5674b1e:  81% ▕██████████████    ▏ 7.3 GB/9.0 GB   22 MB/s   1m14s[K[?25h[?2026l[?2026h[?25l[A[1Gpulling manifest [K
pulling 2049f5674b1e:  81% ▕██████████████    ▏ 7.3 GB/9.0 GB   23 MB/s   1m11s[K[?25h[?2026l[?2026h[?25l[A[1Gpulling manifest [K
pulling 2049f5674b1e:  81% ▕██████████████    ▏ 7.3 GB/9.0 GB   23 MB/s   1m11s[K[?25h[?2026l[?2026h[?25l[A[1Gpulling manifest [K
pulling 2049f5674b1e:  81% ▕██████████████    ▏ 7.3 GB/9.0 GB   23 MB/s   1m11s[K[?25h[?2026l[?2026h[?25l[A[1Gpulling manifest [K
pulling 2049f5674b1e:  81% ▕██████████████    ▏ 7.3 GB/9.0 GB   23 MB/s   1m11s[K[?25h[?2026l[?2026h[?25l[A[1Gpulling manifest [K
pulling 2049f5674b1e:  81% ▕██████████████    ▏ 7.3 GB/9.0 GB   23 MB/s   1m11s[K[?25h[?2026l[?2026h[?25l[A[1Gpulling manifest [K
pulling 2049f5674b1e:  81% ▕██████████████    ▏ 7.3 GB/9.0 GB   23 MB/s   1m11s[K[?25h[?2026l[?2026h[?25l[A[1Gpulling manifest [K
pulling 2049f5674b1e:  81% ▕██████████████    ▏ 7.3 GB/9.0 GB   23 MB/s   1m11s[K[?25h[?2026l[?2026h[?25l[A[1Gpulling manifest [K
pulling 2049f5674b1e:  81% ▕██████████████    ▏ 7.3 GB/9.0 GB   23 MB/s   1m11s[K[?25h[?2026l[?2026h[?25l[A[1Gpulling manifest [K
pulling 2049f5674b1e:  81% ▕██████████████    ▏ 7.3 GB/9.0 GB   23 MB/s   1m11s[K[?25h[?2026l[?2026h[?25l[A[1Gpulling manifest [K
pulling 2049f5674b1e:  81% ▕██████████████    ▏ 7.3 GB/9.0 GB   23 MB/s   1m11s[K[?25h[?2026l[?2026h[?25l[A[1Gpulling manifest [K
pulling 2049f5674b1e:  81% ▕██████████████    ▏ 7.3 GB/9.0 GB   23 MB/s   1m11s[K[?25h[?2026l[?2026h[?25l[A[1Gpulling manifest [K
pulling 2049f5674b1e:  81% ▕██████████████    ▏ 7.3 GB/9.0 GB   22 MB/s   1m12s[K[?25h[?2026l[?2026h[?25l[A[1Gpulling manifest [K
pulling 2049f5674b1e:  82% ▕██████████████    ▏ 7.3 GB/9.0 GB   22 MB/s   1m12s[K[?25h[?2026l[?2026h[?25l[A[1Gpulling manifest [K
pulling 2049f5674b1e:  82% ▕██████████████    ▏ 7.3 GB/9.0 GB   22 MB/s   1m12s[K[?25h[?2026l[?2026h[?25l[A[1Gpulling manifest [K
pulling 2049f5674b1e:  82% ▕██████████████    ▏ 7.3 GB/9.0 GB   22 MB/s   1m12s[K[?25h[?2026l[?2026h[?25l[A[1Gpulling manifest [K
pulling 2049f5674b1e:  82% ▕██████████████    ▏ 7.3 GB/9.0 GB   22 MB/s   1m12s[K[?25h[?2026l[?2026h[?25l[A[1Gpulling manifest [K
pulling 2049f5674b1e:  82% ▕██████████████    ▏ 7.3 GB/9.0 GB   22 MB/s   1m12s[K[?25h[?2026l[?2026h[?25l[A[1Gpulling manifest [K
pulling 2049f5674b1e:  82% ▕██████████████    ▏ 7.3 GB/9.0 GB   22 MB/s   1m12s[K[?25h[?2026l[?2026h[?25l[A[1Gpulling manifest [K
pulling 2049f5674b1e:  82% ▕██████████████    ▏ 7.3 GB/9.0 GB   22 MB/s   1m12s[K[?25h[?2026l[?2026h[?25l[A[1Gpulling manifest [K
pulling 2049f5674b1e:  82% ▕██████████████    ▏ 7.3 GB/9.0 GB   22 MB/s   1m11s[K[?25h[?2026l[?2026h[?25l[A[1Gpulling manifest [K
pulling 2049f5674b1e:  82% ▕██████████████    ▏ 7.3 GB/9.0 GB   22 MB/s   1m11s[K[?25h[?2026l[?2026h[?25l[A[1Gpulling manifest [K
pulling 2049f5674b1e:  82% ▕██████████████    ▏ 7.3 GB/9.0 GB   22 MB/s   1m12s[K[?25h[?2026l[?2026h[?25l[A[1Gpulling manifest [K
pulling 2049f5674b1e:  82% ▕██████████████    ▏ 7.3 GB/9.0 GB   22 MB/s   1m12s[K[?25h[?2026l[?2026h[?25l[A[1Gpulling manifest [K
pulling 2049f5674b1e:  82% ▕██████████████    ▏ 7.3 GB/9.0 GB   22 MB/s   1m12s[K[?25h[?2026l[?2026h[?25l[A[1Gpulling manifest [K
pulling 2049f5674b1e:  82% ▕██████████████    ▏ 7.3 GB/9.0 GB   22 MB/s   1m12s[K[?25h[?2026l[?2026h[?25l[A[1Gpulling manifest [K
pulling 2049f5674b1e:  82% ▕██████████████    ▏ 7.4 GB/9.0 GB   22 MB/s   1m12s[K[?25h[?2026l[?2026h[?25l[A[1Gpulling manifest [K
pulling 2049f5674b1e:  82% ▕██████████████    ▏ 7.4 GB/9.0 GB   22 MB/s   1m12s[K[?25h[?2026l[?2026h[?25l[A[1Gpulling manifest [K
pulling 2049f5674b1e:  82% ▕██████████████    ▏ 7.4 GB/9.0 GB   22 MB/s   1m12s[K[?25h[?2026l[?2026h[?25l[A[1Gpulling manifest [K
pulling 2049f5674b1e:  82% ▕██████████████    ▏ 7.4 GB/9.0 GB   22 MB/s   1m11s[K[?25h[?2026l[?2026h[?25l[A[1Gpulling manifest [K
pulling 2049f5674b1e:  82% ▕██████████████    ▏ 7.4 GB/9.0 GB   22 MB/s   1m11s[K[?25h[?2026l[?2026h[?25l[A[1Gpulling manifest [K
pulling 2049f5674b1e:  82% ▕██████████████    ▏ 7.4 GB/9.0 GB   22 MB/s   1m11s[K[?25h[?2026l[?2026h[?25l[A[1Gpulling manifest [K
pulling 2049f5674b1e:  82% ▕██████████████    ▏ 7.4 GB/9.0 GB   22 MB/s   1m12s[K[?25h[?2026l[?2026h[?25l[A[1Gpulling manifest [K
pulling 2049f5674b1e:  82% ▕██████████████    ▏ 7.4 GB/9.0 GB   22 MB/s   1m12s[K[?25h[?2026l[?2026h[?25l[A[1Gpulling manifest [K
pulling 2049f5674b1e:  82% ▕██████████████    ▏ 7.4 GB/9.0 GB   22 MB/s   1m11s[K[?25h[?2026l[?2026h[?25l[A[1Gpulling manifest [K
pulling 2049f5674b1e:  82% ▕██████████████    ▏ 7.4 GB/9.0 GB   22 MB/s   1m11s[K[?25h[?2026l[?2026h[?25l[A[1Gpulling manifest [K
pulling 2049f5674b1e:  82% ▕██████████████    ▏ 7.4 GB/9.0 GB   22 MB/s   1m11s[K[?25h[?2026l[?2026h[?25l[A[1Gpulling manifest [K
pulling 2049f5674b1e:  82% ▕██████████████    ▏ 7.4 GB/9.0 GB   22 MB/s   1m11s[K[?25h[?2026l[?2026h[?25l[A[1Gpulling manifest [K
pulling 2049f5674b1e:  82% ▕██████████████    ▏ 7.4 GB/9.0 GB   22 MB/s   1m11s[K[?25h[?2026l[?2026h[?25l[A[1Gpulling manifest [K
pulling 2049f5674b1e:  82% ▕██████████████    ▏ 7.4 GB/9.0 GB   22 MB/s   1m10s[K[?25h[?2026l[?2026h[?25l[A[1Gpulling manifest [K
pulling 2049f5674b1e:  82% ▕██████████████    ▏ 7.4 GB/9.0 GB   22 MB/s   1m10s[K[?25h[?2026l[?2026h[?25l[A[1Gpulling manifest [K
pulling 2049f5674b1e:  82% ▕██████████████    ▏ 7.4 GB/9.0 GB   22 MB/s   1m10s[K[?25h[?2026l[?2026h[?25l[A[1Gpulling manifest [K
pulling 2049f5674b1e:  82% ▕██████████████    ▏ 7.4 GB/9.0 GB   23 MB/s    1m6s[K[?25h[?2026l[?2026h[?25l[A[1Gpulling manifest [K
pulling 2049f5674b1e:  82% ▕██████████████    ▏ 7.4 GB/9.0 GB   23 MB/s    1m6s[K[?25h[?2026l[?2026h[?25l[A[1Gpulling manifest [K
pulling 2049f5674b1e:  82% ▕██████████████    ▏ 7.4 GB/9.0 GB   23 MB/s    1m6s[K[?25h[?2026l[?2026h[?25l[A[1Gpulling manifest [K
pulling 2049f5674b1e:  82% ▕██████████████    ▏ 7.4 GB/9.0 GB   23 MB/s    1m6s[K[?25h[?2026l[?2026h[?25l[A[1Gpulling manifest [K
pulling 2049f5674b1e:  82% ▕██████████████    ▏ 7.4 GB/9.0 GB   23 MB/s    1m6s[K[?25h[?2026l[?2026h[?25l[A[1Gpulling manifest [K
pulling 2049f5674b1e:  82% ▕██████████████    ▏ 7.4 GB/9.0 GB   23 MB/s    1m6s[K[?25h[?2026l[?2026h[?25l[A[1Gpulling manifest [K
pulling 2049f5674b1e:  82% ▕██████████████    ▏ 7.4 GB/9.0 GB   23 MB/s    1m6s[K[?25h[?2026l[?2026h[?25l[A[1Gpulling manifest [K
pulling 2049f5674b1e:  82% ▕██████████████    ▏ 7.4 GB/9.0 GB   23 MB/s    1m6s[K[?25h[?2026l[?2026h[?25l[A[1Gpulling manifest [K
pulling 2049f5674b1e:  82% ▕██████████████    ▏ 7.4 GB/9.0 GB   23 MB/s    1m6s[K[?25h[?2026l[?2026h[?25l[A[1Gpulling manifest [K
pulling 2049f5674b1e:  82% ▕██████████████    ▏ 7.4 GB/9.0 GB   23 MB/s    1m6s[K[?25h[?2026l[?2026h[?25l[A[1Gpulling manifest [K
pulling 2049f5674b1e:  83% ▕██████████████    ▏ 7.4 GB/9.0 GB   22 MB/s   1m10s[K[?25h[?2026l[?2026h[?25l[A[1Gpulling manifest [K
pulling 2049f5674b1e:  83% ▕██████████████    ▏ 7.4 GB/9.0 GB   22 MB/s   1m10s[K[?25h[?2026l[?2026h[?25l[A[1Gpulling manifest [K
pulling 2049f5674b1e:  83% ▕██████████████    ▏ 7.4 GB/9.0 GB   22 MB/s   1m10s[K[?25h[?2026l[?2026h[?25l[A[1Gpulling manifest [K
pulling 2049f5674b1e:  83% ▕██████████████    ▏ 7.4 GB/9.0 GB   22 MB/s   1m10s[K[?25h[?2026l[?2026h[?25l[A[1Gpulling manifest [K
pulling 2049f5674b1e:  83% ▕██████████████    ▏ 7.4 GB/9.0 GB   22 MB/s   1m10s[K[?25h[?2026l[?2026h[?25l[A[1Gpulling manifest [K
pulling 2049f5674b1e:  83% ▕██████████████    ▏ 7.4 GB/9.0 GB   22 MB/s    1m9s[K[?25h[?2026l[?2026h[?25l[A[1Gpulling manifest [K
pulling 2049f5674b1e:  83% ▕██████████████    ▏ 7.4 GB/9.0 GB   22 MB/s    1m9s[K[?25h[?2026l[?2026h[?25l[A[1Gpulling manifest [K
pulling 2049f5674b1e:  83% ▕██████████████    ▏ 7.4 GB/9.0 GB   22 MB/s    1m9s[K[?25h[?2026l[?2026h[?25l[A[1Gpulling manifest [K
pulling 2049f5674b1e:  83% ▕██████████████    ▏ 7.4 GB/9.0 GB   22 MB/s    1m9s[K[?25h[?2026l[?2026h[?25l[A[1Gpulling manifest [K
pulling 2049f5674b1e:  83% ▕██████████████    ▏ 7.4 GB/9.0 GB   22 MB/s    1m9s[K[?25h[?2026l[?2026h[?25l[A[1Gpulling manifest [K
pulling 2049f5674b1e:  83% ▕██████████████    ▏ 7.4 GB/9.0 GB   22 MB/s    1m9s[K[?25h[?2026l[?2026h[?25l[A[1Gpulling manifest [K
pulling 2049f5674b1e:  83% ▕██████████████    ▏ 7.4 GB/9.0 GB   23 MB/s    1m6s[K[?25h[?2026l[?2026h[?25l[A[1Gpulling manifest [K
pulling 2049f5674b1e:  83% ▕██████████████    ▏ 7.5 GB/9.0 GB   23 MB/s    1m6s[K[?25h[?2026l[?2026h[?25l[A[1Gpulling manifest [K
pulling 2049f5674b1e:  83% ▕██████████████    ▏ 7.5 GB/9.0 GB   23 MB/s    1m6s[K[?25h[?2026l[?2026h[?25l[A[1Gpulling manifest [K
pulling 2049f5674b1e:  83% ▕██████████████    ▏ 7.5 GB/9.0 GB   23 MB/s    1m6s[K[?25h[?2026l[?2026h[?25l[A[1Gpulling manifest [K
pulling 2049f5674b1e:  83% ▕██████████████    ▏ 7.5 GB/9.0 GB   23 MB/s    1m6s[K[?25h[?2026l[?2026h[?25l[A[1Gpulling manifest [K
pulling 2049f5674b1e:  83% ▕██████████████    ▏ 7.5 GB/9.0 GB   23 MB/s    1m6s[K[?25h[?2026l[?2026h[?25l[A[1Gpulling manifest [K
pulling 2049f5674b1e:  83% ▕██████████████    ▏ 7.5 GB/9.0 GB   23 MB/s    1m6s[K[?25h[?2026l[?2026h[?25l[A[1Gpulling manifest [K
pulling 2049f5674b1e:  83% ▕██████████████    ▏ 7.5 GB/9.0 GB   23 MB/s    1m5s[K[?25h[?2026l[?2026h[?25l[A[1Gpulling manifest [K
pulling 2049f5674b1e:  83% ▕██████████████    ▏ 7.5 GB/9.0 GB   23 MB/s    1m5s[K[?25h[?2026l[?2026h[?25l[A[1Gpulling manifest [K
pulling 2049f5674b1e:  83% ▕██████████████    ▏ 7.5 GB/9.0 GB   23 MB/s    1m5s[K[?25h[?2026l[?2026h[?25l[A[1Gpulling manifest [K
pulling 2049f5674b1e:  83% ▕██████████████    ▏ 7.5 GB/9.0 GB   23 MB/s    1m3s[K[?25h[?2026l[?2026h[?25l[A[1Gpulling manifest [K
pulling 2049f5674b1e:  83% ▕██████████████    ▏ 7.5 GB/9.0 GB   23 MB/s    1m3s[K[?25h[?2026l[?2026h[?25l[A[1Gpulling manifest [K
pulling 2049f5674b1e:  83% ▕██████████████    ▏ 7.5 GB/9.0 GB   23 MB/s    1m3s[K[?25h[?2026l[?2026h[?25l[A[1Gpulling manifest [K
pulling 2049f5674b1e:  83% ▕██████████████    ▏ 7.5 GB/9.0 GB   23 MB/s    1m2s[K[?25h[?2026l[?2026h[?25l[A[1Gpulling manifest [K
pulling 2049f5674b1e:  83% ▕██████████████    ▏ 7.5 GB/9.0 GB   23 MB/s    1m2s[K[?25h[?2026l[?2026h[?25l[A[1Gpulling manifest [K
pulling 2049f5674b1e:  83% ▕██████████████    ▏ 7.5 GB/9.0 GB   23 MB/s    1m2s[K[?25h[?2026l[?2026h[?25l[A[1Gpulling manifest [K
pulling 2049f5674b1e:  83% ▕██████████████    ▏ 7.5 GB/9.0 GB   23 MB/s    1m2s[K[?25h[?2026l[?2026h[?25l[A[1Gpulling manifest [K
pulling 2049f5674b1e:  83% ▕██████████████    ▏ 7.5 GB/9.0 GB   23 MB/s    1m2s[K[?25h[?2026l[?2026h[?25l[A[1Gpulling manifest [K
pulling 2049f5674b1e:  83% ▕███████████████   ▏ 7.5 GB/9.0 GB   23 MB/s    1m2s[K[?25h[?2026l[?2026h[?25l[A[1Gpulling manifest [K
pulling 2049f5674b1e:  83% ▕███████████████   ▏ 7.5 GB/9.0 GB   23 MB/s    1m2s[K[?25h[?2026l[?2026h[?25l[A[1Gpulling manifest [K
pulling 2049f5674b1e:  83% ▕███████████████   ▏ 7.5 GB/9.0 GB   23 MB/s    1m3s[K[?25h[?2026l[?2026h[?25l[A[1Gpulling manifest [K
pulling 2049f5674b1e:  83% ▕███████████████   ▏ 7.5 GB/9.0 GB   23 MB/s    1m3s[K[?25h[?2026l[?2026h[?25l[A[1Gpulling manifest [K
pulling 2049f5674b1e:  83% ▕███████████████   ▏ 7.5 GB/9.0 GB   23 MB/s    1m3s[K[?25h[?2026l[?2026h[?25l[A[1Gpulling manifest [K
pulling 2049f5674b1e:  83% ▕███████████████   ▏ 7.5 GB/9.0 GB   23 MB/s    1m3s[K[?25h[?2026l[?2026h[?25l[A[1Gpulling manifest [K
pulling 2049f5674b1e:  83% ▕███████████████   ▏ 7.5 GB/9.0 GB   23 MB/s    1m3s[K[?25h[?2026l[?2026h[?25l[A[1Gpulling manifest [K
pulling 2049f5674b1e:  83% ▕███████████████   ▏ 7.5 GB/9.0 GB   23 MB/s    1m3s[K[?25h[?2026l[?2026h[?25l[A[1Gpulling manifest [K
pulling 2049f5674b1e:  83% ▕███████████████   ▏ 7.5 GB/9.0 GB   23 MB/s    1m3s[K[?25h[?2026l[?2026h[?25l[A[1Gpulling manifest [K
pulling 2049f5674b1e:  83% ▕███████████████   ▏ 7.5 GB/9.0 GB   23 MB/s    1m3s[K[?25h[?2026l[?2026h[?25l[A[1Gpulling manifest [K
pulling 2049f5674b1e:  84% ▕███████████████   ▏ 7.5 GB/9.0 GB   23 MB/s    1m2s[K[?25h[?2026l[?2026h[?25l[A[1Gpulling manifest [K
pulling 2049f5674b1e:  84% ▕███████████████   ▏ 7.5 GB/9.0 GB   23 MB/s    1m2s[K[?25h[?2026l[?2026h[?25l[A[1Gpulling manifest [K
pulling 2049f5674b1e:  84% ▕███████████████   ▏ 7.5 GB/9.0 GB   21 MB/s    1m8s[K[?25h[?2026l[?2026h[?25l[A[1Gpulling manifest [K
pulling 2049f5674b1e:  84% ▕███████████████   ▏ 7.5 GB/9.0 GB   21 MB/s    1m8s[K[?25h[?2026l[?2026h[?25l[A[1Gpulling manifest [K
pulling 2049f5674b1e:  84% ▕███████████████   ▏ 7.5 GB/9.0 GB   21 MB/s    1m8s[K[?25h[?2026l[?2026h[?25l[A[1Gpulling manifest [K
pulling 2049f5674b1e:  84% ▕███████████████   ▏ 7.5 GB/9.0 GB   21 MB/s    1m7s[K[?25h[?2026l[?2026h[?25l[A[1Gpulling manifest [K
pulling 2049f5674b1e:  84% ▕███████████████   ▏ 7.5 GB/9.0 GB   21 MB/s    1m7s[K[?25h[?2026l[?2026h[?25l[A[1Gpulling manifest [K
pulling 2049f5674b1e:  84% ▕███████████████   ▏ 7.5 GB/9.0 GB   21 MB/s    1m7s[K[?25h[?2026l[?2026h[?25l[A[1Gpulling manifest [K
pulling 2049f5674b1e:  84% ▕███████████████   ▏ 7.5 GB/9.0 GB   21 MB/s    1m7s[K[?25h[?2026l[?2026h[?25l[A[1Gpulling manifest [K
pulling 2049f5674b1e:  84% ▕███████████████   ▏ 7.5 GB/9.0 GB   21 MB/s    1m7s[K[?25h[?2026l[?2026h[?25l[A[1Gpulling manifest [K
pulling 2049f5674b1e:  84% ▕███████████████   ▏ 7.5 GB/9.0 GB   21 MB/s    1m7s[K[?25h[?2026l[?2026h[?25l[A[1Gpulling manifest [K
pulling 2049f5674b1e:  84% ▕███████████████   ▏ 7.5 GB/9.0 GB   21 MB/s    1m7s[K[?25h[?2026l[?2026h[?25l[A[1Gpulling manifest [K
pulling 2049f5674b1e:  84% ▕███████████████   ▏ 7.5 GB/9.0 GB   23 MB/s    1m0s[K[?25h[?2026l[?2026h[?25l[A[1Gpulling manifest [K
pulling 2049f5674b1e:  84% ▕███████████████   ▏ 7.5 GB/9.0 GB   23 MB/s    1m0s[K[?25h[?2026l[?2026h[?25l[A[1Gpulling manifest [K
pulling 2049f5674b1e:  84% ▕███████████████   ▏ 7.5 GB/9.0 GB   23 MB/s    1m0s[K[?25h[?2026l[?2026h[?25l[A[1Gpulling manifest [K
pulling 2049f5674b1e:  84% ▕███████████████   ▏ 7.5 GB/9.0 GB   23 MB/s    1m0s[K[?25h[?2026l[?2026h[?25l[A[1Gpulling manifest [K
pulling 2049f5674b1e:  84% ▕███████████████   ▏ 7.5 GB/9.0 GB   23 MB/s    1m0s[K[?25h[?2026l[?2026h[?25l[A[1Gpulling manifest [K
pulling 2049f5674b1e:  84% ▕███████████████   ▏ 7.6 GB/9.0 GB   23 MB/s    1m0s[K[?25h[?2026l[?2026h[?25l[A[1Gpulling manifest [K
pulling 2049f5674b1e:  84% ▕███████████████   ▏ 7.6 GB/9.0 GB   23 MB/s    1m0s[K[?25h[?2026l[?2026h[?25l[A[1Gpulling manifest [K
pulling 2049f5674b1e:  84% ▕███████████████   ▏ 7.6 GB/9.0 GB   23 MB/s    1m0s[K[?25h[?2026l[?2026h[?25l[A[1Gpulling manifest [K
pulling 2049f5674b1e:  84% ▕███████████████   ▏ 7.6 GB/9.0 GB   23 MB/s    1m0s[K[?25h[?2026l[?2026h[?25l[A[1Gpulling manifest [K
pulling 2049f5674b1e:  84% ▕███████████████   ▏ 7.6 GB/9.0 GB   23 MB/s     59s[K[?25h[?2026l[?2026h[?25l[A[1Gpulling manifest [K
pulling 2049f5674b1e:  84% ▕███████████████   ▏ 7.6 GB/9.0 GB   23 MB/s     59s[K[?25h[?2026l[?2026h[?25l[A[1Gpulling manifest [K
pulling 2049f5674b1e:  84% ▕███████████████   ▏ 7.6 GB/9.0 GB   24 MB/s     57s[K[?25h[?2026l[?2026h[?25l[A[1Gpulling manifest [K
pulling 2049f5674b1e:  84% ▕███████████████   ▏ 7.6 GB/9.0 GB   24 MB/s     57s[K[?25h[?2026l[?2026h[?25l[A[1Gpulling manifest [K
pulling 2049f5674b1e:  84% ▕███████████████   ▏ 7.6 GB/9.0 GB   24 MB/s     57s[K[?25h[?2026l[?2026h[?25l[A[1Gpulling manifest [K
pulling 2049f5674b1e:  84% ▕███████████████   ▏ 7.6 GB/9.0 GB   24 MB/s     57s[K[?25h[?2026l[?2026h[?25l[A[1Gpulling manifest [K
pulling 2049f5674b1e:  84% ▕███████████████   ▏ 7.6 GB/9.0 GB   24 MB/s     57s[K[?25h[?2026l[?2026h[?25l[A[1Gpulling manifest [K
pulling 2049f5674b1e:  84% ▕███████████████   ▏ 7.6 GB/9.0 GB   24 MB/s     57s[K[?25h[?2026l[?2026h[?25l[A[1Gpulling manifest [K
pulling 2049f5674b1e:  84% ▕███████████████   ▏ 7.6 GB/9.0 GB   24 MB/s     57s[K[?25h[?2026l[?2026h[?25l[A[1Gpulling manifest [K
pulling 2049f5674b1e:  84% ▕███████████████   ▏ 7.6 GB/9.0 GB   24 MB/s     57s[K[?25h[?2026l[?2026h[?25l[A[1Gpulling manifest [K
pulling 2049f5674b1e:  84% ▕███████████████   ▏ 7.6 GB/9.0 GB   24 MB/s     57s[K[?25h[?2026l[?2026h[?25l[A[1Gpulling manifest [K
pulling 2049f5674b1e:  84% ▕███████████████   ▏ 7.6 GB/9.0 GB   24 MB/s     57s[K[?25h[?2026l[?2026h[?25l[A[1Gpulling manifest [K
pulling 2049f5674b1e:  84% ▕███████████████   ▏ 7.6 GB/9.0 GB   23 MB/s    1m0s[K[?25h[?2026l[?2026h[?25l[A[1Gpulling manifest [K
pulling 2049f5674b1e:  84% ▕███████████████   ▏ 7.6 GB/9.0 GB   23 MB/s    1m0s[K[?25h[?2026l[?2026h[?25l[A[1Gpulling manifest [K
pulling 2049f5674b1e:  84% ▕███████████████   ▏ 7.6 GB/9.0 GB   23 MB/s    1m0s[K[?25h[?2026l[?2026h[?25l[A[1Gpulling manifest [K
pulling 2049f5674b1e:  84% ▕███████████████   ▏ 7.6 GB/9.0 GB   23 MB/s    1m0s[K[?25h[?2026l[?2026h[?25l[A[1Gpulling manifest [K
pulling 2049f5674b1e:  84% ▕███████████████   ▏ 7.6 GB/9.0 GB   23 MB/s    1m0s[K[?25h[?2026l[?2026h[?25l[A[1Gpulling manifest [K
pulling 2049f5674b1e:  84% ▕███████████████   ▏ 7.6 GB/9.0 GB   23 MB/s    1m0s[K[?25h[?2026l[?2026h[?25l[A[1Gpulling manifest [K
pulling 2049f5674b1e:  84% ▕███████████████   ▏ 7.6 GB/9.0 GB   23 MB/s    1m0s[K[?25h[?2026l[?2026h[?25l[A[1Gpulling manifest [K
pulling 2049f5674b1e:  84% ▕███████████████   ▏ 7.6 GB/9.0 GB   23 MB/s     59s[K[?25h[?2026l[?2026h[?25l[A[1Gpulling manifest [K
pulling 2049f5674b1e:  84% ▕███████████████   ▏ 7.6 GB/9.0 GB   23 MB/s     59s[K[?25h[?2026l[?2026h[?25l[A[1Gpulling manifest [K
pulling 2049f5674b1e:  85% ▕███████████████   ▏ 7.6 GB/9.0 GB   23 MB/s     59s[K[?25h[?2026l[?2026h[?25l[A[1Gpulling manifest [K
pulling 2049f5674b1e:  85% ▕███████████████   ▏ 7.6 GB/9.0 GB   21 MB/s    1m4s[K[?25h[?2026l[?2026h[?25l[A[1Gpulling manifest [K
pulling 2049f5674b1e:  85% ▕███████████████   ▏ 7.6 GB/9.0 GB   21 MB/s    1m3s[K[?25h[?2026l[?2026h[?25l[A[1Gpulling manifest [K
pulling 2049f5674b1e:  85% ▕███████████████   ▏ 7.6 GB/9.0 GB   21 MB/s    1m3s[K[?25h[?2026l[?2026h[?25l[A[1Gpulling manifest [K
pulling 2049f5674b1e:  85% ▕███████████████   ▏ 7.6 GB/9.0 GB   21 MB/s    1m3s[K[?25h[?2026l[?2026h[?25l[A[1Gpulling manifest [K
pulling 2049f5674b1e:  85% ▕███████████████   ▏ 7.6 GB/9.0 GB   21 MB/s    1m3s[K[?25h[?2026l[?2026h[?25l[A[1Gpulling manifest [K
pulling 2049f5674b1e:  85% ▕███████████████   ▏ 7.6 GB/9.0 GB   21 MB/s    1m3s[K[?25h[?2026l[?2026h[?25l[A[1Gpulling manifest [K
pulling 2049f5674b1e:  85% ▕███████████████   ▏ 7.6 GB/9.0 GB   21 MB/s    1m3s[K[?25h[?2026l[?2026h[?25l[A[1Gpulling manifest [K
pulling 2049f5674b1e:  85% ▕███████████████   ▏ 7.6 GB/9.0 GB   21 MB/s    1m3s[K[?25h[?2026l[?2026h[?25l[A[1Gpulling manifest [K
pulling 2049f5674b1e:  85% ▕███████████████   ▏ 7.6 GB/9.0 GB   21 MB/s    1m3s[K[?25h[?2026l[?2026h[?25l[A[1Gpulling manifest [K
pulling 2049f5674b1e:  85% ▕███████████████   ▏ 7.6 GB/9.0 GB   21 MB/s    1m3s[K[?25h[?2026l[?2026h[?25l[A[1Gpulling manifest [K
pulling 2049f5674b1e:  85% ▕███████████████   ▏ 7.6 GB/9.0 GB   22 MB/s     59s[K[?25h[?2026l[?2026h[?25l[A[1Gpulling manifest [K
pulling 2049f5674b1e:  85% ▕███████████████   ▏ 7.6 GB/9.0 GB   22 MB/s     59s[K[?25h[?2026l[?2026h[?25l[A[1Gpulling manifest [K
pulling 2049f5674b1e:  85% ▕███████████████   ▏ 7.6 GB/9.0 GB   22 MB/s     59s[K[?25h[?2026l[?2026h[?25l[A[1Gpulling manifest [K
pulling 2049f5674b1e:  85% ▕███████████████   ▏ 7.6 GB/9.0 GB   22 MB/s     59s[K[?25h[?2026l[?2026h[?25l[A[1Gpulling manifest [K
pulling 2049f5674b1e:  85% ▕███████████████   ▏ 7.6 GB/9.0 GB   22 MB/s     59s[K[?25h[?2026l[?2026h[?25l[A[1Gpulling manifest [K
pulling 2049f5674b1e:  85% ▕███████████████   ▏ 7.6 GB/9.0 GB   22 MB/s     59s[K[?25h[?2026l[?2026h[?25l[A[1Gpulling manifest [K
pulling 2049f5674b1e:  85% ▕███████████████   ▏ 7.6 GB/9.0 GB   22 MB/s     59s[K[?25h[?2026l[?2026h[?25l[A[1Gpulling manifest [K
pulling 2049f5674b1e:  85% ▕███████████████   ▏ 7.6 GB/9.0 GB   22 MB/s     59s[K[?25h[?2026l[?2026h[?25l[A[1Gpulling manifest [K
pulling 2049f5674b1e:  85% ▕███████████████   ▏ 7.6 GB/9.0 GB   22 MB/s     58s[K[?25h[?2026l[?2026h[?25l[A[1Gpulling manifest [K
pulling 2049f5674b1e:  85% ▕███████████████   ▏ 7.6 GB/9.0 GB   22 MB/s     58s[K[?25h[?2026l[?2026h[?25l[A[1Gpulling manifest [K
pulling 2049f5674b1e:  85% ▕███████████████   ▏ 7.6 GB/9.0 GB   22 MB/s     59s[K[?25h[?2026l[?2026h[?25l[A[1Gpulling manifest [K
pulling 2049f5674b1e:  85% ▕███████████████   ▏ 7.6 GB/9.0 GB   22 MB/s     59s[K[?25h[?2026l[?2026h[?25l[A[1Gpulling manifest [K
pulling 2049f5674b1e:  85% ▕███████████████   ▏ 7.6 GB/9.0 GB   22 MB/s     59s[K[?25h[?2026l[?2026h[?25l[A[1Gpulling manifest [K
pulling 2049f5674b1e:  85% ▕███████████████   ▏ 7.6 GB/9.0 GB   22 MB/s     59s[K[?25h[?2026l[?2026h[?25l[A[1Gpulling manifest [K
pulling 2049f5674b1e:  85% ▕███████████████   ▏ 7.7 GB/9.0 GB   22 MB/s     59s[K[?25h[?2026l[?2026h[?25l[A[1Gpulling manifest [K
pulling 2049f5674b1e:  85% ▕███████████████   ▏ 7.7 GB/9.0 GB   22 MB/s     59s[K[?25h[?2026l[?2026h[?25l[A[1Gpulling manifest [K
pulling 2049f5674b1e:  85% ▕███████████████   ▏ 7.7 GB/9.0 GB   22 MB/s     59s[K[?25h[?2026l[?2026h[?25l[A[1Gpulling manifest [K
pulling 2049f5674b1e:  85% ▕███████████████   ▏ 7.7 GB/9.0 GB   22 MB/s     59s[K[?25h[?2026l[?2026h[?25l[A[1Gpulling manifest [K
pulling 2049f5674b1e:  85% ▕███████████████   ▏ 7.7 GB/9.0 GB   22 MB/s     59s[K[?25h[?2026l[?2026h[?25l[A[1Gpulling manifest [K
pulling 2049f5674b1e:  85% ▕███████████████   ▏ 7.7 GB/9.0 GB   22 MB/s     59s[K[?25h[?2026l[?2026h[?25l[A[1Gpulling manifest [K
pulling 2049f5674b1e:  85% ▕███████████████   ▏ 7.7 GB/9.0 GB   22 MB/s     59s[K[?25h[?2026l[?2026h[?25l[A[1Gpulling manifest [K
pulling 2049f5674b1e:  85% ▕███████████████   ▏ 7.7 GB/9.0 GB   20 MB/s    1m3s[K[?25h[?2026l[?2026h[?25l[A[1Gpulling manifest [K
pulling 2049f5674b1e:  85% ▕███████████████   ▏ 7.7 GB/9.0 GB   20 MB/s    1m2s[K[?25h[?2026l[?2026h[?25l[A[1Gpulling manifest [K
pulling 2049f5674b1e:  85% ▕███████████████   ▏ 7.7 GB/9.0 GB   20 MB/s    1m2s[K[?25h[?2026l[?2026h[?25l[A[1Gpulling manifest [K
pulling 2049f5674b1e:  85% ▕███████████████   ▏ 7.7 GB/9.0 GB   20 MB/s    1m2s[K[?25h[?2026l[?2026h[?25l[A[1Gpulling manifest [K
pulling 2049f5674b1e:  85% ▕███████████████   ▏ 7.7 GB/9.0 GB   20 MB/s    1m2s[K[?25h[?2026l[?2026h[?25l[A[1Gpulling manifest [K
pulling 2049f5674b1e:  85% ▕███████████████   ▏ 7.7 GB/9.0 GB   20 MB/s    1m2s[K[?25h[?2026l[?2026h[?25l[A[1Gpulling manifest [K
pulling 2049f5674b1e:  85% ▕███████████████   ▏ 7.7 GB/9.0 GB   20 MB/s    1m2s[K[?25h[?2026l[?2026h[?25l[A[1Gpulling manifest [K
pulling 2049f5674b1e:  85% ▕███████████████   ▏ 7.7 GB/9.0 GB   20 MB/s    1m2s[K[?25h[?2026l[?2026h[?25l[A[1Gpulling manifest [K
pulling 2049f5674b1e:  85% ▕███████████████   ▏ 7.7 GB/9.0 GB   20 MB/s    1m2s[K[?25h[?2026l[?2026h[?25l[A[1Gpulling manifest [K
pulling 2049f5674b1e:  86% ▕███████████████   ▏ 7.7 GB/9.0 GB   20 MB/s    1m1s[K[?25h[?2026l[?2026h[?25l[A[1Gpulling manifest [K
pulling 2049f5674b1e:  86% ▕███████████████   ▏ 7.7 GB/9.0 GB   21 MB/s    1m0s[K[?25h[?2026l[?2026h[?25l[A[1Gpulling manifest [K
pulling 2049f5674b1e:  86% ▕███████████████   ▏ 7.7 GB/9.0 GB   21 MB/s    1m0s[K[?25h[?2026l[?2026h[?25l[A[1Gpulling manifest [K
pulling 2049f5674b1e:  86% ▕███████████████   ▏ 7.7 GB/9.0 GB   21 MB/s    1m0s[K[?25h[?2026l[?2026h[?25l[A[1Gpulling manifest [K
pulling 2049f5674b1e:  86% ▕███████████████   ▏ 7.7 GB/9.0 GB   21 MB/s     59s[K[?25h[?2026l[?2026h[?25l[A[1Gpulling manifest [K
pulling 2049f5674b1e:  86% ▕███████████████   ▏ 7.7 GB/9.0 GB   21 MB/s     59s[K[?25h[?2026l[?2026h[?25l[A[1Gpulling manifest [K
pulling 2049f5674b1e:  86% ▕███████████████   ▏ 7.7 GB/9.0 GB   21 MB/s     59s[K[?25h[?2026l[?2026h[?25l[A[1Gpulling manifest [K
pulling 2049f5674b1e:  86% ▕███████████████   ▏ 7.7 GB/9.0 GB   21 MB/s     59s[K[?25h[?2026l[?2026h[?25l[A[1Gpulling manifest [K
pulling 2049f5674b1e:  86% ▕███████████████   ▏ 7.7 GB/9.0 GB   21 MB/s     59s[K[?25h[?2026l[?2026h[?25l[A[1Gpulling manifest [K
pulling 2049f5674b1e:  86% ▕███████████████   ▏ 7.7 GB/9.0 GB   21 MB/s     59s[K[?25h[?2026l[?2026h[?25l[A[1Gpulling manifest [K
pulling 2049f5674b1e:  86% ▕███████████████   ▏ 7.7 GB/9.0 GB   21 MB/s     58s[K[?25h[?2026l[?2026h[?25l[A[1Gpulling manifest [K
pulling 2049f5674b1e:  86% ▕███████████████   ▏ 7.7 GB/9.0 GB   22 MB/s     55s[K[?25h[?2026l[?2026h[?25l[A[1Gpulling manifest [K
pulling 2049f5674b1e:  86% ▕███████████████   ▏ 7.7 GB/9.0 GB   22 MB/s     55s[K[?25h[?2026l[?2026h[?25l[A[1Gpulling manifest [K
pulling 2049f5674b1e:  86% ▕███████████████   ▏ 7.7 GB/9.0 GB   22 MB/s     55s[K[?25h[?2026l[?2026h[?25l[A[1Gpulling manifest [K
pulling 2049f5674b1e:  86% ▕███████████████   ▏ 7.7 GB/9.0 GB   22 MB/s     55s[K[?25h[?2026l[?2026h[?25l[A[1Gpulling manifest [K
pulling 2049f5674b1e:  86% ▕███████████████   ▏ 7.7 GB/9.0 GB   22 MB/s     55s[K[?25h[?2026l[?2026h[?25l[A[1Gpulling manifest [K
pulling 2049f5674b1e:  86% ▕███████████████   ▏ 7.7 GB/9.0 GB   22 MB/s     55s[K[?25h[?2026l[?2026h[?25l[A[1Gpulling manifest [K
pulling 2049f5674b1e:  86% ▕███████████████   ▏ 7.7 GB/9.0 GB   22 MB/s     55s[K[?25h[?2026l[?2026h[?25l[A[1Gpulling manifest [K
pulling 2049f5674b1e:  86% ▕███████████████   ▏ 7.7 GB/9.0 GB   22 MB/s     54s[K[?25h[?2026l[?2026h[?25l[A[1Gpulling manifest [K
pulling 2049f5674b1e:  86% ▕███████████████   ▏ 7.7 GB/9.0 GB   22 MB/s     54s[K[?25h[?2026l[?2026h[?25l[A[1Gpulling manifest [K
pulling 2049f5674b1e:  86% ▕███████████████   ▏ 7.7 GB/9.0 GB   22 MB/s     54s[K[?25h[?2026l[?2026h[?25l[A[1Gpulling manifest [K
pulling 2049f5674b1e:  86% ▕███████████████   ▏ 7.7 GB/9.0 GB   22 MB/s     56s[K[?25h[?2026l[?2026h[?25l[A[1Gpulling manifest [K
pulling 2049f5674b1e:  86% ▕███████████████   ▏ 7.7 GB/9.0 GB   22 MB/s     56s[K[?25h[?2026l[?2026h[?25l[A[1Gpulling manifest [K
pulling 2049f5674b1e:  86% ▕███████████████   ▏ 7.7 GB/9.0 GB   22 MB/s     56s[K[?25h[?2026l[?2026h[?25l[A[1Gpulling manifest [K
pulling 2049f5674b1e:  86% ▕███████████████   ▏ 7.7 GB/9.0 GB   22 MB/s     56s[K[?25h[?2026l[?2026h[?25l[A[1Gpulling manifest [K
pulling 2049f5674b1e:  86% ▕███████████████   ▏ 7.7 GB/9.0 GB   22 MB/s     55s[K[?25h[?2026l[?2026h[?25l[A[1Gpulling manifest [K
pulling 2049f5674b1e:  86% ▕███████████████   ▏ 7.7 GB/9.0 GB   22 MB/s     55s[K[?25h[?2026l[?2026h[?25l[A[1Gpulling manifest [K
pulling 2049f5674b1e:  86% ▕███████████████   ▏ 7.8 GB/9.0 GB   22 MB/s     55s[K[?25h[?2026l[?2026h[?25l[A[1Gpulling manifest [K
pulling 2049f5674b1e:  86% ▕███████████████   ▏ 7.8 GB/9.0 GB   22 MB/s     55s[K[?25h[?2026l[?2026h[?25l[A[1Gpulling manifest [K
pulling 2049f5674b1e:  86% ▕███████████████   ▏ 7.8 GB/9.0 GB   22 MB/s     55s[K[?25h[?2026l[?2026h[?25l[A[1Gpulling manifest [K
pulling 2049f5674b1e:  86% ▕███████████████   ▏ 7.8 GB/9.0 GB   22 MB/s     55s[K[?25h[?2026l[?2026h[?25l[A[1Gpulling manifest [K
pulling 2049f5674b1e:  86% ▕███████████████   ▏ 7.8 GB/9.0 GB   22 MB/s     55s[K[?25h[?2026l[?2026h[?25l[A[1Gpulling manifest [K
pulling 2049f5674b1e:  86% ▕███████████████   ▏ 7.8 GB/9.0 GB   22 MB/s     55s[K[?25h[?2026l[?2026h[?25l[A[1Gpulling manifest [K
pulling 2049f5674b1e:  86% ▕███████████████   ▏ 7.8 GB/9.0 GB   22 MB/s     55s[K[?25h[?2026l[?2026h[?25l[A[1Gpulling manifest [K
pulling 2049f5674b1e:  86% ▕███████████████   ▏ 7.8 GB/9.0 GB   22 MB/s     55s[K[?25h[?2026l[?2026h[?25l[A[1Gpulling manifest [K
pulling 2049f5674b1e:  87% ▕███████████████   ▏ 7.8 GB/9.0 GB   22 MB/s     54s[K[?25h[?2026l[?2026h[?25l[A[1Gpulling manifest [K
pulling 2049f5674b1e:  87% ▕███████████████   ▏ 7.8 GB/9.0 GB   22 MB/s     54s[K[?25h[?2026l[?2026h[?25l[A[1Gpulling manifest [K
pulling 2049f5674b1e:  87% ▕███████████████   ▏ 7.8 GB/9.0 GB   22 MB/s     54s[K[?25h[?2026l[?2026h[?25l[A[1Gpulling manifest [K
pulling 2049f5674b1e:  87% ▕███████████████   ▏ 7.8 GB/9.0 GB   22 MB/s     54s[K[?25h[?2026l[?2026h[?25l[A[1Gpulling manifest [K
pulling 2049f5674b1e:  87% ▕███████████████   ▏ 7.8 GB/9.0 GB   22 MB/s     54s[K[?25h[?2026l[?2026h[?25l[A[1Gpulling manifest [K
pulling 2049f5674b1e:  87% ▕███████████████   ▏ 7.8 GB/9.0 GB   22 MB/s     54s[K[?25h[?2026l[?2026h[?25l[A[1Gpulling manifest [K
pulling 2049f5674b1e:  87% ▕███████████████   ▏ 7.8 GB/9.0 GB   22 MB/s     54s[K[?25h[?2026l[?2026h[?25l[A[1Gpulling manifest [K
pulling 2049f5674b1e:  87% ▕███████████████   ▏ 7.8 GB/9.0 GB   23 MB/s     52s[K[?25h[?2026l[?2026h[?25l[A[1Gpulling manifest [K
pulling 2049f5674b1e:  87% ▕███████████████   ▏ 7.8 GB/9.0 GB   23 MB/s     52s[K[?25h[?2026l[?2026h[?25l[A[1Gpulling manifest [K
pulling 2049f5674b1e:  87% ▕███████████████   ▏ 7.8 GB/9.0 GB   23 MB/s     52s[K[?25h[?2026l[?2026h[?25l[A[1Gpulling manifest [K
pulling 2049f5674b1e:  87% ▕███████████████   ▏ 7.8 GB/9.0 GB   23 MB/s     51s[K[?25h[?2026l[?2026h[?25l[A[1Gpulling manifest [K
pulling 2049f5674b1e:  87% ▕███████████████   ▏ 7.8 GB/9.0 GB   23 MB/s     51s[K[?25h[?2026l[?2026h[?25l[A[1Gpulling manifest [K
pulling 2049f5674b1e:  87% ▕███████████████   ▏ 7.8 GB/9.0 GB   23 MB/s     51s[K[?25h[?2026l[?2026h[?25l[A[1Gpulling manifest [K
pulling 2049f5674b1e:  87% ▕███████████████   ▏ 7.8 GB/9.0 GB   23 MB/s     51s[K[?25h[?2026l[?2026h[?25l[A[1Gpulling manifest [K
pulling 2049f5674b1e:  87% ▕███████████████   ▏ 7.8 GB/9.0 GB   23 MB/s     51s[K[?25h[?2026l[?2026h[?25l[A[1Gpulling manifest [K
pulling 2049f5674b1e:  87% ▕███████████████   ▏ 7.8 GB/9.0 GB   23 MB/s     51s[K[?25h[?2026l[?2026h[?25l[A[1Gpulling manifest [K
pulling 2049f5674b1e:  87% ▕███████████████   ▏ 7.8 GB/9.0 GB   23 MB/s     51s[K[?25h[?2026l[?2026h[?25l[A[1Gpulling manifest [K
pulling 2049f5674b1e:  87% ▕███████████████   ▏ 7.8 GB/9.0 GB   23 MB/s     50s[K[?25h[?2026l[?2026h[?25l[A[1Gpulling manifest [K
pulling 2049f5674b1e:  87% ▕███████████████   ▏ 7.8 GB/9.0 GB   23 MB/s     50s[K[?25h[?2026l[?2026h[?25l[A[1Gpulling manifest [K
pulling 2049f5674b1e:  87% ▕███████████████   ▏ 7.8 GB/9.0 GB   23 MB/s     50s[K[?25h[?2026l[?2026h[?25l[A[1Gpulling manifest [K
pulling 2049f5674b1e:  87% ▕███████████████   ▏ 7.8 GB/9.0 GB   23 MB/s     50s[K[?25h[?2026l[?2026h[?25l[A[1Gpulling manifest [K
pulling 2049f5674b1e:  87% ▕███████████████   ▏ 7.8 GB/9.0 GB   23 MB/s     50s[K[?25h[?2026l[?2026h[?25l[A[1Gpulling manifest [K
pulling 2049f5674b1e:  87% ▕███████████████   ▏ 7.8 GB/9.0 GB   23 MB/s     50s[K[?25h[?2026l[?2026h[?25l[A[1Gpulling manifest [K
pulling 2049f5674b1e:  87% ▕███████████████   ▏ 7.8 GB/9.0 GB   23 MB/s     50s[K[?25h[?2026l[?2026h[?25l[A[1Gpulling manifest [K
pulling 2049f5674b1e:  87% ▕███████████████   ▏ 7.8 GB/9.0 GB   23 MB/s     50s[K[?25h[?2026l[?2026h[?25l[A[1Gpulling manifest [K
pulling 2049f5674b1e:  87% ▕███████████████   ▏ 7.8 GB/9.0 GB   23 MB/s     50s[K[?25h[?2026l[?2026h[?25l[A[1Gpulling manifest [K
pulling 2049f5674b1e:  87% ▕███████████████   ▏ 7.8 GB/9.0 GB   23 MB/s     49s[K[?25h[?2026l[?2026h[?25l[A[1Gpulling manifest [K
pulling 2049f5674b1e:  87% ▕███████████████   ▏ 7.8 GB/9.0 GB   22 MB/s     51s[K[?25h[?2026l[?2026h[?25l[A[1Gpulling manifest [K
pulling 2049f5674b1e:  87% ▕███████████████   ▏ 7.8 GB/9.0 GB   22 MB/s     51s[K[?25h[?2026l[?2026h[?25l[A[1Gpulling manifest [K
pulling 2049f5674b1e:  87% ▕███████████████   ▏ 7.8 GB/9.0 GB   22 MB/s     51s[K[?25h[?2026l[?2026h[?25l[A[1Gpulling manifest [K
pulling 2049f5674b1e:  87% ▕███████████████   ▏ 7.8 GB/9.0 GB   22 MB/s     51s[K[?25h[?2026l[?2026h[?25l[A[1Gpulling manifest [K
pulling 2049f5674b1e:  87% ▕███████████████   ▏ 7.8 GB/9.0 GB   22 MB/s     51s[K[?25h[?2026l[?2026h[?25l[A[1Gpulling manifest [K
pulling 2049f5674b1e:  87% ▕███████████████   ▏ 7.8 GB/9.0 GB   22 MB/s     51s[K[?25h[?2026l[?2026h[?25l[A[1Gpulling manifest [K
pulling 2049f5674b1e:  87% ▕███████████████   ▏ 7.8 GB/9.0 GB   22 MB/s     51s[K[?25h[?2026l[?2026h[?25l[A[1Gpulling manifest [K
pulling 2049f5674b1e:  87% ▕███████████████   ▏ 7.8 GB/9.0 GB   22 MB/s     50s[K[?25h[?2026l[?2026h[?25l[A[1Gpulling manifest [K
pulling 2049f5674b1e:  87% ▕███████████████   ▏ 7.8 GB/9.0 GB   22 MB/s     50s[K[?25h[?2026l[?2026h[?25l[A[1Gpulling manifest [K
pulling 2049f5674b1e:  87% ▕███████████████   ▏ 7.8 GB/9.0 GB   22 MB/s     50s[K[?25h[?2026l[?2026h[?25l[A[1Gpulling manifest [K
pulling 2049f5674b1e:  87% ▕███████████████   ▏ 7.9 GB/9.0 GB   23 MB/s     47s[K[?25h[?2026l[?2026h[?25l[A[1Gpulling manifest [K
pulling 2049f5674b1e:  87% ▕███████████████   ▏ 7.9 GB/9.0 GB   23 MB/s     47s[K[?25h[?2026l[?2026h[?25l[A[1Gpulling manifest [K
pulling 2049f5674b1e:  87% ▕███████████████   ▏ 7.9 GB/9.0 GB   23 MB/s     47s[K[?25h[?2026l[?2026h[?25l[A[1Gpulling manifest [K
pulling 2049f5674b1e:  88% ▕███████████████   ▏ 7.9 GB/9.0 GB   23 MB/s     47s[K[?25h[?2026l[?2026h[?25l[A[1Gpulling manifest [K
pulling 2049f5674b1e:  88% ▕███████████████   ▏ 7.9 GB/9.0 GB   23 MB/s     47s[K[?25h[?2026l[?2026h[?25l[A[1Gpulling manifest [K
pulling 2049f5674b1e:  88% ▕███████████████   ▏ 7.9 GB/9.0 GB   23 MB/s     47s[K[?25h[?2026l[?2026h[?25l[A[1Gpulling manifest [K
pulling 2049f5674b1e:  88% ▕███████████████   ▏ 7.9 GB/9.0 GB   23 MB/s     47s[K[?25h[?2026l[?2026h[?25l[A[1Gpulling manifest [K
pulling 2049f5674b1e:  88% ▕███████████████   ▏ 7.9 GB/9.0 GB   23 MB/s     46s[K[?25h[?2026l[?2026h[?25l[A[1Gpulling manifest [K
pulling 2049f5674b1e:  88% ▕███████████████   ▏ 7.9 GB/9.0 GB   23 MB/s     46s[K[?25h[?2026l[?2026h[?25l[A[1Gpulling manifest [K
pulling 2049f5674b1e:  88% ▕███████████████   ▏ 7.9 GB/9.0 GB   23 MB/s     46s[K[?25h[?2026l[?2026h[?25l[A[1Gpulling manifest [K
pulling 2049f5674b1e:  88% ▕███████████████   ▏ 7.9 GB/9.0 GB   24 MB/s     44s[K[?25h[?2026l[?2026h[?25l[A[1Gpulling manifest [K
pulling 2049f5674b1e:  88% ▕███████████████   ▏ 7.9 GB/9.0 GB   24 MB/s     44s[K[?25h[?2026l[?2026h[?25l[A[1Gpulling manifest [K
pulling 2049f5674b1e:  88% ▕███████████████   ▏ 7.9 GB/9.0 GB   24 MB/s     44s[K[?25h[?2026l[?2026h[?25l[A[1Gpulling manifest [K
pulling 2049f5674b1e:  88% ▕███████████████   ▏ 7.9 GB/9.0 GB   24 MB/s     44s[K[?25h[?2026l[?2026h[?25l[A[1Gpulling manifest [K
pulling 2049f5674b1e:  88% ▕███████████████   ▏ 7.9 GB/9.0 GB   24 MB/s     44s[K[?25h[?2026l[?2026h[?25l[A[1Gpulling manifest [K
pulling 2049f5674b1e:  88% ▕███████████████   ▏ 7.9 GB/9.0 GB   24 MB/s     44s[K[?25h[?2026l[?2026h[?25l[A[1Gpulling manifest [K
pulling 2049f5674b1e:  88% ▕███████████████   ▏ 7.9 GB/9.0 GB   24 MB/s     44s[K[?25h[?2026l[?2026h[?25l[A[1Gpulling manifest [K
pulling 2049f5674b1e:  88% ▕███████████████   ▏ 7.9 GB/9.0 GB   24 MB/s     44s[K[?25h[?2026l[?2026h[?25l[A[1Gpulling manifest [K
pulling 2049f5674b1e:  88% ▕███████████████   ▏ 7.9 GB/9.0 GB   24 MB/s     44s[K[?25h[?2026l[?2026h[?25l[A[1Gpulling manifest [K
pulling 2049f5674b1e:  88% ▕███████████████   ▏ 7.9 GB/9.0 GB   24 MB/s     44s[K[?25h[?2026l[?2026h[?25l[A[1Gpulling manifest [K
pulling 2049f5674b1e:  88% ▕███████████████   ▏ 7.9 GB/9.0 GB   24 MB/s     44s[K[?25h[?2026l[?2026h[?25l[A[1Gpulling manifest [K
pulling 2049f5674b1e:  88% ▕███████████████   ▏ 7.9 GB/9.0 GB   23 MB/s     46s[K[?25h[?2026l[?2026h[?25l[A[1Gpulling manifest [K
pulling 2049f5674b1e:  88% ▕███████████████   ▏ 7.9 GB/9.0 GB   23 MB/s     46s[K[?25h[?2026l[?2026h[?25l[A[1Gpulling manifest [K
pulling 2049f5674b1e:  88% ▕███████████████   ▏ 7.9 GB/9.0 GB   23 MB/s     46s[K[?25h[?2026l[?2026h[?25l[A[1Gpulling manifest [K
pulling 2049f5674b1e:  88% ▕███████████████   ▏ 7.9 GB/9.0 GB   23 MB/s     46s[K[?25h[?2026l[?2026h[?25l[A[1Gpulling manifest [K
pulling 2049f5674b1e:  88% ▕███████████████   ▏ 7.9 GB/9.0 GB   23 MB/s     46s[K[?25h[?2026l[?2026h[?25l[A[1Gpulling manifest [K
pulling 2049f5674b1e:  88% ▕███████████████   ▏ 7.9 GB/9.0 GB   23 MB/s     46s[K[?25h[?2026l[?2026h[?25l[A[1Gpulling manifest [K
pulling 2049f5674b1e:  88% ▕███████████████   ▏ 7.9 GB/9.0 GB   23 MB/s     46s[K[?25h[?2026l[?2026h[?25l[A[1Gpulling manifest [K
pulling 2049f5674b1e:  88% ▕███████████████   ▏ 7.9 GB/9.0 GB   23 MB/s     46s[K[?25h[?2026l[?2026h[?25l[A[1Gpulling manifest [K
pulling 2049f5674b1e:  88% ▕███████████████   ▏ 7.9 GB/9.0 GB   23 MB/s     45s[K[?25h[?2026l[?2026h[?25l[A[1Gpulling manifest [K
pulling 2049f5674b1e:  88% ▕███████████████   ▏ 7.9 GB/9.0 GB   23 MB/s     45s[K[?25h[?2026l[?2026h[?25l[A[1Gpulling manifest [K
pulling 2049f5674b1e:  88% ▕███████████████   ▏ 7.9 GB/9.0 GB   22 MB/s     47s[K[?25h[?2026l[?2026h[?25l[A[1Gpulling manifest [K
pulling 2049f5674b1e:  88% ▕███████████████   ▏ 7.9 GB/9.0 GB   22 MB/s     47s[K[?25h[?2026l[?2026h[?25l[A[1Gpulling manifest [K
pulling 2049f5674b1e:  88% ▕███████████████   ▏ 7.9 GB/9.0 GB   22 MB/s     47s[K[?25h[?2026l[?2026h[?25l[A[1Gpulling manifest [K
pulling 2049f5674b1e:  88% ▕███████████████   ▏ 7.9 GB/9.0 GB   22 MB/s     47s[K[?25h[?2026l[?2026h[?25l[A[1Gpulling manifest [K
pulling 2049f5674b1e:  88% ▕███████████████   ▏ 7.9 GB/9.0 GB   22 MB/s     46s[K[?25h[?2026l[?2026h[?25l[A[1Gpulling manifest [K
pulling 2049f5674b1e:  88% ▕███████████████   ▏ 7.9 GB/9.0 GB   22 MB/s     46s[K[?25h[?2026l[?2026h[?25l[A[1Gpulling manifest [K
pulling 2049f5674b1e:  88% ▕███████████████   ▏ 7.9 GB/9.0 GB   22 MB/s     46s[K[?25h[?2026l[?2026h[?25l[A[1Gpulling manifest [K
pulling 2049f5674b1e:  88% ▕███████████████   ▏ 7.9 GB/9.0 GB   22 MB/s     46s[K[?25h[?2026l[?2026h[?25l[A[1Gpulling manifest [K
pulling 2049f5674b1e:  88% ▕███████████████   ▏ 7.9 GB/9.0 GB   22 MB/s     46s[K[?25h[?2026l[?2026h[?25l[A[1Gpulling manifest [K
pulling 2049f5674b1e:  88% ▕███████████████   ▏ 7.9 GB/9.0 GB   22 MB/s     46s[K[?25h[?2026l[?2026h[?25l[A[1Gpulling manifest [K
pulling 2049f5674b1e:  88% ▕███████████████   ▏ 7.9 GB/9.0 GB   23 MB/s     45s[K[?25h[?2026l[?2026h[?25l[A[1Gpulling manifest [K
pulling 2049f5674b1e:  88% ▕███████████████   ▏ 7.9 GB/9.0 GB   23 MB/s     44s[K[?25h[?2026l[?2026h[?25l[A[1Gpulling manifest [K
pulling 2049f5674b1e:  89% ▕███████████████   ▏ 8.0 GB/9.0 GB   23 MB/s     44s[K[?25h[?2026l[?2026h[?25l[A[1Gpulling manifest [K
pulling 2049f5674b1e:  89% ▕███████████████   ▏ 8.0 GB/9.0 GB   23 MB/s     44s[K[?25h[?2026l[?2026h[?25l[A[1Gpulling manifest [K
pulling 2049f5674b1e:  89% ▕███████████████   ▏ 8.0 GB/9.0 GB   23 MB/s     44s[K[?25h[?2026l[?2026h[?25l[A[1Gpulling manifest [K
pulling 2049f5674b1e:  89% ▕███████████████   ▏ 8.0 GB/9.0 GB   23 MB/s     44s[K[?25h[?2026l[?2026h[?25l[A[1Gpulling manifest [K
pulling 2049f5674b1e:  89% ▕███████████████   ▏ 8.0 GB/9.0 GB   23 MB/s     44s[K[?25h[?2026l[?2026h[?25l[A[1Gpulling manifest [K
pulling 2049f5674b1e:  89% ▕███████████████   ▏ 8.0 GB/9.0 GB   23 MB/s     44s[K[?25h[?2026l[?2026h[?25l[A[1Gpulling manifest [K
pulling 2049f5674b1e:  89% ▕███████████████   ▏ 8.0 GB/9.0 GB   23 MB/s     43s[K[?25h[?2026l[?2026h[?25l[A[1Gpulling manifest [K
pulling 2049f5674b1e:  89% ▕███████████████   ▏ 8.0 GB/9.0 GB   23 MB/s     43s[K[?25h[?2026l[?2026h[?25l[A[1Gpulling manifest [K
pulling 2049f5674b1e:  89% ▕███████████████   ▏ 8.0 GB/9.0 GB   24 MB/s     41s[K[?25h[?2026l[?2026h[?25l[A[1Gpulling manifest [K
pulling 2049f5674b1e:  89% ▕███████████████   ▏ 8.0 GB/9.0 GB   24 MB/s     41s[K[?25h[?2026l[?2026h[?25l[A[1Gpulling manifest [K
pulling 2049f5674b1e:  89% ▕███████████████   ▏ 8.0 GB/9.0 GB   24 MB/s     41s[K[?25h[?2026l[?2026h[?25l[A[1Gpulling manifest [K
pulling 2049f5674b1e:  89% ▕███████████████   ▏ 8.0 GB/9.0 GB   24 MB/s     41s[K[?25h[?2026l[?2026h[?25l[A[1Gpulling manifest [K
pulling 2049f5674b1e:  89% ▕███████████████   ▏ 8.0 GB/9.0 GB   24 MB/s     41s[K[?25h[?2026l[?2026h[?25l[A[1Gpulling manifest [K
pulling 2049f5674b1e:  89% ▕███████████████   ▏ 8.0 GB/9.0 GB   24 MB/s     41s[K[?25h[?2026l[?2026h[?25l[A[1Gpulling manifest [K
pulling 2049f5674b1e:  89% ▕███████████████   ▏ 8.0 GB/9.0 GB   24 MB/s     41s[K[?25h[?2026l[?2026h[?25l[A[1Gpulling manifest [K
pulling 2049f5674b1e:  89% ▕███████████████   ▏ 8.0 GB/9.0 GB   24 MB/s     41s[K[?25h[?2026l[?2026h[?25l[A[1Gpulling manifest [K
pulling 2049f5674b1e:  89% ▕████████████████  ▏ 8.0 GB/9.0 GB   24 MB/s     41s[K[?25h[?2026l[?2026h[?25l[A[1Gpulling manifest [K
pulling 2049f5674b1e:  89% ▕████████████████  ▏ 8.0 GB/9.0 GB   24 MB/s     41s[K[?25h[?2026l[?2026h[?25l[A[1Gpulling manifest [K
pulling 2049f5674b1e:  89% ▕████████████████  ▏ 8.0 GB/9.0 GB   23 MB/s     42s[K[?25h[?2026l[?2026h[?25l[A[1Gpulling manifest [K
pulling 2049f5674b1e:  89% ▕████████████████  ▏ 8.0 GB/9.0 GB   23 MB/s     42s[K[?25h[?2026l[?2026h[?25l[A[1Gpulling manifest [K
pulling 2049f5674b1e:  89% ▕████████████████  ▏ 8.0 GB/9.0 GB   23 MB/s     42s[K[?25h[?2026l[?2026h[?25l[A[1Gpulling manifest [K
pulling 2049f5674b1e:  89% ▕████████████████  ▏ 8.0 GB/9.0 GB   23 MB/s     42s[K[?25h[?2026l[?2026h[?25l[A[1Gpulling manifest [K
pulling 2049f5674b1e:  89% ▕████████████████  ▏ 8.0 GB/9.0 GB   23 MB/s     42s[K[?25h[?2026l[?2026h[?25l[A[1Gpulling manifest [K
pulling 2049f5674b1e:  89% ▕████████████████  ▏ 8.0 GB/9.0 GB   23 MB/s     42s[K[?25h[?2026l[?2026h[?25l[A[1Gpulling manifest [K
pulling 2049f5674b1e:  89% ▕████████████████  ▏ 8.0 GB/9.0 GB   23 MB/s     41s[K[?25h[?2026l[?2026h[?25l[A[1Gpulling manifest [K
pulling 2049f5674b1e:  89% ▕████████████████  ▏ 8.0 GB/9.0 GB   23 MB/s     41s[K[?25h[?2026l[?2026h[?25l[A[1Gpulling manifest [K
pulling 2049f5674b1e:  89% ▕████████████████  ▏ 8.0 GB/9.0 GB   23 MB/s     41s[K[?25h[?2026l[?2026h[?25l[A[1Gpulling manifest [K
pulling 2049f5674b1e:  89% ▕████████████████  ▏ 8.0 GB/9.0 GB   23 MB/s     41s[K[?25h[?2026l[?2026h[?25l[A[1Gpulling manifest [K
pulling 2049f5674b1e:  89% ▕████████████████  ▏ 8.0 GB/9.0 GB   23 MB/s     41s[K[?25h[?2026l[?2026h[?25l[A[1Gpulling manifest [K
pulling 2049f5674b1e:  89% ▕████████████████  ▏ 8.0 GB/9.0 GB   24 MB/s     39s[K[?25h[?2026l[?2026h[?25l[A[1Gpulling manifest [K
pulling 2049f5674b1e:  89% ▕████████████████  ▏ 8.0 GB/9.0 GB   24 MB/s     39s[K[?25h[?2026l[?2026h[?25l[A[1Gpulling manifest [K
pulling 2049f5674b1e:  89% ▕████████████████  ▏ 8.0 GB/9.0 GB   24 MB/s     39s[K[?25h[?2026l[?2026h[?25l[A[1Gpulling manifest [K
pulling 2049f5674b1e:  89% ▕████████████████  ▏ 8.0 GB/9.0 GB   24 MB/s     39s[K[?25h[?2026l[?2026h[?25l[A[1Gpulling manifest [K
pulling 2049f5674b1e:  89% ▕████████████████  ▏ 8.0 GB/9.0 GB   24 MB/s     39s[K[?25h[?2026l[?2026h[?25l[A[1Gpulling manifest [K
pulling 2049f5674b1e:  89% ▕████████████████  ▏ 8.0 GB/9.0 GB   24 MB/s     39s[K[?25h[?2026l[?2026h[?25l[A[1Gpulling manifest [K
pulling 2049f5674b1e:  89% ▕████████████████  ▏ 8.0 GB/9.0 GB   24 MB/s     39s[K[?25h[?2026l[?2026h[?25l[A[1Gpulling manifest [K
pulling 2049f5674b1e:  89% ▕████████████████  ▏ 8.0 GB/9.0 GB   24 MB/s     39s[K[?25h[?2026l[?2026h[?25l[A[1Gpulling manifest [K
pulling 2049f5674b1e:  89% ▕████████████████  ▏ 8.0 GB/9.0 GB   24 MB/s     39s[K[?25h[?2026l[?2026h[?25l[A[1Gpulling manifest [K
pulling 2049f5674b1e:  89% ▕████████████████  ▏ 8.0 GB/9.0 GB   24 MB/s     39s[K[?25h[?2026l[?2026h[?25l[A[1Gpulling manifest [K
pulling 2049f5674b1e:  89% ▕████████████████  ▏ 8.0 GB/9.0 GB   23 MB/s     39s[K[?25h[?2026l[?2026h[?25l[A[1Gpulling manifest [K
pulling 2049f5674b1e:  89% ▕████████████████  ▏ 8.0 GB/9.0 GB   23 MB/s     39s[K[?25h[?2026l[?2026h[?25l[A[1Gpulling manifest [K
pulling 2049f5674b1e:  89% ▕████████████████  ▏ 8.0 GB/9.0 GB   23 MB/s     39s[K[?25h[?2026l[?2026h[?25l[A[1Gpulling manifest [K
pulling 2049f5674b1e:  89% ▕████████████████  ▏ 8.0 GB/9.0 GB   23 MB/s     39s[K[?25h[?2026l[?2026h[?25l[A[1Gpulling manifest [K
pulling 2049f5674b1e:  89% ▕████████████████  ▏ 8.0 GB/9.0 GB   23 MB/s     39s[K[?25h[?2026l[?2026h[?25l[A[1Gpulling manifest [K
pulling 2049f5674b1e:  90% ▕████████████████  ▏ 8.0 GB/9.0 GB   23 MB/s     39s[K[?25h[?2026l[?2026h[?25l[A[1Gpulling manifest [K
pulling 2049f5674b1e:  90% ▕████████████████  ▏ 8.0 GB/9.0 GB   23 MB/s     39s[K[?25h[?2026l[?2026h[?25l[A[1Gpulling manifest [K
pulling 2049f5674b1e:  90% ▕████████████████  ▏ 8.0 GB/9.0 GB   23 MB/s     39s[K[?25h[?2026l[?2026h[?25l[A[1Gpulling manifest [K
pulling 2049f5674b1e:  90% ▕████████████████  ▏ 8.0 GB/9.0 GB   23 MB/s     39s[K[?25h[?2026l[?2026h[?25l[A[1Gpulling manifest [K
pulling 2049f5674b1e:  90% ▕████████████████  ▏ 8.1 GB/9.0 GB   23 MB/s     39s[K[?25h[?2026l[?2026h[?25l[A[1Gpulling manifest [K
pulling 2049f5674b1e:  90% ▕████████████████  ▏ 8.1 GB/9.0 GB   21 MB/s     43s[K[?25h[?2026l[?2026h[?25l[A[1Gpulling manifest [K
pulling 2049f5674b1e:  90% ▕████████████████  ▏ 8.1 GB/9.0 GB   21 MB/s     43s[K[?25h[?2026l[?2026h[?25l[A[1Gpulling manifest [K
pulling 2049f5674b1e:  90% ▕████████████████  ▏ 8.1 GB/9.0 GB   21 MB/s     42s[K[?25h[?2026l[?2026h[?25l[A[1Gpulling manifest [K
pulling 2049f5674b1e:  90% ▕████████████████  ▏ 8.1 GB/9.0 GB   21 MB/s     42s[K[?25h[?2026l[?2026h[?25l[A[1Gpulling manifest [K
pulling 2049f5674b1e:  90% ▕████████████████  ▏ 8.1 GB/9.0 GB   21 MB/s     42s[K[?25h[?2026l[?2026h[?25l[A[1Gpulling manifest [K
pulling 2049f5674b1e:  90% ▕████████████████  ▏ 8.1 GB/9.0 GB   21 MB/s     42s[K[?25h[?2026l[?2026h[?25l[A[1Gpulling manifest [K
pulling 2049f5674b1e:  90% ▕████████████████  ▏ 8.1 GB/9.0 GB   21 MB/s     42s[K[?25h[?2026l[?2026h[?25l[A[1Gpulling manifest [K
pulling 2049f5674b1e:  90% ▕████████████████  ▏ 8.1 GB/9.0 GB   21 MB/s     42s[K[?25h[?2026l[?2026h[?25l[A[1Gpulling manifest [K
pulling 2049f5674b1e:  90% ▕████████████████  ▏ 8.1 GB/9.0 GB   21 MB/s     41s[K[?25h[?2026l[?2026h[?25l[A[1Gpulling manifest [K
pulling 2049f5674b1e:  90% ▕████████████████  ▏ 8.1 GB/9.0 GB   21 MB/s     41s[K[?25h[?2026l[?2026h[?25l[A[1Gpulling manifest [K
pulling 2049f5674b1e:  90% ▕████████████████  ▏ 8.1 GB/9.0 GB   22 MB/s     40s[K[?25h[?2026l[?2026h[?25l[A[1Gpulling manifest [K
pulling 2049f5674b1e:  90% ▕████████████████  ▏ 8.1 GB/9.0 GB   22 MB/s     40s[K[?25h[?2026l[?2026h[?25l[A[1Gpulling manifest [K
pulling 2049f5674b1e:  90% ▕████████████████  ▏ 8.1 GB/9.0 GB   22 MB/s     40s[K[?25h[?2026l[?2026h[?25l[A[1Gpulling manifest [K
pulling 2049f5674b1e:  90% ▕████████████████  ▏ 8.1 GB/9.0 GB   22 MB/s     40s[K[?25h[?2026l[?2026h[?25l[A[1Gpulling manifest [K
pulling 2049f5674b1e:  90% ▕████████████████  ▏ 8.1 GB/9.0 GB   22 MB/s     39s[K[?25h[?2026l[?2026h[?25l[A[1Gpulling manifest [K
pulling 2049f5674b1e:  90% ▕████████████████  ▏ 8.1 GB/9.0 GB   22 MB/s     39s[K[?25h[?2026l[?2026h[?25l[A[1Gpulling manifest [K
pulling 2049f5674b1e:  90% ▕████████████████  ▏ 8.1 GB/9.0 GB   22 MB/s     39s[K[?25h[?2026l[?2026h[?25l[A[1Gpulling manifest [K
pulling 2049f5674b1e:  90% ▕████████████████  ▏ 8.1 GB/9.0 GB   22 MB/s     39s[K[?25h[?2026l[?2026h[?25l[A[1Gpulling manifest [K
pulling 2049f5674b1e:  90% ▕████████████████  ▏ 8.1 GB/9.0 GB   22 MB/s     39s[K[?25h[?2026l[?2026h[?25l[A[1Gpulling manifest [K
pulling 2049f5674b1e:  90% ▕████████████████  ▏ 8.1 GB/9.0 GB   22 MB/s     39s[K[?25h[?2026l[?2026h[?25l[A[1Gpulling manifest [K
pulling 2049f5674b1e:  90% ▕████████████████  ▏ 8.1 GB/9.0 GB   24 MB/s     36s[K[?25h[?2026l[?2026h[?25l[A[1Gpulling manifest [K
pulling 2049f5674b1e:  90% ▕████████████████  ▏ 8.1 GB/9.0 GB   24 MB/s     36s[K[?25h[?2026l[?2026h[?25l[A[1Gpulling manifest [K
pulling 2049f5674b1e:  90% ▕████████████████  ▏ 8.1 GB/9.0 GB   24 MB/s     36s[K[?25h[?2026l[?2026h[?25l[A[1Gpulling manifest [K
pulling 2049f5674b1e:  90% ▕████████████████  ▏ 8.1 GB/9.0 GB   24 MB/s     35s[K[?25h[?2026l[?2026h[?25l[A[1Gpulling manifest [K
pulling 2049f5674b1e:  90% ▕████████████████  ▏ 8.1 GB/9.0 GB   24 MB/s     35s[K[?25h[?2026l[?2026h[?25l[A[1Gpulling manifest [K
pulling 2049f5674b1e:  90% ▕████████████████  ▏ 8.1 GB/9.0 GB   24 MB/s     35s[K[?25h[?2026l[?2026h[?25l[A[1Gpulling manifest [K
pulling 2049f5674b1e:  90% ▕████████████████  ▏ 8.1 GB/9.0 GB   24 MB/s     35s[K[?25h[?2026l[?2026h[?25l[A[1Gpulling manifest [K
pulling 2049f5674b1e:  90% ▕████████████████  ▏ 8.1 GB/9.0 GB   24 MB/s     35s[K[?25h[?2026l[?2026h[?25l[A[1Gpulling manifest [K
pulling 2049f5674b1e:  90% ▕████████████████  ▏ 8.1 GB/9.0 GB   24 MB/s     35s[K[?25h[?2026l[?2026h[?25l[A[1Gpulling manifest [K
pulling 2049f5674b1e:  90% ▕████████████████  ▏ 8.1 GB/9.0 GB   24 MB/s     35s[K[?25h[?2026l[?2026h[?25l[A[1Gpulling manifest [K
pulling 2049f5674b1e:  90% ▕████████████████  ▏ 8.1 GB/9.0 GB   24 MB/s     35s[K[?25h[?2026l[?2026h[?25l[A[1Gpulling manifest [K
pulling 2049f5674b1e:  91% ▕████████████████  ▏ 8.1 GB/9.0 GB   23 MB/s     35s[K[?25h[?2026l[?2026h[?25l[A[1Gpulling manifest [K
pulling 2049f5674b1e:  91% ▕████████████████  ▏ 8.1 GB/9.0 GB   23 MB/s     35s[K[?25h[?2026l[?2026h[?25l[A[1Gpulling manifest [K
pulling 2049f5674b1e:  91% ▕████████████████  ▏ 8.1 GB/9.0 GB   23 MB/s     35s[K[?25h[?2026l[?2026h[?25l[A[1Gpulling manifest [K
pulling 2049f5674b1e:  91% ▕████████████████  ▏ 8.1 GB/9.0 GB   23 MB/s     35s[K[?25h[?2026l[?2026h[?25l[A[1Gpulling manifest [K
pulling 2049f5674b1e:  91% ▕████████████████  ▏ 8.1 GB/9.0 GB   23 MB/s     35s[K[?25h[?2026l[?2026h[?25l[A[1Gpulling manifest [K
pulling 2049f5674b1e:  91% ▕████████████████  ▏ 8.1 GB/9.0 GB   23 MB/s     35s[K[?25h[?2026l[?2026h[?25l[A[1Gpulling manifest [K
pulling 2049f5674b1e:  91% ▕████████████████  ▏ 8.1 GB/9.0 GB   23 MB/s     35s[K[?25h[?2026l[?2026h[?25l[A[1Gpulling manifest [K
pulling 2049f5674b1e:  91% ▕████████████████  ▏ 8.1 GB/9.0 GB   23 MB/s     35s[K[?25h[?2026l[?2026h[?25l[A[1Gpulling manifest [K
pulling 2049f5674b1e:  91% ▕████████████████  ▏ 8.2 GB/9.0 GB   23 MB/s     35s[K[?25h[?2026l[?2026h[?25l[A[1Gpulling manifest [K
pulling 2049f5674b1e:  91% ▕████████████████  ▏ 8.2 GB/9.0 GB   23 MB/s     35s[K[?25h[?2026l[?2026h[?25l[A[1Gpulling manifest [K
pulling 2049f5674b1e:  91% ▕████████████████  ▏ 8.2 GB/9.0 GB   23 MB/s     35s[K[?25h[?2026l[?2026h[?25l[A[1Gpulling manifest [K
pulling 2049f5674b1e:  91% ▕████████████████  ▏ 8.2 GB/9.0 GB   23 MB/s     35s[K[?25h[?2026l[?2026h[?25l[A[1Gpulling manifest [K
pulling 2049f5674b1e:  91% ▕████████████████  ▏ 8.2 GB/9.0 GB   23 MB/s     35s[K[?25h[?2026l[?2026h[?25l[A[1Gpulling manifest [K
pulling 2049f5674b1e:  91% ▕████████████████  ▏ 8.2 GB/9.0 GB   23 MB/s     35s[K[?25h[?2026l[?2026h[?25l[A[1Gpulling manifest [K
pulling 2049f5674b1e:  91% ▕████████████████  ▏ 8.2 GB/9.0 GB   23 MB/s     35s[K[?25h[?2026l[?2026h[?25l[A[1Gpulling manifest [K
pulling 2049f5674b1e:  91% ▕████████████████  ▏ 8.2 GB/9.0 GB   23 MB/s     35s[K[?25h[?2026l[?2026h[?25l[A[1Gpulling manifest [K
pulling 2049f5674b1e:  91% ▕████████████████  ▏ 8.2 GB/9.0 GB   23 MB/s     35s[K[?25h[?2026l[?2026h[?25l[A[1Gpulling manifest [K
pulling 2049f5674b1e:  91% ▕████████████████  ▏ 8.2 GB/9.0 GB   23 MB/s     35s[K[?25h[?2026l[?2026h[?25l[A[1Gpulling manifest [K
pulling 2049f5674b1e:  91% ▕████████████████  ▏ 8.2 GB/9.0 GB   23 MB/s     35s[K[?25h[?2026l[?2026h[?25l[A[1Gpulling manifest [K
pulling 2049f5674b1e:  91% ▕████████████████  ▏ 8.2 GB/9.0 GB   23 MB/s     35s[K[?25h[?2026l[?2026h[?25l[A[1Gpulling manifest [K
pulling 2049f5674b1e:  91% ▕████████████████  ▏ 8.2 GB/9.0 GB   21 MB/s     38s[K[?25h[?2026l[?2026h[?25l[A[1Gpulling manifest [K
pulling 2049f5674b1e:  91% ▕████████████████  ▏ 8.2 GB/9.0 GB   21 MB/s     37s[K[?25h[?2026l[?2026h[?25l[A[1Gpulling manifest [K
pulling 2049f5674b1e:  91% ▕████████████████  ▏ 8.2 GB/9.0 GB   21 MB/s     37s[K[?25h[?2026l[?2026h[?25l[A[1Gpulling manifest [K
pulling 2049f5674b1e:  91% ▕████████████████  ▏ 8.2 GB/9.0 GB   21 MB/s     37s[K[?25h[?2026l[?2026h[?25l[A[1Gpulling manifest [K
pulling 2049f5674b1e:  91% ▕████████████████  ▏ 8.2 GB/9.0 GB   21 MB/s     37s[K[?25h[?2026l[?2026h[?25l[A[1Gpulling manifest [K
pulling 2049f5674b1e:  91% ▕████████████████  ▏ 8.2 GB/9.0 GB   21 MB/s     37s[K[?25h[?2026l[?2026h[?25l[A[1Gpulling manifest [K
pulling 2049f5674b1e:  91% ▕████████████████  ▏ 8.2 GB/9.0 GB   21 MB/s     37s[K[?25h[?2026l[?2026h[?25l[A[1Gpulling manifest [K
pulling 2049f5674b1e:  91% ▕████████████████  ▏ 8.2 GB/9.0 GB   21 MB/s     37s[K[?25h[?2026l[?2026h[?25l[A[1Gpulling manifest [K
pulling 2049f5674b1e:  91% ▕████████████████  ▏ 8.2 GB/9.0 GB   21 MB/s     37s[K[?25h[?2026l[?2026h[?25l[A[1Gpulling manifest [K
pulling 2049f5674b1e:  91% ▕████████████████  ▏ 8.2 GB/9.0 GB   21 MB/s     37s[K[?25h[?2026l[?2026h[?25l[A[1Gpulling manifest [K
pulling 2049f5674b1e:  91% ▕████████████████  ▏ 8.2 GB/9.0 GB   21 MB/s     36s[K[?25h[?2026l[?2026h[?25l[A[1Gpulling manifest [K
pulling 2049f5674b1e:  91% ▕████████████████  ▏ 8.2 GB/9.0 GB   21 MB/s     36s[K[?25h[?2026l[?2026h[?25l[A[1Gpulling manifest [K
pulling 2049f5674b1e:  91% ▕████████████████  ▏ 8.2 GB/9.0 GB   21 MB/s     36s[K[?25h[?2026l[?2026h[?25l[A[1Gpulling manifest [K
pulling 2049f5674b1e:  91% ▕████████████████  ▏ 8.2 GB/9.0 GB   21 MB/s     35s[K[?25h[?2026l[?2026h[?25l[A[1Gpulling manifest [K
pulling 2049f5674b1e:  91% ▕████████████████  ▏ 8.2 GB/9.0 GB   21 MB/s     35s[K[?25h[?2026l[?2026h[?25l[A[1Gpulling manifest [K
pulling 2049f5674b1e:  91% ▕████████████████  ▏ 8.2 GB/9.0 GB   21 MB/s     35s[K[?25h[?2026l[?2026h[?25l[A[1Gpulling manifest [K
pulling 2049f5674b1e:  91% ▕████████████████  ▏ 8.2 GB/9.0 GB   21 MB/s     35s[K[?25h[?2026l[?2026h[?25l[A[1Gpulling manifest [K
pulling 2049f5674b1e:  91% ▕████████████████  ▏ 8.2 GB/9.0 GB   21 MB/s     35s[K[?25h[?2026l[?2026h[?25l[A[1Gpulling manifest [K
pulling 2049f5674b1e:  91% ▕████████████████  ▏ 8.2 GB/9.0 GB   21 MB/s     35s[K[?25h[?2026l[?2026h[?25l[A[1Gpulling manifest [K
pulling 2049f5674b1e:  91% ▕████████████████  ▏ 8.2 GB/9.0 GB   21 MB/s     35s[K[?25h[?2026l[?2026h[?25l[A[1Gpulling manifest [K
pulling 2049f5674b1e:  91% ▕████████████████  ▏ 8.2 GB/9.0 GB   21 MB/s     36s[K[?25h[?2026l[?2026h[?25l[A[1Gpulling manifest [K
pulling 2049f5674b1e:  91% ▕████████████████  ▏ 8.2 GB/9.0 GB   21 MB/s     36s[K[?25h[?2026l[?2026h[?25l[A[1Gpulling manifest [K
pulling 2049f5674b1e:  91% ▕████████████████  ▏ 8.2 GB/9.0 GB   21 MB/s     36s[K[?25h[?2026l[?2026h[?25l[A[1Gpulling manifest [K
pulling 2049f5674b1e:  91% ▕████████████████  ▏ 8.2 GB/9.0 GB   21 MB/s     36s[K[?25h[?2026l[?2026h[?25l[A[1Gpulling manifest [K
pulling 2049f5674b1e:  92% ▕████████████████  ▏ 8.2 GB/9.0 GB   21 MB/s     35s[K[?25h[?2026l[?2026h[?25l[A[1Gpulling manifest [K
pulling 2049f5674b1e:  92% ▕████████████████  ▏ 8.2 GB/9.0 GB   21 MB/s     35s[K[?25h[?2026l[?2026h[?25l[A[1Gpulling manifest [K
pulling 2049f5674b1e:  92% ▕████████████████  ▏ 8.2 GB/9.0 GB   21 MB/s     35s[K[?25h[?2026l[?2026h[?25l[A[1Gpulling manifest [K
pulling 2049f5674b1e:  92% ▕████████████████  ▏ 8.2 GB/9.0 GB   21 MB/s     35s[K[?25h[?2026l[?2026h[?25l[A[1Gpulling manifest [K
pulling 2049f5674b1e:  92% ▕████████████████  ▏ 8.2 GB/9.0 GB   21 MB/s     35s[K[?25h[?2026l[?2026h[?25l[A[1Gpulling manifest [K
pulling 2049f5674b1e:  92% ▕████████████████  ▏ 8.2 GB/9.0 GB   21 MB/s     35s[K[?25h[?2026l[?2026h[?25l[A[1Gpulling manifest [K
pulling 2049f5674b1e:  92% ▕████████████████  ▏ 8.2 GB/9.0 GB   21 MB/s     35s[K[?25h[?2026l[?2026h[?25l[A[1Gpulling manifest [K
pulling 2049f5674b1e:  92% ▕████████████████  ▏ 8.2 GB/9.0 GB   22 MB/s     33s[K[?25h[?2026l[?2026h[?25l[A[1Gpulling manifest [K
pulling 2049f5674b1e:  92% ▕████████████████  ▏ 8.2 GB/9.0 GB   22 MB/s     33s[K[?25h[?2026l[?2026h[?25l[A[1Gpulling manifest [K
pulling 2049f5674b1e:  92% ▕████████████████  ▏ 8.2 GB/9.0 GB   22 MB/s     33s[K[?25h[?2026l[?2026h[?25l[A[1Gpulling manifest [K
pulling 2049f5674b1e:  92% ▕████████████████  ▏ 8.2 GB/9.0 GB   22 MB/s     33s[K[?25h[?2026l[?2026h[?25l[A[1Gpulling manifest [K
pulling 2049f5674b1e:  92% ▕████████████████  ▏ 8.3 GB/9.0 GB   22 MB/s     33s[K[?25h[?2026l[?2026h[?25l[A[1Gpulling manifest [K
pulling 2049f5674b1e:  92% ▕████████████████  ▏ 8.3 GB/9.0 GB   22 MB/s     33s[K[?25h[?2026l[?2026h[?25l[A[1Gpulling manifest [K
pulling 2049f5674b1e:  92% ▕████████████████  ▏ 8.3 GB/9.0 GB   22 MB/s     32s[K[?25h[?2026l[?2026h[?25l[A[1Gpulling manifest [K
pulling 2049f5674b1e:  92% ▕████████████████  ▏ 8.3 GB/9.0 GB   22 MB/s     32s[K[?25h[?2026l[?2026h[?25l[A[1Gpulling manifest [K
pulling 2049f5674b1e:  92% ▕████████████████  ▏ 8.3 GB/9.0 GB   22 MB/s     32s[K[?25h[?2026l[?2026h[?25l[A[1Gpulling manifest [K
pulling 2049f5674b1e:  92% ▕████████████████  ▏ 8.3 GB/9.0 GB   22 MB/s     32s[K[?25h[?2026l[?2026h[?25l[A[1Gpulling manifest [K
pulling 2049f5674b1e:  92% ▕████████████████  ▏ 8.3 GB/9.0 GB   23 MB/s     30s[K[?25h[?2026l[?2026h[?25l[A[1Gpulling manifest [K
pulling 2049f5674b1e:  92% ▕████████████████  ▏ 8.3 GB/9.0 GB   23 MB/s     30s[K[?25h[?2026l[?2026h[?25l[A[1Gpulling manifest [K
pulling 2049f5674b1e:  92% ▕████████████████  ▏ 8.3 GB/9.0 GB   23 MB/s     30s[K[?25h[?2026l[?2026h[?25l[A[1Gpulling manifest [K
pulling 2049f5674b1e:  92% ▕████████████████  ▏ 8.3 GB/9.0 GB   23 MB/s     30s[K[?25h[?2026l[?2026h[?25l[A[1Gpulling manifest [K
pulling 2049f5674b1e:  92% ▕████████████████  ▏ 8.3 GB/9.0 GB   23 MB/s     30s[K[?25h[?2026l[?2026h[?25l[A[1Gpulling manifest [K
pulling 2049f5674b1e:  92% ▕████████████████  ▏ 8.3 GB/9.0 GB   23 MB/s     30s[K[?25h[?2026l[?2026h[?25l[A[1Gpulling manifest [K
pulling 2049f5674b1e:  92% ▕████████████████  ▏ 8.3 GB/9.0 GB   23 MB/s     30s[K[?25h[?2026l[?2026h[?25l[A[1Gpulling manifest [K
pulling 2049f5674b1e:  92% ▕████████████████  ▏ 8.3 GB/9.0 GB   23 MB/s     30s[K[?25h[?2026l[?2026h[?25l[A[1Gpulling manifest [K
pulling 2049f5674b1e:  92% ▕████████████████  ▏ 8.3 GB/9.0 GB   23 MB/s     29s[K[?25h[?2026l[?2026h[?25l[A[1Gpulling manifest [K
pulling 2049f5674b1e:  92% ▕████████████████  ▏ 8.3 GB/9.0 GB   23 MB/s     29s[K[?25h[?2026l[?2026h[?25l[A[1Gpulling manifest [K
pulling 2049f5674b1e:  92% ▕████████████████  ▏ 8.3 GB/9.0 GB   21 MB/s     32s[K[?25h[?2026l[?2026h[?25l[A[1Gpulling manifest [K
pulling 2049f5674b1e:  92% ▕████████████████  ▏ 8.3 GB/9.0 GB   21 MB/s     32s[K[?25h[?2026l[?2026h[?25l[A[1Gpulling manifest [K
pulling 2049f5674b1e:  92% ▕████████████████  ▏ 8.3 GB/9.0 GB   21 MB/s     32s[K[?25h[?2026l[?2026h[?25l[A[1Gpulling manifest [K
pulling 2049f5674b1e:  92% ▕████████████████  ▏ 8.3 GB/9.0 GB   21 MB/s     32s[K[?25h[?2026l[?2026h[?25l[A[1Gpulling manifest [K
pulling 2049f5674b1e:  92% ▕████████████████  ▏ 8.3 GB/9.0 GB   21 MB/s     32s[K[?25h[?2026l[?2026h[?25l[A[1Gpulling manifest [K
pulling 2049f5674b1e:  92% ▕████████████████  ▏ 8.3 GB/9.0 GB   21 MB/s     31s[K[?25h[?2026l[?2026h[?25l[A[1Gpulling manifest [K
pulling 2049f5674b1e:  92% ▕████████████████  ▏ 8.3 GB/9.0 GB   21 MB/s     31s[K[?25h[?2026l[?2026h[?25l[A[1Gpulling manifest [K
pulling 2049f5674b1e:  92% ▕████████████████  ▏ 8.3 GB/9.0 GB   21 MB/s     31s[K[?25h[?2026l[?2026h[?25l[A[1Gpulling manifest [K
pulling 2049f5674b1e:  92% ▕████████████████  ▏ 8.3 GB/9.0 GB   21 MB/s     31s[K[?25h[?2026l[?2026h[?25l[A[1Gpulling manifest [K
pulling 2049f5674b1e:  92% ▕████████████████  ▏ 8.3 GB/9.0 GB   21 MB/s     31s[K[?25h[?2026l[?2026h[?25l[A[1Gpulling manifest [K
pulling 2049f5674b1e:  92% ▕████████████████  ▏ 8.3 GB/9.0 GB   19 MB/s     36s[K[?25h[?2026l[?2026h[?25l[A[1Gpulling manifest [K
pulling 2049f5674b1e:  92% ▕████████████████  ▏ 8.3 GB/9.0 GB   19 MB/s     35s[K[?25h[?2026l[?2026h[?25l[A[1Gpulling manifest [K
pulling 2049f5674b1e:  92% ▕████████████████  ▏ 8.3 GB/9.0 GB   19 MB/s     35s[K[?25h[?2026l[?2026h[?25l[A[1Gpulling manifest [K
pulling 2049f5674b1e:  92% ▕████████████████  ▏ 8.3 GB/9.0 GB   19 MB/s     35s[K[?25h[?2026l[?2026h[?25l[A[1Gpulling manifest [K
pulling 2049f5674b1e:  92% ▕████████████████  ▏ 8.3 GB/9.0 GB   19 MB/s     35s[K[?25h[?2026l[?2026h[?25l[A[1Gpulling manifest [K
pulling 2049f5674b1e:  92% ▕████████████████  ▏ 8.3 GB/9.0 GB   19 MB/s     34s[K[?25h[?2026l[?2026h[?25l[A[1Gpulling manifest [K
pulling 2049f5674b1e:  92% ▕████████████████  ▏ 8.3 GB/9.0 GB   19 MB/s     34s[K[?25h[?2026l[?2026h[?25l[A[1Gpulling manifest [K
pulling 2049f5674b1e:  93% ▕████████████████  ▏ 8.3 GB/9.0 GB   19 MB/s     34s[K[?25h[?2026l[?2026h[?25l[A[1Gpulling manifest [K
pulling 2049f5674b1e:  93% ▕████████████████  ▏ 8.3 GB/9.0 GB   19 MB/s     34s[K[?25h[?2026l[?2026h[?25l[A[1Gpulling manifest [K
pulling 2049f5674b1e:  93% ▕████████████████  ▏ 8.3 GB/9.0 GB   19 MB/s     34s[K[?25h[?2026l[?2026h[?25l[A[1Gpulling manifest [K
pulling 2049f5674b1e:  93% ▕████████████████  ▏ 8.3 GB/9.0 GB   21 MB/s     31s[K[?25h[?2026l[?2026h[?25l[A[1Gpulling manifest [K
pulling 2049f5674b1e:  93% ▕████████████████  ▏ 8.3 GB/9.0 GB   21 MB/s     31s[K[?25h[?2026l[?2026h[?25l[A[1Gpulling manifest [K
pulling 2049f5674b1e:  93% ▕████████████████  ▏ 8.3 GB/9.0 GB   21 MB/s     31s[K[?25h[?2026l[?2026h[?25l[A[1Gpulling manifest [K
pulling 2049f5674b1e:  93% ▕████████████████  ▏ 8.3 GB/9.0 GB   21 MB/s     30s[K[?25h[?2026l[?2026h[?25l[A[1Gpulling manifest [K
pulling 2049f5674b1e:  93% ▕████████████████  ▏ 8.3 GB/9.0 GB   21 MB/s     30s[K[?25h[?2026l[?2026h[?25l[A[1Gpulling manifest [K
pulling 2049f5674b1e:  93% ▕████████████████  ▏ 8.3 GB/9.0 GB   21 MB/s     30s[K[?25h[?2026l[?2026h[?25l[A[1Gpulling manifest [K
pulling 2049f5674b1e:  93% ▕████████████████  ▏ 8.3 GB/9.0 GB   21 MB/s     30s[K[?25h[?2026l[?2026h[?25l[A[1Gpulling manifest [K
pulling 2049f5674b1e:  93% ▕████████████████  ▏ 8.3 GB/9.0 GB   21 MB/s     30s[K[?25h[?2026l[?2026h[?25l[A[1Gpulling manifest [K
pulling 2049f5674b1e:  93% ▕████████████████  ▏ 8.3 GB/9.0 GB   21 MB/s     30s[K[?25h[?2026l[?2026h[?25l[A[1Gpulling manifest [K
pulling 2049f5674b1e:  93% ▕████████████████  ▏ 8.4 GB/9.0 GB   21 MB/s     29s[K[?25h[?2026l[?2026h[?25l[A[1Gpulling manifest [K
pulling 2049f5674b1e:  93% ▕████████████████  ▏ 8.4 GB/9.0 GB   21 MB/s     29s[K[?25h[?2026l[?2026h[?25l[A[1Gpulling manifest [K
pulling 2049f5674b1e:  93% ▕████████████████  ▏ 8.4 GB/9.0 GB   22 MB/s     27s[K[?25h[?2026l[?2026h[?25l[A[1Gpulling manifest [K
pulling 2049f5674b1e:  93% ▕████████████████  ▏ 8.4 GB/9.0 GB   22 MB/s     27s[K[?25h[?2026l[?2026h[?25l[A[1Gpulling manifest [K
pulling 2049f5674b1e:  93% ▕████████████████  ▏ 8.4 GB/9.0 GB   22 MB/s     27s[K[?25h[?2026l[?2026h[?25l[A[1Gpulling manifest [K
pulling 2049f5674b1e:  93% ▕████████████████  ▏ 8.4 GB/9.0 GB   22 MB/s     27s[K[?25h[?2026l[?2026h[?25l[A[1Gpulling manifest [K
pulling 2049f5674b1e:  93% ▕████████████████  ▏ 8.4 GB/9.0 GB   22 MB/s     27s[K[?25h[?2026l[?2026h[?25l[A[1Gpulling manifest [K
pulling 2049f5674b1e:  93% ▕████████████████  ▏ 8.4 GB/9.0 GB   22 MB/s     27s[K[?25h[?2026l[?2026h[?25l[A[1Gpulling manifest [K
pulling 2049f5674b1e:  93% ▕████████████████  ▏ 8.4 GB/9.0 GB   22 MB/s     27s[K[?25h[?2026l[?2026h[?25l[A[1Gpulling manifest [K
pulling 2049f5674b1e:  93% ▕████████████████  ▏ 8.4 GB/9.0 GB   22 MB/s     27s[K[?25h[?2026l[?2026h[?25l[A[1Gpulling manifest [K
pulling 2049f5674b1e:  93% ▕████████████████  ▏ 8.4 GB/9.0 GB   22 MB/s     27s[K[?25h[?2026l[?2026h[?25l[A[1Gpulling manifest [K
pulling 2049f5674b1e:  93% ▕████████████████  ▏ 8.4 GB/9.0 GB   22 MB/s     27s[K[?25h[?2026l[?2026h[?25l[A[1Gpulling manifest [K
pulling 2049f5674b1e:  93% ▕████████████████  ▏ 8.4 GB/9.0 GB   22 MB/s     27s[K[?25h[?2026l[?2026h[?25l[A[1Gpulling manifest [K
pulling 2049f5674b1e:  93% ▕████████████████  ▏ 8.4 GB/9.0 GB   22 MB/s     27s[K[?25h[?2026l[?2026h[?25l[A[1Gpulling manifest [K
pulling 2049f5674b1e:  93% ▕████████████████  ▏ 8.4 GB/9.0 GB   22 MB/s     27s[K[?25h[?2026l[?2026h[?25l[A[1Gpulling manifest [K
pulling 2049f5674b1e:  93% ▕████████████████  ▏ 8.4 GB/9.0 GB   22 MB/s     26s[K[?25h[?2026l[?2026h[?25l[A[1Gpulling manifest [K
pulling 2049f5674b1e:  93% ▕████████████████  ▏ 8.4 GB/9.0 GB   22 MB/s     26s[K[?25h[?2026l[?2026h[?25l[A[1Gpulling manifest [K
pulling 2049f5674b1e:  93% ▕████████████████  ▏ 8.4 GB/9.0 GB   22 MB/s     26s[K[?25h[?2026l[?2026h[?25l[A[1Gpulling manifest [K
pulling 2049f5674b1e:  93% ▕████████████████  ▏ 8.4 GB/9.0 GB   22 MB/s     26s[K[?25h[?2026l[?2026h[?25l[A[1Gpulling manifest [K
pulling 2049f5674b1e:  93% ▕████████████████  ▏ 8.4 GB/9.0 GB   22 MB/s     26s[K[?25h[?2026l[?2026h[?25l[A[1Gpulling manifest [K
pulling 2049f5674b1e:  94% ▕████████████████  ▏ 8.4 GB/9.0 GB   22 MB/s     26s[K[?25h[?2026l[?2026h[?25l[A[1Gpulling manifest [K
pulling 2049f5674b1e:  94% ▕████████████████  ▏ 8.4 GB/9.0 GB   22 MB/s     26s[K[?25h[?2026l[?2026h[?25l[A[1Gpulling manifest [K
pulling 2049f5674b1e:  94% ▕████████████████  ▏ 8.4 GB/9.0 GB   24 MB/s     24s[K[?25h[?2026l[?2026h[?25l[A[1Gpulling manifest [K
pulling 2049f5674b1e:  94% ▕████████████████  ▏ 8.4 GB/9.0 GB   24 MB/s     24s[K[?25h[?2026l[?2026h[?25l[A[1Gpulling manifest [K
pulling 2049f5674b1e:  94% ▕████████████████  ▏ 8.4 GB/9.0 GB   24 MB/s     24s[K[?25h[?2026l[?2026h[?25l[A[1Gpulling manifest [K
pulling 2049f5674b1e:  94% ▕████████████████  ▏ 8.4 GB/9.0 GB   24 MB/s     23s[K[?25h[?2026l[?2026h[?25l[A[1Gpulling manifest [K
pulling 2049f5674b1e:  94% ▕████████████████  ▏ 8.4 GB/9.0 GB   24 MB/s     23s[K[?25h[?2026l[?2026h[?25l[A[1Gpulling manifest [K
pulling 2049f5674b1e:  94% ▕████████████████  ▏ 8.4 GB/9.0 GB   24 MB/s     23s[K[?25h[?2026l[?2026h[?25l[A[1Gpulling manifest [K
pulling 2049f5674b1e:  94% ▕████████████████  ▏ 8.4 GB/9.0 GB   24 MB/s     23s[K[?25h[?2026l[?2026h[?25l[A[1Gpulling manifest [K
pulling 2049f5674b1e:  94% ▕████████████████  ▏ 8.4 GB/9.0 GB   24 MB/s     23s[K[?25h[?2026l[?2026h[?25l[A[1Gpulling manifest [K
pulling 2049f5674b1e:  94% ▕████████████████  ▏ 8.4 GB/9.0 GB   24 MB/s     23s[K[?25h[?2026l[?2026h[?25l[A[1Gpulling manifest [K
pulling 2049f5674b1e:  94% ▕████████████████  ▏ 8.4 GB/9.0 GB   24 MB/s     23s[K[?25h[?2026l[?2026h[?25l[A[1Gpulling manifest [K
pulling 2049f5674b1e:  94% ▕████████████████  ▏ 8.4 GB/9.0 GB   24 MB/s     22s[K[?25h[?2026l[?2026h[?25l[A[1Gpulling manifest [K
pulling 2049f5674b1e:  94% ▕████████████████  ▏ 8.4 GB/9.0 GB   24 MB/s     22s[K[?25h[?2026l[?2026h[?25l[A[1Gpulling manifest [K
pulling 2049f5674b1e:  94% ▕████████████████  ▏ 8.4 GB/9.0 GB   24 MB/s     22s[K[?25h[?2026l[?2026h[?25l[A[1Gpulling manifest [K
pulling 2049f5674b1e:  94% ▕████████████████  ▏ 8.4 GB/9.0 GB   24 MB/s     22s[K[?25h[?2026l[?2026h[?25l[A[1Gpulling manifest [K
pulling 2049f5674b1e:  94% ▕████████████████  ▏ 8.4 GB/9.0 GB   24 MB/s     22s[K[?25h[?2026l[?2026h[?25l[A[1Gpulling manifest [K
pulling 2049f5674b1e:  94% ▕████████████████  ▏ 8.4 GB/9.0 GB   24 MB/s     22s[K[?25h[?2026l[?2026h[?25l[A[1Gpulling manifest [K
pulling 2049f5674b1e:  94% ▕████████████████  ▏ 8.4 GB/9.0 GB   24 MB/s     22s[K[?25h[?2026l[?2026h[?25l[A[1Gpulling manifest [K
pulling 2049f5674b1e:  94% ▕████████████████  ▏ 8.4 GB/9.0 GB   24 MB/s     22s[K[?25h[?2026l[?2026h[?25l[A[1Gpulling manifest [K
pulling 2049f5674b1e:  94% ▕████████████████  ▏ 8.4 GB/9.0 GB   24 MB/s     22s[K[?25h[?2026l[?2026h[?25l[A[1Gpulling manifest [K
pulling 2049f5674b1e:  94% ▕████████████████  ▏ 8.4 GB/9.0 GB   24 MB/s     22s[K[?25h[?2026l[?2026h[?25l[A[1Gpulling manifest [K
pulling 2049f5674b1e:  94% ▕████████████████  ▏ 8.4 GB/9.0 GB   22 MB/s     24s[K[?25h[?2026l[?2026h[?25l[A[1Gpulling manifest [K
pulling 2049f5674b1e:  94% ▕████████████████  ▏ 8.4 GB/9.0 GB   22 MB/s     23s[K[?25h[?2026l[?2026h[?25l[A[1Gpulling manifest [K
pulling 2049f5674b1e:  94% ▕████████████████  ▏ 8.4 GB/9.0 GB   22 MB/s     23s[K[?25h[?2026l[?2026h[?25l[A[1Gpulling manifest [K
pulling 2049f5674b1e:  94% ▕████████████████  ▏ 8.5 GB/9.0 GB   22 MB/s     23s[K[?25h[?2026l[?2026h[?25l[A[1Gpulling manifest [K
pulling 2049f5674b1e:  94% ▕████████████████  ▏ 8.5 GB/9.0 GB   22 MB/s     23s[K[?25h[?2026l[?2026h[?25l[A[1Gpulling manifest [K
pulling 2049f5674b1e:  94% ▕████████████████  ▏ 8.5 GB/9.0 GB   22 MB/s     23s[K[?25h[?2026l[?2026h[?25l[A[1Gpulling manifest [K
pulling 2049f5674b1e:  94% ▕████████████████  ▏ 8.5 GB/9.0 GB   22 MB/s     23s[K[?25h[?2026l[?2026h[?25l[A[1Gpulling manifest [K
pulling 2049f5674b1e:  94% ▕████████████████  ▏ 8.5 GB/9.0 GB   22 MB/s     23s[K[?25h[?2026l[?2026h[?25l[A[1Gpulling manifest [K
pulling 2049f5674b1e:  94% ▕████████████████  ▏ 8.5 GB/9.0 GB   22 MB/s     23s[K[?25h[?2026l[?2026h[?25l[A[1Gpulling manifest [K
pulling 2049f5674b1e:  94% ▕████████████████  ▏ 8.5 GB/9.0 GB   22 MB/s     23s[K[?25h[?2026l[?2026h[?25l[A[1Gpulling manifest [K
pulling 2049f5674b1e:  94% ▕████████████████  ▏ 8.5 GB/9.0 GB   22 MB/s     23s[K[?25h[?2026l[?2026h[?25l[A[1Gpulling manifest [K
pulling 2049f5674b1e:  94% ▕████████████████  ▏ 8.5 GB/9.0 GB   22 MB/s     23s[K[?25h[?2026l[?2026h[?25l[A[1Gpulling manifest [K
pulling 2049f5674b1e:  94% ▕████████████████  ▏ 8.5 GB/9.0 GB   22 MB/s     22s[K[?25h[?2026l[?2026h[?25l[A[1Gpulling manifest [K
pulling 2049f5674b1e:  94% ▕████████████████  ▏ 8.5 GB/9.0 GB   22 MB/s     22s[K[?25h[?2026l[?2026h[?25l[A[1Gpulling manifest [K
pulling 2049f5674b1e:  94% ▕████████████████  ▏ 8.5 GB/9.0 GB   22 MB/s     22s[K[?25h[?2026l[?2026h[?25l[A[1Gpulling manifest [K
pulling 2049f5674b1e:  94% ▕████████████████  ▏ 8.5 GB/9.0 GB   22 MB/s     22s[K[?25h[?2026l[?2026h[?25l[A[1Gpulling manifest [K
pulling 2049f5674b1e:  94% ▕████████████████  ▏ 8.5 GB/9.0 GB   22 MB/s     22s[K[?25h[?2026l[?2026h[?25l[A[1Gpulling manifest [K
pulling 2049f5674b1e:  94% ▕████████████████  ▏ 8.5 GB/9.0 GB   22 MB/s     22s[K[?25h[?2026l[?2026h[?25l[A[1Gpulling manifest [K
pulling 2049f5674b1e:  94% ▕█████████████████ ▏ 8.5 GB/9.0 GB   22 MB/s     22s[K[?25h[?2026l[?2026h[?25l[A[1Gpulling manifest [K
pulling 2049f5674b1e:  94% ▕█████████████████ ▏ 8.5 GB/9.0 GB   22 MB/s     22s[K[?25h[?2026l[?2026h[?25l[A[1Gpulling manifest [K
pulling 2049f5674b1e:  94% ▕█████████████████ ▏ 8.5 GB/9.0 GB   22 MB/s     22s[K[?25h[?2026l[?2026h[?25l[A[1Gpulling manifest [K
pulling 2049f5674b1e:  94% ▕█████████████████ ▏ 8.5 GB/9.0 GB   23 MB/s     21s[K[?25h[?2026l[?2026h[?25l[A[1Gpulling manifest [K
pulling 2049f5674b1e:  94% ▕█████████████████ ▏ 8.5 GB/9.0 GB   23 MB/s     21s[K[?25h[?2026l[?2026h[?25l[A[1Gpulling manifest [K
pulling 2049f5674b1e:  95% ▕█████████████████ ▏ 8.5 GB/9.0 GB   23 MB/s     21s[K[?25h[?2026l[?2026h[?25l[A[1Gpulling manifest [K
pulling 2049f5674b1e:  95% ▕█████████████████ ▏ 8.5 GB/9.0 GB   23 MB/s     20s[K[?25h[?2026l[?2026h[?25l[A[1Gpulling manifest [K
pulling 2049f5674b1e:  95% ▕█████████████████ ▏ 8.5 GB/9.0 GB   23 MB/s     20s[K[?25h[?2026l[?2026h[?25l[A[1Gpulling manifest [K
pulling 2049f5674b1e:  95% ▕█████████████████ ▏ 8.5 GB/9.0 GB   23 MB/s     20s[K[?25h[?2026l[?2026h[?25l[A[1Gpulling manifest [K
pulling 2049f5674b1e:  95% ▕█████████████████ ▏ 8.5 GB/9.0 GB   23 MB/s     20s[K[?25h[?2026l[?2026h[?25l[A[1Gpulling manifest [K
pulling 2049f5674b1e:  95% ▕█████████████████ ▏ 8.5 GB/9.0 GB   23 MB/s     20s[K[?25h[?2026l[?2026h[?25l[A[1Gpulling manifest [K
pulling 2049f5674b1e:  95% ▕█████████████████ ▏ 8.5 GB/9.0 GB   23 MB/s     20s[K[?25h[?2026l[?2026h[?25l[A[1Gpulling manifest [K
pulling 2049f5674b1e:  95% ▕█████████████████ ▏ 8.5 GB/9.0 GB   23 MB/s     20s[K[?25h[?2026l[?2026h[?25l[A[1Gpulling manifest [K
pulling 2049f5674b1e:  95% ▕█████████████████ ▏ 8.5 GB/9.0 GB   24 MB/s     19s[K[?25h[?2026l[?2026h[?25l[A[1Gpulling manifest [K
pulling 2049f5674b1e:  95% ▕█████████████████ ▏ 8.5 GB/9.0 GB   24 MB/s     19s[K[?25h[?2026l[?2026h[?25l[A[1Gpulling manifest [K
pulling 2049f5674b1e:  95% ▕█████████████████ ▏ 8.5 GB/9.0 GB   24 MB/s     19s[K[?25h[?2026l[?2026h[?25l[A[1Gpulling manifest [K
pulling 2049f5674b1e:  95% ▕█████████████████ ▏ 8.5 GB/9.0 GB   24 MB/s     19s[K[?25h[?2026l[?2026h[?25l[A[1Gpulling manifest [K
pulling 2049f5674b1e:  95% ▕█████████████████ ▏ 8.5 GB/9.0 GB   24 MB/s     19s[K[?25h[?2026l[?2026h[?25l[A[1Gpulling manifest [K
pulling 2049f5674b1e:  95% ▕█████████████████ ▏ 8.5 GB/9.0 GB   24 MB/s     19s[K[?25h[?2026l[?2026h[?25l[A[1Gpulling manifest [K
pulling 2049f5674b1e:  95% ▕█████████████████ ▏ 8.5 GB/9.0 GB   24 MB/s     19s[K[?25h[?2026l[?2026h[?25l[A[1Gpulling manifest [K
pulling 2049f5674b1e:  95% ▕█████████████████ ▏ 8.5 GB/9.0 GB   24 MB/s     19s[K[?25h[?2026l[?2026h[?25l[A[1Gpulling manifest [K
pulling 2049f5674b1e:  95% ▕█████████████████ ▏ 8.5 GB/9.0 GB   24 MB/s     18s[K[?25h[?2026l[?2026h[?25l[A[1Gpulling manifest [K
pulling 2049f5674b1e:  95% ▕█████████████████ ▏ 8.5 GB/9.0 GB   24 MB/s     18s[K[?25h[?2026l[?2026h[?25l[A[1Gpulling manifest [K
pulling 2049f5674b1e:  95% ▕█████████████████ ▏ 8.5 GB/9.0 GB   22 MB/s     20s[K[?25h[?2026l[?2026h[?25l[A[1Gpulling manifest [K
pulling 2049f5674b1e:  95% ▕█████████████████ ▏ 8.5 GB/9.0 GB   22 MB/s     20s[K[?25h[?2026l[?2026h[?25l[A[1Gpulling manifest [K
pulling 2049f5674b1e:  95% ▕█████████████████ ▏ 8.5 GB/9.0 GB   22 MB/s     19s[K[?25h[?2026l[?2026h[?25l[A[1Gpulling manifest [K
pulling 2049f5674b1e:  95% ▕█████████████████ ▏ 8.5 GB/9.0 GB   22 MB/s     19s[K[?25h[?2026l[?2026h[?25l[A[1Gpulling manifest [K
pulling 2049f5674b1e:  95% ▕█████████████████ ▏ 8.5 GB/9.0 GB   22 MB/s     19s[K[?25h[?2026l[?2026h[?25l[A[1Gpulling manifest [K
pulling 2049f5674b1e:  95% ▕█████████████████ ▏ 8.5 GB/9.0 GB   22 MB/s     19s[K[?25h[?2026l[?2026h[?25l[A[1Gpulling manifest [K
pulling 2049f5674b1e:  95% ▕█████████████████ ▏ 8.5 GB/9.0 GB   22 MB/s     19s[K[?25h[?2026l[?2026h[?25l[A[1Gpulling manifest [K
pulling 2049f5674b1e:  95% ▕█████████████████ ▏ 8.5 GB/9.0 GB   22 MB/s     19s[K[?25h[?2026l[?2026h[?25l[A[1Gpulling manifest [K
pulling 2049f5674b1e:  95% ▕█████████████████ ▏ 8.5 GB/9.0 GB   22 MB/s     19s[K[?25h[?2026l[?2026h[?25l[A[1Gpulling manifest [K
pulling 2049f5674b1e:  95% ▕█████████████████ ▏ 8.5 GB/9.0 GB   22 MB/s     19s[K[?25h[?2026l[?2026h[?25l[A[1Gpulling manifest [K
pulling 2049f5674b1e:  95% ▕█████████████████ ▏ 8.5 GB/9.0 GB   21 MB/s     20s[K[?25h[?2026l[?2026h[?25l[A[1Gpulling manifest [K
pulling 2049f5674b1e:  95% ▕█████████████████ ▏ 8.5 GB/9.0 GB   21 MB/s     20s[K[?25h[?2026l[?2026h[?25l[A[1Gpulling manifest [K
pulling 2049f5674b1e:  95% ▕█████████████████ ▏ 8.6 GB/9.0 GB   21 MB/s     20s[K[?25h[?2026l[?2026h[?25l[A[1Gpulling manifest [K
pulling 2049f5674b1e:  95% ▕█████████████████ ▏ 8.6 GB/9.0 GB   21 MB/s     20s[K[?25h[?2026l[?2026h[?25l[A[1Gpulling manifest [K
pulling 2049f5674b1e:  95% ▕█████████████████ ▏ 8.6 GB/9.0 GB   21 MB/s     20s[K[?25h[?2026l[?2026h[?25l[A[1Gpulling manifest [K
pulling 2049f5674b1e:  95% ▕█████████████████ ▏ 8.6 GB/9.0 GB   21 MB/s     20s[K[?25h[?2026l[?2026h[?25l[A[1Gpulling manifest [K
pulling 2049f5674b1e:  95% ▕█████████████████ ▏ 8.6 GB/9.0 GB   21 MB/s     20s[K[?25h[?2026l[?2026h[?25l[A[1Gpulling manifest [K
pulling 2049f5674b1e:  95% ▕█████████████████ ▏ 8.6 GB/9.0 GB   21 MB/s     20s[K[?25h[?2026l[?2026h[?25l[A[1Gpulling manifest [K
pulling 2049f5674b1e:  95% ▕█████████████████ ▏ 8.6 GB/9.0 GB   21 MB/s     20s[K[?25h[?2026l[?2026h[?25l[A[1Gpulling manifest [K
pulling 2049f5674b1e:  95% ▕█████████████████ ▏ 8.6 GB/9.0 GB   21 MB/s     19s[K[?25h[?2026l[?2026h[?25l[A[1Gpulling manifest [K
pulling 2049f5674b1e:  95% ▕█████████████████ ▏ 8.6 GB/9.0 GB   21 MB/s     19s[K[?25h[?2026l[?2026h[?25l[A[1Gpulling manifest [K
pulling 2049f5674b1e:  95% ▕█████████████████ ▏ 8.6 GB/9.0 GB   21 MB/s     19s[K[?25h[?2026l[?2026h[?25l[A[1Gpulling manifest [K
pulling 2049f5674b1e:  95% ▕█████████████████ ▏ 8.6 GB/9.0 GB   21 MB/s     19s[K[?25h[?2026l[?2026h[?25l[A[1Gpulling manifest [K
pulling 2049f5674b1e:  95% ▕█████████████████ ▏ 8.6 GB/9.0 GB   21 MB/s     19s[K[?25h[?2026l[?2026h[?25l[A[1Gpulling manifest [K
pulling 2049f5674b1e:  95% ▕█████████████████ ▏ 8.6 GB/9.0 GB   21 MB/s     19s[K[?25h[?2026l[?2026h[?25l[A[1Gpulling manifest [K
pulling 2049f5674b1e:  95% ▕█████████████████ ▏ 8.6 GB/9.0 GB   21 MB/s     18s[K[?25h[?2026l[?2026h[?25l[A[1Gpulling manifest [K
pulling 2049f5674b1e:  95% ▕█████████████████ ▏ 8.6 GB/9.0 GB   21 MB/s     18s[K[?25h[?2026l[?2026h[?25l[A[1Gpulling manifest [K
pulling 2049f5674b1e:  96% ▕█████████████████ ▏ 8.6 GB/9.0 GB   21 MB/s     18s[K[?25h[?2026l[?2026h[?25l[A[1Gpulling manifest [K
pulling 2049f5674b1e:  96% ▕█████████████████ ▏ 8.6 GB/9.0 GB   21 MB/s     18s[K[?25h[?2026l[?2026h[?25l[A[1Gpulling manifest [K
pulling 2049f5674b1e:  96% ▕█████████████████ ▏ 8.6 GB/9.0 GB   21 MB/s     18s[K[?25h[?2026l[?2026h[?25l[A[1Gpulling manifest [K
pulling 2049f5674b1e:  96% ▕█████████████████ ▏ 8.6 GB/9.0 GB   21 MB/s     18s[K[?25h[?2026l[?2026h[?25l[A[1Gpulling manifest [K
pulling 2049f5674b1e:  96% ▕█████████████████ ▏ 8.6 GB/9.0 GB   21 MB/s     18s[K[?25h[?2026l[?2026h[?25l[A[1Gpulling manifest [K
pulling 2049f5674b1e:  96% ▕█████████████████ ▏ 8.6 GB/9.0 GB   21 MB/s     18s[K[?25h[?2026l[?2026h[?25l[A[1Gpulling manifest [K
pulling 2049f5674b1e:  96% ▕█████████████████ ▏ 8.6 GB/9.0 GB   21 MB/s     18s[K[?25h[?2026l[?2026h[?25l[A[1Gpulling manifest [K
pulling 2049f5674b1e:  96% ▕█████████████████ ▏ 8.6 GB/9.0 GB   21 MB/s     18s[K[?25h[?2026l[?2026h[?25l[A[1Gpulling manifest [K
pulling 2049f5674b1e:  96% ▕█████████████████ ▏ 8.6 GB/9.0 GB   21 MB/s     18s[K[?25h[?2026l[?2026h[?25l[A[1Gpulling manifest [K
pulling 2049f5674b1e:  96% ▕█████████████████ ▏ 8.6 GB/9.0 GB   21 MB/s     18s[K[?25h[?2026l[?2026h[?25l[A[1Gpulling manifest [K
pulling 2049f5674b1e:  96% ▕█████████████████ ▏ 8.6 GB/9.0 GB   21 MB/s     18s[K[?25h[?2026l[?2026h[?25l[A[1Gpulling manifest [K
pulling 2049f5674b1e:  96% ▕█████████████████ ▏ 8.6 GB/9.0 GB   21 MB/s     18s[K[?25h[?2026l[?2026h[?25l[A[1Gpulling manifest [K
pulling 2049f5674b1e:  96% ▕█████████████████ ▏ 8.6 GB/9.0 GB   21 MB/s     17s[K[?25h[?2026l[?2026h[?25l[A[1Gpulling manifest [K
pulling 2049f5674b1e:  96% ▕█████████████████ ▏ 8.6 GB/9.0 GB   21 MB/s     17s[K[?25h[?2026l[?2026h[?25l[A[1Gpulling manifest [K
pulling 2049f5674b1e:  96% ▕█████████████████ ▏ 8.6 GB/9.0 GB   20 MB/s     18s[K[?25h[?2026l[?2026h[?25l[A[1Gpulling manifest [K
pulling 2049f5674b1e:  96% ▕█████████████████ ▏ 8.6 GB/9.0 GB   20 MB/s     18s[K[?25h[?2026l[?2026h[?25l[A[1Gpulling manifest [K
pulling 2049f5674b1e:  96% ▕█████████████████ ▏ 8.6 GB/9.0 GB   20 MB/s     18s[K[?25h[?2026l[?2026h[?25l[A[1Gpulling manifest [K
pulling 2049f5674b1e:  96% ▕█████████████████ ▏ 8.6 GB/9.0 GB   20 MB/s     18s[K[?25h[?2026l[?2026h[?25l[A[1Gpulling manifest [K
pulling 2049f5674b1e:  96% ▕█████████████████ ▏ 8.6 GB/9.0 GB   20 MB/s     18s[K[?25h[?2026l[?2026h[?25l[A[1Gpulling manifest [K
pulling 2049f5674b1e:  96% ▕█████████████████ ▏ 8.6 GB/9.0 GB   20 MB/s     17s[K[?25h[?2026l[?2026h[?25l[A[1Gpulling manifest [K
pulling 2049f5674b1e:  96% ▕█████████████████ ▏ 8.6 GB/9.0 GB   20 MB/s     17s[K[?25h[?2026l[?2026h[?25l[A[1Gpulling manifest [K
pulling 2049f5674b1e:  96% ▕█████████████████ ▏ 8.6 GB/9.0 GB   20 MB/s     17s[K[?25h[?2026l[?2026h[?25l[A[1Gpulling manifest [K
pulling 2049f5674b1e:  96% ▕█████████████████ ▏ 8.6 GB/9.0 GB   20 MB/s     17s[K[?25h[?2026l[?2026h[?25l[A[1Gpulling manifest [K
pulling 2049f5674b1e:  96% ▕█████████████████ ▏ 8.6 GB/9.0 GB   20 MB/s     17s[K[?25h[?2026l[?2026h[?25l[A[1Gpulling manifest [K
pulling 2049f5674b1e:  96% ▕█████████████████ ▏ 8.6 GB/9.0 GB   22 MB/s     15s[K[?25h[?2026l[?2026h[?25l[A[1Gpulling manifest [K
pulling 2049f5674b1e:  96% ▕█████████████████ ▏ 8.6 GB/9.0 GB   22 MB/s     15s[K[?25h[?2026l[?2026h[?25l[A[1Gpulling manifest [K
pulling 2049f5674b1e:  96% ▕█████████████████ ▏ 8.6 GB/9.0 GB   22 MB/s     15s[K[?25h[?2026l[?2026h[?25l[A[1Gpulling manifest [K
pulling 2049f5674b1e:  96% ▕█████████████████ ▏ 8.6 GB/9.0 GB   22 MB/s     15s[K[?25h[?2026l[?2026h[?25l[A[1Gpulling manifest [K
pulling 2049f5674b1e:  96% ▕█████████████████ ▏ 8.6 GB/9.0 GB   22 MB/s     15s[K[?25h[?2026l[?2026h[?25l[A[1Gpulling manifest [K
pulling 2049f5674b1e:  96% ▕█████████████████ ▏ 8.6 GB/9.0 GB   22 MB/s     15s[K[?25h[?2026l[?2026h[?25l[A[1Gpulling manifest [K
pulling 2049f5674b1e:  96% ▕█████████████████ ▏ 8.7 GB/9.0 GB   22 MB/s     15s[K[?25h[?2026l[?2026h[?25l[A[1Gpulling manifest [K
pulling 2049f5674b1e:  96% ▕█████████████████ ▏ 8.7 GB/9.0 GB   22 MB/s     14s[K[?25h[?2026l[?2026h[?25l[A[1Gpulling manifest [K
pulling 2049f5674b1e:  96% ▕█████████████████ ▏ 8.7 GB/9.0 GB   22 MB/s     14s[K[?25h[?2026l[?2026h[?25l[A[1Gpulling manifest [K
pulling 2049f5674b1e:  96% ▕█████████████████ ▏ 8.7 GB/9.0 GB   22 MB/s     14s[K[?25h[?2026l[?2026h[?25l[A[1Gpulling manifest [K
pulling 2049f5674b1e:  97% ▕█████████████████ ▏ 8.7 GB/9.0 GB   23 MB/s     13s[K[?25h[?2026l[?2026h[?25l[A[1Gpulling manifest [K
pulling 2049f5674b1e:  97% ▕█████████████████ ▏ 8.7 GB/9.0 GB   23 MB/s     13s[K[?25h[?2026l[?2026h[?25l[A[1Gpulling manifest [K
pulling 2049f5674b1e:  97% ▕█████████████████ ▏ 8.7 GB/9.0 GB   23 MB/s     13s[K[?25h[?2026l[?2026h[?25l[A[1Gpulling manifest [K
pulling 2049f5674b1e:  97% ▕█████████████████ ▏ 8.7 GB/9.0 GB   23 MB/s     12s[K[?25h[?2026l[?2026h[?25l[A[1Gpulling manifest [K
pulling 2049f5674b1e:  97% ▕█████████████████ ▏ 8.7 GB/9.0 GB   23 MB/s     12s[K[?25h[?2026l[?2026h[?25l[A[1Gpulling manifest [K
pulling 2049f5674b1e:  97% ▕█████████████████ ▏ 8.7 GB/9.0 GB   23 MB/s     12s[K[?25h[?2026l[?2026h[?25l[A[1Gpulling manifest [K
pulling 2049f5674b1e:  97% ▕█████████████████ ▏ 8.7 GB/9.0 GB   23 MB/s     12s[K[?25h[?2026l[?2026h[?25l[A[1Gpulling manifest [K
pulling 2049f5674b1e:  97% ▕█████████████████ ▏ 8.7 GB/9.0 GB   23 MB/s     12s[K[?25h[?2026l[?2026h[?25l[A[1Gpulling manifest [K
pulling 2049f5674b1e:  97% ▕█████████████████ ▏ 8.7 GB/9.0 GB   23 MB/s     12s[K[?25h[?2026l[?2026h[?25l[A[1Gpulling manifest [K
pulling 2049f5674b1e:  97% ▕█████████████████ ▏ 8.7 GB/9.0 GB   23 MB/s     12s[K[?25h[?2026l[?2026h[?25l[A[1Gpulling manifest [K
pulling 2049f5674b1e:  97% ▕█████████████████ ▏ 8.7 GB/9.0 GB   23 MB/s     12s[K[?25h[?2026l[?2026h[?25l[A[1Gpulling manifest [K
pulling 2049f5674b1e:  97% ▕█████████████████ ▏ 8.7 GB/9.0 GB   22 MB/s     12s[K[?25h[?2026l[?2026h[?25l[A[1Gpulling manifest [K
pulling 2049f5674b1e:  97% ▕█████████████████ ▏ 8.7 GB/9.0 GB   22 MB/s     12s[K[?25h[?2026l[?2026h[?25l[A[1Gpulling manifest [K
pulling 2049f5674b1e:  97% ▕█████████████████ ▏ 8.7 GB/9.0 GB   22 MB/s     12s[K[?25h[?2026l[?2026h[?25l[A[1Gpulling manifest [K
pulling 2049f5674b1e:  97% ▕█████████████████ ▏ 8.7 GB/9.0 GB   22 MB/s     12s[K[?25h[?2026l[?2026h[?25l[A[1Gpulling manifest [K
pulling 2049f5674b1e:  97% ▕█████████████████ ▏ 8.7 GB/9.0 GB   22 MB/s     12s[K[?25h[?2026l[?2026h[?25l[A[1Gpulling manifest [K
pulling 2049f5674b1e:  97% ▕█████████████████ ▏ 8.7 GB/9.0 GB   22 MB/s     12s[K[?25h[?2026l[?2026h[?25l[A[1Gpulling manifest [K
pulling 2049f5674b1e:  97% ▕█████████████████ ▏ 8.7 GB/9.0 GB   22 MB/s     12s[K[?25h[?2026l[?2026h[?25l[A[1Gpulling manifest [K
pulling 2049f5674b1e:  97% ▕█████████████████ ▏ 8.7 GB/9.0 GB   22 MB/s     11s[K[?25h[?2026l[?2026h[?25l[A[1Gpulling manifest [K
pulling 2049f5674b1e:  97% ▕█████████████████ ▏ 8.7 GB/9.0 GB   22 MB/s     11s[K[?25h[?2026l[?2026h[?25l[A[1Gpulling manifest [K
pulling 2049f5674b1e:  97% ▕█████████████████ ▏ 8.7 GB/9.0 GB   22 MB/s     11s[K[?25h[?2026l[?2026h[?25l[A[1Gpulling manifest [K
pulling 2049f5674b1e:  97% ▕█████████████████ ▏ 8.7 GB/9.0 GB   23 MB/s     11s[K[?25h[?2026l[?2026h[?25l[A[1Gpulling manifest [K
pulling 2049f5674b1e:  97% ▕█████████████████ ▏ 8.7 GB/9.0 GB   23 MB/s     11s[K[?25h[?2026l[?2026h[?25l[A[1Gpulling manifest [K
pulling 2049f5674b1e:  97% ▕█████████████████ ▏ 8.7 GB/9.0 GB   23 MB/s     11s[K[?25h[?2026l[?2026h[?25l[A[1Gpulling manifest [K
pulling 2049f5674b1e:  97% ▕█████████████████ ▏ 8.7 GB/9.0 GB   23 MB/s     11s[K[?25h[?2026l[?2026h[?25l[A[1Gpulling manifest [K
pulling 2049f5674b1e:  97% ▕█████████████████ ▏ 8.7 GB/9.0 GB   23 MB/s     11s[K[?25h[?2026l[?2026h[?25l[A[1Gpulling manifest [K
pulling 2049f5674b1e:  97% ▕█████████████████ ▏ 8.7 GB/9.0 GB   23 MB/s     11s[K[?25h[?2026l[?2026h[?25l[A[1Gpulling manifest [K
pulling 2049f5674b1e:  97% ▕█████████████████ ▏ 8.7 GB/9.0 GB   23 MB/s     10s[K[?25h[?2026l[?2026h[?25l[A[1Gpulling manifest [K
pulling 2049f5674b1e:  97% ▕█████████████████ ▏ 8.7 GB/9.0 GB   23 MB/s     10s[K[?25h[?2026l[?2026h[?25l[A[1Gpulling manifest [K
pulling 2049f5674b1e:  97% ▕█████████████████ ▏ 8.7 GB/9.0 GB   23 MB/s     10s[K[?25h[?2026l[?2026h[?25l[A[1Gpulling manifest [K
pulling 2049f5674b1e:  97% ▕█████████████████ ▏ 8.7 GB/9.0 GB   23 MB/s     10s[K[?25h[?2026l[?2026h[?25l[A[1Gpulling manifest [K
pulling 2049f5674b1e:  97% ▕█████████████████ ▏ 8.7 GB/9.0 GB   24 MB/s     10s[K[?25h[?2026l[?2026h[?25l[A[1Gpulling manifest [K
pulling 2049f5674b1e:  97% ▕█████████████████ ▏ 8.7 GB/9.0 GB   24 MB/s      9s[K[?25h[?2026l[?2026h[?25l[A[1Gpulling manifest [K
pulling 2049f5674b1e:  97% ▕█████████████████ ▏ 8.8 GB/9.0 GB   24 MB/s      9s[K[?25h[?2026l[?2026h[?25l[A[1Gpulling manifest [K
pulling 2049f5674b1e:  97% ▕█████████████████ ▏ 8.8 GB/9.0 GB   24 MB/s      9s[K[?25h[?2026l[?2026h[?25l[A[1Gpulling manifest [K
pulling 2049f5674b1e:  97% ▕█████████████████ ▏ 8.8 GB/9.0 GB   24 MB/s      9s[K[?25h[?2026l[?2026h[?25l[A[1Gpulling manifest [K
pulling 2049f5674b1e:  97% ▕█████████████████ ▏ 8.8 GB/9.0 GB   24 MB/s      9s[K[?25h[?2026l[?2026h[?25l[A[1Gpulling manifest [K
pulling 2049f5674b1e:  97% ▕█████████████████ ▏ 8.8 GB/9.0 GB   24 MB/s      9s[K[?25h[?2026l[?2026h[?25l[A[1Gpulling manifest [K
pulling 2049f5674b1e:  97% ▕█████████████████ ▏ 8.8 GB/9.0 GB   24 MB/s      9s[K[?25h[?2026l[?2026h[?25l[A[1Gpulling manifest [K
pulling 2049f5674b1e:  98% ▕█████████████████ ▏ 8.8 GB/9.0 GB   24 MB/s      9s[K[?25h[?2026l[?2026h[?25l[A[1Gpulling manifest [K
pulling 2049f5674b1e:  98% ▕█████████████████ ▏ 8.8 GB/9.0 GB   24 MB/s      9s[K[?25h[?2026l[?2026h[?25l[A[1Gpulling manifest [K
pulling 2049f5674b1e:  98% ▕█████████████████ ▏ 8.8 GB/9.0 GB   26 MB/s      7s[K[?25h[?2026l[?2026h[?25l[A[1Gpulling manifest [K
pulling 2049f5674b1e:  98% ▕█████████████████ ▏ 8.8 GB/9.0 GB   26 MB/s      7s[K[?25h[?2026l[?2026h[?25l[A[1Gpulling manifest [K
pulling 2049f5674b1e:  98% ▕█████████████████ ▏ 8.8 GB/9.0 GB   26 MB/s      7s[K[?25h[?2026l[?2026h[?25l[A[1Gpulling manifest [K
pulling 2049f5674b1e:  98% ▕█████████████████ ▏ 8.8 GB/9.0 GB   26 MB/s      7s[K[?25h[?2026l[?2026h[?25l[A[1Gpulling manifest [K
pulling 2049f5674b1e:  98% ▕█████████████████ ▏ 8.8 GB/9.0 GB   26 MB/s      7s[K[?25h[?2026l[?2026h[?25l[A[1Gpulling manifest [K
pulling 2049f5674b1e:  98% ▕█████████████████ ▏ 8.8 GB/9.0 GB   26 MB/s      7s[K[?25h[?2026l[?2026h[?25l[A[1Gpulling manifest [K
pulling 2049f5674b1e:  98% ▕█████████████████ ▏ 8.8 GB/9.0 GB   26 MB/s      7s[K[?25h[?2026l[?2026h[?25l[A[1Gpulling manifest [K
pulling 2049f5674b1e:  98% ▕█████████████████ ▏ 8.8 GB/9.0 GB   26 MB/s      7s[K[?25h[?2026l[?2026h[?25l[A[1Gpulling manifest [K
pulling 2049f5674b1e:  98% ▕█████████████████ ▏ 8.8 GB/9.0 GB   26 MB/s      7s[K[?25h[?2026l[?2026h[?25l[A[1Gpulling manifest [K
pulling 2049f5674b1e:  98% ▕█████████████████ ▏ 8.8 GB/9.0 GB   26 MB/s      7s[K[?25h[?2026l[?2026h[?25l[A[1Gpulling manifest [K
pulling 2049f5674b1e:  98% ▕█████████████████ ▏ 8.8 GB/9.0 GB   24 MB/s      7s[K[?25h[?2026l[?2026h[?25l[A[1Gpulling manifest [K
pulling 2049f5674b1e:  98% ▕█████████████████ ▏ 8.8 GB/9.0 GB   24 MB/s      7s[K[?25h[?2026l[?2026h[?25l[A[1Gpulling manifest [K
pulling 2049f5674b1e:  98% ▕█████████████████ ▏ 8.8 GB/9.0 GB   24 MB/s      7s[K[?25h[?2026l[?2026h[?25l[A[1Gpulling manifest [K
pulling 2049f5674b1e:  98% ▕█████████████████ ▏ 8.8 GB/9.0 GB   24 MB/s      7s[K[?25h[?2026l[?2026h[?25l[A[1Gpulling manifest [K
pulling 2049f5674b1e:  98% ▕█████████████████ ▏ 8.8 GB/9.0 GB   24 MB/s      7s[K[?25h[?2026l[?2026h[?25l[A[1Gpulling manifest [K
pulling 2049f5674b1e:  98% ▕█████████████████ ▏ 8.8 GB/9.0 GB   24 MB/s      7s[K[?25h[?2026l[?2026h[?25l[A[1Gpulling manifest [K
pulling 2049f5674b1e:  98% ▕█████████████████ ▏ 8.8 GB/9.0 GB   24 MB/s      7s[K[?25h[?2026l[?2026h[?25l[A[1Gpulling manifest [K
pulling 2049f5674b1e:  98% ▕█████████████████ ▏ 8.8 GB/9.0 GB   24 MB/s      7s[K[?25h[?2026l[?2026h[?25l[A[1Gpulling manifest [K
pulling 2049f5674b1e:  98% ▕█████████████████ ▏ 8.8 GB/9.0 GB   24 MB/s      7s[K[?25h[?2026l[?2026h[?25l[A[1Gpulling manifest [K
pulling 2049f5674b1e:  98% ▕█████████████████ ▏ 8.8 GB/9.0 GB   24 MB/s      7s[K[?25h[?2026l[?2026h[?25l[A[1Gpulling manifest [K
pulling 2049f5674b1e:  98% ▕█████████████████ ▏ 8.8 GB/9.0 GB   24 MB/s      7s[K[?25h[?2026l[?2026h[?25l[A[1Gpulling manifest [K
pulling 2049f5674b1e:  98% ▕█████████████████ ▏ 8.8 GB/9.0 GB   24 MB/s      7s[K[?25h[?2026l[?2026h[?25l[A[1Gpulling manifest [K
pulling 2049f5674b1e:  98% ▕█████████████████ ▏ 8.8 GB/9.0 GB   24 MB/s      7s[K[?25h[?2026l[?2026h[?25l[A[1Gpulling manifest [K
pulling 2049f5674b1e:  98% ▕█████████████████ ▏ 8.8 GB/9.0 GB   24 MB/s      7s[K[?25h[?2026l[?2026h[?25l[A[1Gpulling manifest [K
pulling 2049f5674b1e:  98% ▕█████████████████ ▏ 8.8 GB/9.0 GB   24 MB/s      6s[K[?25h[?2026l[?2026h[?25l[A[1Gpulling manifest [K
pulling 2049f5674b1e:  98% ▕█████████████████ ▏ 8.8 GB/9.0 GB   24 MB/s      6s[K[?25h[?2026l[?2026h[?25l[A[1Gpulling manifest [K
pulling 2049f5674b1e:  98% ▕█████████████████ ▏ 8.8 GB/9.0 GB   24 MB/s      6s[K[?25h[?2026l[?2026h[?25l[A[1Gpulling manifest [K
pulling 2049f5674b1e:  98% ▕█████████████████ ▏ 8.8 GB/9.0 GB   24 MB/s      6s[K[?25h[?2026l[?2026h[?25l[A[1Gpulling manifest [K
pulling 2049f5674b1e:  98% ▕█████████████████ ▏ 8.8 GB/9.0 GB   24 MB/s      5s[K[?25h[?2026l[?2026h[?25l[A[1Gpulling manifest [K
pulling 2049f5674b1e:  98% ▕█████████████████ ▏ 8.8 GB/9.0 GB   24 MB/s      5s[K[?25h[?2026l[?2026h[?25l[A[1Gpulling manifest [K
pulling 2049f5674b1e:  98% ▕█████████████████ ▏ 8.8 GB/9.0 GB   24 MB/s      5s[K[?25h[?2026l[?2026h[?25l[A[1Gpulling manifest [K
pulling 2049f5674b1e:  98% ▕█████████████████ ▏ 8.8 GB/9.0 GB   25 MB/s      5s[K[?25h[?2026l[?2026h[?25l[A[1Gpulling manifest [K
pulling 2049f5674b1e:  98% ▕█████████████████ ▏ 8.8 GB/9.0 GB   25 MB/s      5s[K[?25h[?2026l[?2026h[?25l[A[1Gpulling manifest [K
pulling 2049f5674b1e:  99% ▕█████████████████ ▏ 8.9 GB/9.0 GB   25 MB/s      5s[K[?25h[?2026l[?2026h[?25l[A[1Gpulling manifest [K
pulling 2049f5674b1e:  99% ▕█████████████████ ▏ 8.9 GB/9.0 GB   25 MB/s      5s[K[?25h[?2026l[?2026h[?25l[A[1Gpulling manifest [K
pulling 2049f5674b1e:  99% ▕█████████████████ ▏ 8.9 GB/9.0 GB   25 MB/s      5s[K[?25h[?2026l[?2026h[?25l[A[1Gpulling manifest [K
pulling 2049f5674b1e:  99% ▕█████████████████ ▏ 8.9 GB/9.0 GB   25 MB/s      4s[K[?25h[?2026l[?2026h[?25l[A[1Gpulling manifest [K
pulling 2049f5674b1e:  99% ▕█████████████████ ▏ 8.9 GB/9.0 GB   25 MB/s      4s[K[?25h[?2026l[?2026h[?25l[A[1Gpulling manifest [K
pulling 2049f5674b1e:  99% ▕█████████████████ ▏ 8.9 GB/9.0 GB   25 MB/s      4s[K[?25h[?2026l[?2026h[?25l[A[1Gpulling manifest [K
pulling 2049f5674b1e:  99% ▕█████████████████ ▏ 8.9 GB/9.0 GB   25 MB/s      4s[K[?25h[?2026l[?2026h[?25l[A[1Gpulling manifest [K
pulling 2049f5674b1e:  99% ▕█████████████████ ▏ 8.9 GB/9.0 GB   25 MB/s      4s[K[?25h[?2026l[?2026h[?25l[A[1Gpulling manifest [K
pulling 2049f5674b1e:  99% ▕█████████████████ ▏ 8.9 GB/9.0 GB   24 MB/s      4s[K[?25h[?2026l[?2026h[?25l[A[1Gpulling manifest [K
pulling 2049f5674b1e:  99% ▕█████████████████ ▏ 8.9 GB/9.0 GB   24 MB/s      4s[K[?25h[?2026l[?2026h[?25l[A[1Gpulling manifest [K
pulling 2049f5674b1e:  99% ▕█████████████████ ▏ 8.9 GB/9.0 GB   24 MB/s      4s[K[?25h[?2026l[?2026h[?25l[A[1Gpulling manifest [K
pulling 2049f5674b1e:  99% ▕█████████████████ ▏ 8.9 GB/9.0 GB   24 MB/s      4s[K[?25h[?2026l[?2026h[?25l[A[1Gpulling manifest [K
pulling 2049f5674b1e:  99% ▕█████████████████ ▏ 8.9 GB/9.0 GB   24 MB/s      4s[K[?25h[?2026l[?2026h[?25l[A[1Gpulling manifest [K
pulling 2049f5674b1e:  99% ▕█████████████████ ▏ 8.9 GB/9.0 GB   24 MB/s      3s[K[?25h[?2026l[?2026h[?25l[A[1Gpulling manifest [K
pulling 2049f5674b1e:  99% ▕█████████████████ ▏ 8.9 GB/9.0 GB   24 MB/s      3s[K[?25h[?2026l[?2026h[?25l[A[1Gpulling manifest [K
pulling 2049f5674b1e:  99% ▕█████████████████ ▏ 8.9 GB/9.0 GB   24 MB/s      3s[K[?25h[?2026l[?2026h[?25l[A[1Gpulling manifest [K
pulling 2049f5674b1e:  99% ▕█████████████████ ▏ 8.9 GB/9.0 GB   24 MB/s      3s[K[?25h[?2026l[?2026h[?25l[A[1Gpulling manifest [K
pulling 2049f5674b1e:  99% ▕█████████████████ ▏ 8.9 GB/9.0 GB   24 MB/s      3s[K[?25h[?2026l[?2026h[?25l[A[1Gpulling manifest [K
pulling 2049f5674b1e:  99% ▕█████████████████ ▏ 8.9 GB/9.0 GB   24 MB/s      3s[K[?25h[?2026l[?2026h[?25l[A[1Gpulling manifest [K
pulling 2049f5674b1e:  99% ▕█████████████████ ▏ 8.9 GB/9.0 GB   24 MB/s      3s[K[?25h[?2026l[?2026h[?25l[A[1Gpulling manifest [K
pulling 2049f5674b1e:  99% ▕█████████████████ ▏ 8.9 GB/9.0 GB   24 MB/s      3s[K[?25h[?2026l[?2026h[?25l[A[1Gpulling manifest [K
pulling 2049f5674b1e:  99% ▕█████████████████ ▏ 8.9 GB/9.0 GB   24 MB/s      3s[K[?25h[?2026l[?2026h[?25l[A[1Gpulling manifest [K
pulling 2049f5674b1e:  99% ▕█████████████████ ▏ 8.9 GB/9.0 GB   24 MB/s      3s[K[?25h[?2026l[?2026h[?25l[A[1Gpulling manifest [K
pulling 2049f5674b1e:  99% ▕█████████████████ ▏ 8.9 GB/9.0 GB   24 MB/s      3s[K[?25h[?2026l[?2026h[?25l[A[1Gpulling manifest [K
pulling 2049f5674b1e:  99% ▕█████████████████ ▏ 8.9 GB/9.0 GB   24 MB/s      3s[K[?25h[?2026l[?2026h[?25l[A[1Gpulling manifest [K
pulling 2049f5674b1e:  99% ▕█████████████████ ▏ 8.9 GB/9.0 GB   24 MB/s      3s[K[?25h[?2026l[?2026h[?25l[A[1Gpulling manifest [K
pulling 2049f5674b1e:  99% ▕█████████████████ ▏ 8.9 GB/9.0 GB   24 MB/s      3s[K[?25h[?2026l[?2026h[?25l[A[1Gpulling manifest [K
pulling 2049f5674b1e:  99% ▕█████████████████ ▏ 8.9 GB/9.0 GB   24 MB/s      3s[K[?25h[?2026l[?2026h[?25l[A[1Gpulling manifest [K
pulling 2049f5674b1e:  99% ▕█████████████████ ▏ 8.9 GB/9.0 GB   23 MB/s      3s[K[?25h[?2026l[?2026h[?25l[A[1Gpulling manifest [K
pulling 2049f5674b1e:  99% ▕█████████████████ ▏ 8.9 GB/9.0 GB   23 MB/s      2s[K[?25h[?2026l[?2026h[?25l[A[1Gpulling manifest [K
pulling 2049f5674b1e:  99% ▕█████████████████ ▏ 8.9 GB/9.0 GB   23 MB/s      2s[K[?25h[?2026l[?2026h[?25l[A[1Gpulling manifest [K
pulling 2049f5674b1e:  99% ▕█████████████████ ▏ 8.9 GB/9.0 GB   23 MB/s      2s[K[?25h[?2026l[?2026h[?25l[A[1Gpulling manifest [K
pulling 2049f5674b1e:  99% ▕█████████████████ ▏ 8.9 GB/9.0 GB   23 MB/s      2s[K[?25h[?2026l[?2026h[?25l[A[1Gpulling manifest [K
pulling 2049f5674b1e:  99% ▕█████████████████ ▏ 8.9 GB/9.0 GB   23 MB/s      2s[K[?25h[?2026l[?2026h[?25l[A[1Gpulling manifest [K
pulling 2049f5674b1e:  99% ▕█████████████████ ▏ 8.9 GB/9.0 GB   23 MB/s      2s[K[?25h[?2026l[?2026h[?25l[A[1Gpulling manifest [K
pulling 2049f5674b1e:  99% ▕█████████████████ ▏ 8.9 GB/9.0 GB   23 MB/s      2s[K[?25h[?2026l[?2026h[?25l[A[1Gpulling manifest [K
pulling 2049f5674b1e:  99% ▕█████████████████ ▏ 8.9 GB/9.0 GB   23 MB/s      2s[K[?25h[?2026l[?2026h[?25l[A[1Gpulling manifest [K
pulling 2049f5674b1e: 100% ▕█████████████████ ▏ 8.9 GB/9.0 GB   23 MB/s      1s[K[?25h[?2026l[?2026h[?25l[A[1Gpulling manifest [K
pulling 2049f5674b1e: 100% ▕█████████████████ ▏ 9.0 GB/9.0 GB   23 MB/s      1s[K[?25h[?2026l[?2026h[?25l[A[1Gpulling manifest [K
pulling 2049f5674b1e: 100% ▕█████████████████ ▏ 9.0 GB/9.0 GB   25 MB/s      1s[K[?25h[?2026l[?2026h[?25l[A[1Gpulling manifest [K
pulling 2049f5674b1e: 100% ▕█████████████████ ▏ 9.0 GB/9.0 GB   25 MB/s      1s[K[?25h[?2026l[?2026h[?25l[A[1Gpulling manifest [K
pulling 2049f5674b1e: 100% ▕█████████████████ ▏ 9.0 GB/9.0 GB   25 MB/s      1s[K[?25h[?2026l[?2026h[?25l[A[1Gpulling manifest [K
pulling 2049f5674b1e: 100% ▕█████████████████ ▏ 9.0 GB/9.0 GB   25 MB/s      1s[K[?25h[?2026l[?2026h[?25l[A[1Gpulling manifest [K
pulling 2049f5674b1e: 100% ▕█████████████████ ▏ 9.0 GB/9.0 GB   25 MB/s      1s[K[?25h[?2026l[?2026h[?25l[A[1Gpulling manifest [K
pulling 2049f5674b1e: 100% ▕█████████████████ ▏ 9.0 GB/9.0 GB   25 MB/s      1s[K[?25h[?2026l[?2026h[?25l[A[1Gpulling manifest [K
pulling 2049f5674b1e: 100% ▕█████████████████ ▏ 9.0 GB/9.0 GB   25 MB/s      1s[K[?25h[?2026l[?2026h[?25l[A[1Gpulling manifest [K
pulling 2049f5674b1e: 100% ▕█████████████████ ▏ 9.0 GB/9.0 GB   25 MB/s      1s[K[?25h[?2026l[?2026h[?25l[A[1Gpulling manifest [K
pulling 2049f5674b1e: 100% ▕█████████████████ ▏ 9.0 GB/9.0 GB   25 MB/s      1s[K[?25h[?2026l[?2026h[?25l[A[1Gpulling manifest [K
pulling 2049f5674b1e: 100% ▕█████████████████ ▏ 9.0 GB/9.0 GB   25 MB/s      1s[K[?25h[?2026l[?2026h[?25l[A[1Gpulling manifest [K
pulling 2049f5674b1e: 100% ▕█████████████████ ▏ 9.0 GB/9.0 GB   23 MB/s      1s[K[?25h[?2026l[?2026h[?25l[A[1Gpulling manifest [K
pulling 2049f5674b1e: 100% ▕█████████████████ ▏ 9.0 GB/9.0 GB   23 MB/s      1s[K[?25h[?2026l[?2026h[?25l[A[1Gpulling manifest [K
pulling 2049f5674b1e: 100% ▕█████████████████ ▏ 9.0 GB/9.0 GB   23 MB/s      1s[K[?25h[?2026l[?2026h[?25l[A[1Gpulling manifest [K
pulling 2049f5674b1e: 100% ▕█████████████████ ▏ 9.0 GB/9.0 GB   23 MB/s      1s[K[?25h[?2026l[?2026h[?25l[A[1Gpulling manifest [K
pulling 2049f5674b1e: 100% ▕█████████████████ ▏ 9.0 GB/9.0 GB   23 MB/s      1s[K[?25h[?2026l[?2026h[?25l[A[1Gpulling manifest [K
pulling 2049f5674b1e: 100% ▕█████████████████ ▏ 9.0 GB/9.0 GB   23 MB/s      1s[K[?25h[?2026l[?2026h[?25l[A[1Gpulling manifest [K
pulling 2049f5674b1e: 100% ▕█████████████████ ▏ 9.0 GB/9.0 GB   23 MB/s      1s[K[?25h[?2026l[?2026h[?25l[A[1Gpulling manifest [K
pulling 2049f5674b1e: 100% ▕█████████████████ ▏ 9.0 GB/9.0 GB   23 MB/s      1s[K[?25h[?2026l[?2026h[?25l[A[1Gpulling manifest [K
pulling 2049f5674b1e: 100% ▕█████████████████ ▏ 9.0 GB/9.0 GB   23 MB/s      1s[K[?25h[?2026l[?2026h[?25l[A[1Gpulling manifest [K
pulling 2049f5674b1e: 100% ▕█████████████████ ▏ 9.0 GB/9.0 GB   23 MB/s      1s[K[?25h[?2026l[?2026h[?25l[A[1Gpulling manifest [K
pulling 2049f5674b1e: 100% ▕█████████████████ ▏ 9.0 GB/9.0 GB   19 MB/s      1s[K[?25h[?2026l[?2026h[?25l[A[1Gpulling manifest [K
pulling 2049f5674b1e: 100% ▕█████████████████ ▏ 9.0 GB/9.0 GB   19 MB/s      1s[K[?25h[?2026l[?2026h[?25l[A[1Gpulling manifest [K
pulling 2049f5674b1e: 100% ▕█████████████████ ▏ 9.0 GB/9.0 GB   19 MB/s      0s[K[?25h[?2026l[?2026h[?25l[A[1Gpulling manifest [K
pulling 2049f5674b1e: 100% ▕█████████████████ ▏ 9.0 GB/9.0 GB   19 MB/s      0s[K[?25h[?2026l[?2026h[?25l[A[1Gpulling manifest [K
pulling 2049f5674b1e: 100% ▕█████████████████ ▏ 9.0 GB/9.0 GB   19 MB/s      0s[K[?25h[?2026l[?2026h[?25l[A[1Gpulling manifest [K
pulling 2049f5674b1e: 100% ▕█████████████████ ▏ 9.0 GB/9.0 GB   19 MB/s      0s[K[?25h[?2026l[?2026h[?25l[A[1Gpulling manifest [K
pulling 2049f5674b1e: 100% ▕█████████████████ ▏ 9.0 GB/9.0 GB   19 MB/s      0s[K[?25h[?2026l[?2026h[?25l[A[1Gpulling manifest [K
pulling 2049f5674b1e: 100% ▕██████████████████▏ 9.0 GB                         [K[?25h[?2026l[?2026h[?25l[A[1Gpulling manifest [K
pulling 2049f5674b1e: 100% ▕██████████████████▏ 9.0 GB                         [K[?25h[?2026l[?2026h[?25l[A[1Gpulling manifest [K
pulling 2049f5674b1e: 100% ▕██████████████████▏ 9.0 GB                         [K[?25h[?2026l[?2026h[?25l[A[1Gpulling manifest [K
pulling 2049f5674b1e: 100% ▕██████████████████▏ 9.0 GB                         [K[?25h[?2026l[?2026h[?25l[A[1Gpulling manifest [K
pulling 2049f5674b1e: 100% ▕██████████████████▏ 9.0 GB                         [K[?25h[?2026l[?2026h[?25l[A[1Gpulling manifest [K
pulling 2049f5674b1e: 100% ▕██████████████████▏ 9.0 GB                         [K[?25h[?2026l[?2026h[?25l[A[1Gpulling manifest [K
pulling 2049f5674b1e: 100% ▕██████████████████▏ 9.0 GB                         [K[?25h[?2026l[?2026h[?25l[A[1Gpulling manifest [K
pulling 2049f5674b1e: 100% ▕██████████████████▏ 9.0 GB                         [K[?25h[?2026l[?2026h[?25l[A[1Gpulling manifest [K
pulling 2049f5674b1e: 100% ▕██████████████████▏ 9.0 GB                         [K[?25h[?2026l[?2026h[?25l[A[1Gpulling manifest [K
pulling 2049f5674b1e: 100% ▕██████████████████▏ 9.0 GB                         [K[?25h[?2026l[?2026h[?25l[A[1Gpulling manifest [K
pulling 2049f5674b1e: 100% ▕██████████████████▏ 9.0 GB                         [K[?25h[?2026l[?2026h[?25l[A[1Gpulling manifest [K
pulling 2049f5674b1e: 100% ▕██████████████████▏ 9.0 GB                         [K[?25h[?2026l[?2026h[?25l[A[1Gpulling manifest [K
pulling 2049f5674b1e: 100% ▕██████████████████▏ 9.0 GB                         [K[?25h[?2026l[?2026h[?25l[A[1Gpulling manifest [K
pulling 2049f5674b1e: 100% ▕██████████████████▏ 9.0 GB                         [K[?25h[?2026l[?2026h[?25l[A[1Gpulling manifest [K
pulling 2049f5674b1e: 100% ▕██████████████████▏ 9.0 GB                         [K[?25h[?2026l[?2026h[?25l[A[1Gpulling manifest [K
pulling 2049f5674b1e: 100% ▕██████████████████▏ 9.0 GB                         [K[?25h[?2026l[?2026h[?25l[A[1Gpulling manifest [K
pulling 2049f5674b1e: 100% ▕██████████████████▏ 9.0 GB                         [K[?25h[?2026l[?2026h[?25l[A[1Gpulling manifest [K
pulling 2049f5674b1e: 100% ▕██████████████████▏ 9.0 GB                         [K[?25h[?2026l[?2026h[?25l[A[1Gpulling manifest [K
pulling 2049f5674b1e: 100% ▕██████████████████▏ 9.0 GB                         [K[?25h[?2026l[?2026h[?25l[A[1Gpulling manifest [K
pulling 2049f5674b1e: 100% ▕██████████████████▏ 9.0 GB                         [K[?25h[?2026l[?2026h[?25l[A[1Gpulling manifest [K
pulling 2049f5674b1e: 100% ▕██████████████████▏ 9.0 GB                         [K[?25h[?2026l[?2026h[?25l[A[1Gpulling manifest [K
pulling 2049f5674b1e: 100% ▕██████████████████▏ 9.0 GB                         [K[?25h[?2026l[?2026h[?25l[A[1Gpulling manifest [K
pulling 2049f5674b1e: 100% ▕██████████████████▏ 9.0 GB                         [K[?25h[?2026l[?2026h[?25l[A[1Gpulling manifest [K
pulling 2049f5674b1e: 100% ▕██████████████████▏ 9.0 GB                         [K[?25h[?2026l[?2026h[?25l[A[1Gpulling manifest [K
pulling 2049f5674b1e: 100% ▕██████████████████▏ 9.0 GB                         [K[?25h[?2026l[?2026h[?25l[A[1Gpulling manifest [K
pulling 2049f5674b1e: 100% ▕██████████████████▏ 9.0 GB                         [K[?25h[?2026l[?2026h[?25l[A[1Gpulling manifest [K
pulling 2049f5674b1e: 100% ▕██████████████████▏ 9.0 GB                         [K
pulling 66b9ea09bd5b: 100% ▕██████████████████▏   68 B                         [K[?25h[?2026l[?2026h[?25l[A[A[1Gpulling manifest [K
pulling 2049f5674b1e: 100% ▕██████████████████▏ 9.0 GB                         [K
pulling 66b9ea09bd5b: 100% ▕██████████████████▏   68 B                         [K[?25h[?2026l[?2026h[?25l[A[A[1Gpulling manifest [K
pulling 2049f5674b1e: 100% ▕██████████████████▏ 9.0 GB                         [K
pulling 66b9ea09bd5b: 100% ▕██████████████████▏   68 B                         [K[?25h[?2026l[?2026h[?25l[A[A[1Gpulling manifest [K
pulling 2049f5674b1e: 100% ▕██████████████████▏ 9.0 GB                         [K
pulling 66b9ea09bd5b: 100% ▕██████████████████▏   68 B                         [K[?25h[?2026l[?2026h[?25l[A[A[1Gpulling manifest [K
pulling 2049f5674b1e: 100% ▕██████████████████▏ 9.0 GB                         [K
pulling 66b9ea09bd5b: 100% ▕██████████████████▏   68 B                         [K[?25h[?2026l[?2026h[?25l[A[A[1Gpulling manifest [K
pulling 2049f5674b1e: 100% ▕██████████████████▏ 9.0 GB                         [K
pulling 66b9ea09bd5b: 100% ▕██████████████████▏   68 B                         [K[?25h[?2026l[?2026h[?25l[A[A[1Gpulling manifest [K
pulling 2049f5674b1e: 100% ▕██████████████████▏ 9.0 GB                         [K
pulling 66b9ea09bd5b: 100% ▕██████████████████▏   68 B                         [K[?25h[?2026l[?2026h[?25l[A[A[1Gpulling manifest [K
pulling 2049f5674b1e: 100% ▕██████████████████▏ 9.0 GB                         [K
pulling 66b9ea09bd5b: 100% ▕██████████████████▏   68 B                         [K[?25h[?2026l[?2026h[?25l[A[A[1Gpulling manifest [K
pulling 2049f5674b1e: 100% ▕██████████████████▏ 9.0 GB                         [K
pulling 66b9ea09bd5b: 100% ▕██████████████████▏   68 B                         [K[?25h[?2026l[?2026h[?25l[A[A[1Gpulling manifest [K
pulling 2049f5674b1e: 100% ▕██████████████████▏ 9.0 GB                         [K
pulling 66b9ea09bd5b: 100% ▕██████████████████▏   68 B                         [K[?25h[?2026l[?2026h[?25l[A[A[1Gpulling manifest [K
pulling 2049f5674b1e: 100% ▕██████████████████▏ 9.0 GB                         [K
pulling 66b9ea09bd5b: 100% ▕██████████████████▏   68 B                         [K[?25h[?2026l[?2026h[?25l[A[A[1Gpulling manifest [K
pulling 2049f5674b1e: 100% ▕██████████████████▏ 9.0 GB                         [K
pulling 66b9ea09bd5b: 100% ▕██████████████████▏   68 B                         [K[?25h[?2026l[?2026h[?25l[A[A[1Gpulling manifest [K
pulling 2049f5674b1e: 100% ▕██████████████████▏ 9.0 GB                         [K
pulling 66b9ea09bd5b: 100% ▕██████████████████▏   68 B                         [K[?25h[?2026l[?2026h[?25l[A[A[1Gpulling manifest [K
pulling 2049f5674b1e: 100% ▕██████████████████▏ 9.0 GB                         [K
pulling 66b9ea09bd5b: 100% ▕██████████████████▏   68 B                         [K[?25h[?2026l[?2026h[?25l[A[A[1Gpulling manifest [K
pulling 2049f5674b1e: 100% ▕██████████████████▏ 9.0 GB                         [K
pulling 66b9ea09bd5b: 100% ▕██████████████████▏   68 B                         [K[?25h[?2026l[?2026h[?25l[A[A[1Gpulling manifest [K
pulling 2049f5674b1e: 100% ▕██████████████████▏ 9.0 GB                         [K
pulling 66b9ea09bd5b: 100% ▕██████████████████▏   68 B                         [K[?25h[?2026l[?2026h[?25l[A[A[1Gpulling manifest [K
pulling 2049f5674b1e: 100% ▕██████████████████▏ 9.0 GB                         [K
pulling 66b9ea09bd5b: 100% ▕██████████████████▏   68 B                         [K[?25h[?2026l[?2026h[?25l[A[A[1Gpulling manifest [K
pulling 2049f5674b1e: 100% ▕██████████████████▏ 9.0 GB                         [K
pulling 66b9ea09bd5b: 100% ▕██████████████████▏   68 B                         [K
pulling eb4402837c78: 100% ▕██████████████████▏ 1.5 KB                         [K[?25h[?2026l[?2026h[?25l[A[A[A[1Gpulling manifest [K
pulling 2049f5674b1e: 100% ▕██████████████████▏ 9.0 GB                         [K
pulling 66b9ea09bd5b: 100% ▕██████████████████▏   68 B                         [K
pulling eb4402837c78: 100% ▕██████████████████▏ 1.5 KB                         [K[?25h[?2026l[?2026h[?25l[A[A[A[1Gpulling manifest [K
pulling 2049f5674b1e: 100% ▕██████████████████▏ 9.0 GB                         [K
pulling 66b9ea09bd5b: 100% ▕██████████████████▏   68 B                         [K
pulling eb4402837c78: 100% ▕██████████████████▏ 1.5 KB                         [K[?25h[?2026l[?2026h[?25l[A[A[A[1Gpulling manifest [K
pulling 2049f5674b1e: 100% ▕██████████████████▏ 9.0 GB                         [K
pulling 66b9ea09bd5b: 100% ▕██████████████████▏   68 B                         [K
pulling eb4402837c78: 100% ▕██████████████████▏ 1.5 KB                         [K[?25h[?2026l[?2026h[?25l[A[A[A[1Gpulling manifest [K
pulling 2049f5674b1e: 100% ▕██████████████████▏ 9.0 GB                         [K
pulling 66b9ea09bd5b: 100% ▕██████████████████▏   68 B                         [K
pulling eb4402837c78: 100% ▕██████████████████▏ 1.5 KB                         [K[?25h[?2026l[?2026h[?25l[A[A[A[1Gpulling manifest [K
pulling 2049f5674b1e: 100% ▕██████████████████▏ 9.0 GB                         [K
pulling 66b9ea09bd5b: 100% ▕██████████████████▏   68 B                         [K
pulling eb4402837c78: 100% ▕██████████████████▏ 1.5 KB                         [K[?25h[?2026l[?2026h[?25l[A[A[A[1Gpulling manifest [K
pulling 2049f5674b1e: 100% ▕██████████████████▏ 9.0 GB                         [K
pulling 66b9ea09bd5b: 100% ▕██████████████████▏   68 B                         [K
pulling eb4402837c78: 100% ▕██████████████████▏ 1.5 KB                         [K[?25h[?2026l[?2026h[?25l[A[A[A[1Gpulling manifest [K
pulling 2049f5674b1e: 100% ▕██████████████████▏ 9.0 GB                         [K
pulling 66b9ea09bd5b: 100% ▕██████████████████▏   68 B                         [K
pulling eb4402837c78: 100% ▕██████████████████▏ 1.5 KB                         [K[?25h[?2026l[?2026h[?25l[A[A[A[1Gpulling manifest [K
pulling 2049f5674b1e: 100% ▕██████████████████▏ 9.0 GB                         [K
pulling 66b9ea09bd5b: 100% ▕██████████████████▏   68 B                         [K
pulling eb4402837c78: 100% ▕██████████████████▏ 1.5 KB                         [K[?25h[?2026l[?2026h[?25l[A[A[A[1Gpulling manifest [K
pulling 2049f5674b1e: 100% ▕██████████████████▏ 9.0 GB                         [K
pulling 66b9ea09bd5b: 100% ▕██████████████████▏   68 B                         [K
pulling eb4402837c78: 100% ▕██████████████████▏ 1.5 KB                         [K[?25h[?2026l[?2026h[?25l[A[A[A[1Gpulling manifest [K
pulling 2049f5674b1e: 100% ▕██████████████████▏ 9.0 GB                         [K
pulling 66b9ea09bd5b: 100% ▕██████████████████▏   68 B                         [K
pulling eb4402837c78: 100% ▕██████████████████▏ 1.5 KB                         [K[?25h[?2026l[?2026h[?25l[A[A[A[1Gpulling manifest [K
pulling 2049f5674b1e: 100% ▕██████████████████▏ 9.0 GB                         [K
pulling 66b9ea09bd5b: 100% ▕██████████████████▏   68 B                         [K
pulling eb4402837c78: 100% ▕██████████████████▏ 1.5 KB                         [K[?25h[?2026l[?2026h[?25l[A[A[A[1Gpulling manifest [K
pulling 2049f5674b1e: 100% ▕██████████████████▏ 9.0 GB                         [K
pulling 66b9ea09bd5b: 100% ▕██████████████████▏   68 B                         [K
pulling eb4402837c78: 100% ▕██████████████████▏ 1.5 KB                         [K[?25h[?2026l[?2026h[?25l[A[A[A[1Gpulling manifest [K
pulling 2049f5674b1e: 100% ▕██████████████████▏ 9.0 GB                         [K
pulling 66b9ea09bd5b: 100% ▕██████████████████▏   68 B                         [K
pulling eb4402837c78: 100% ▕██████████████████▏ 1.5 KB                         [K[?25h[?2026l[?2026h[?25l[A[A[A[1Gpulling manifest [K
pulling 2049f5674b1e: 100% ▕██████████████████▏ 9.0 GB                         [K
pulling 66b9ea09bd5b: 100% ▕██████████████████▏   68 B                         [K
pulling eb4402837c78: 100% ▕██████████████████▏ 1.5 KB                         [K[?25h[?2026l[?2026h[?25l[A[A[A[1Gpulling manifest [K
pulling 2049f5674b1e: 100% ▕██████████████████▏ 9.0 GB                         [K
pulling 66b9ea09bd5b: 100% ▕██████████████████▏   68 B                         [K
pulling eb4402837c78: 100% ▕██████████████████▏ 1.5 KB                         [K[?25h[?2026l[?2026h[?25l[A[A[A[1Gpulling manifest [K
pulling 2049f5674b1e: 100% ▕██████████████████▏ 9.0 GB                         [K
pulling 66b9ea09bd5b: 100% ▕██████████████████▏   68 B                         [K
pulling eb4402837c78: 100% ▕██████████████████▏ 1.5 KB                         [K[?25h[?2026l[?2026h[?25l[A[A[A[1Gpulling manifest [K
pulling 2049f5674b1e: 100% ▕██████████████████▏ 9.0 GB                         [K
pulling 66b9ea09bd5b: 100% ▕██████████████████▏   68 B                         [K
pulling eb4402837c78: 100% ▕██████████████████▏ 1.5 KB                         [K[?25h[?2026l[?2026h[?25l[A[A[A[1Gpulling manifest [K
pulling 2049f5674b1e: 100% ▕██████████████████▏ 9.0 GB                         [K
pulling 66b9ea09bd5b: 100% ▕██████████████████▏   68 B                         [K
pulling eb4402837c78: 100% ▕██████████████████▏ 1.5 KB                         [K
pulling 832dd9e00a68: 100% ▕██████████████████▏  11 KB                         [K[?25h[?2026l[?2026h[?25l[A[A[A[A[1Gpulling manifest [K
pulling 2049f5674b1e: 100% ▕██████████████████▏ 9.0 GB                         [K
pulling 66b9ea09bd5b: 100% ▕██████████████████▏   68 B                         [K
pulling eb4402837c78: 100% ▕██████████████████▏ 1.5 KB                         [K
pulling 832dd9e00a68: 100% ▕██████████████████▏  11 KB                         [K[?25h[?2026l[?2026h[?25l[A[A[A[A[1Gpulling manifest [K
pulling 2049f5674b1e: 100% ▕██████████████████▏ 9.0 GB                         [K
pulling 66b9ea09bd5b: 100% ▕██████████████████▏   68 B                         [K
pulling eb4402837c78: 100% ▕██████████████████▏ 1.5 KB                         [K
pulling 832dd9e00a68: 100% ▕██████████████████▏  11 KB                         [K[?25h[?2026l[?2026h[?25l[A[A[A[A[1Gpulling manifest [K
pulling 2049f5674b1e: 100% ▕██████████████████▏ 9.0 GB                         [K
pulling 66b9ea09bd5b: 100% ▕██████████████████▏   68 B                         [K
pulling eb4402837c78: 100% ▕██████████████████▏ 1.5 KB                         [K
pulling 832dd9e00a68: 100% ▕██████████████████▏  11 KB                         [K[?25h[?2026l[?2026h[?25l[A[A[A[A[1Gpulling manifest [K
pulling 2049f5674b1e: 100% ▕██████████████████▏ 9.0 GB                         [K
pulling 66b9ea09bd5b: 100% ▕██████████████████▏   68 B                         [K
pulling eb4402837c78: 100% ▕██████████████████▏ 1.5 KB                         [K
pulling 832dd9e00a68: 100% ▕██████████████████▏  11 KB                         [K[?25h[?2026l[?2026h[?25l[A[A[A[A[1Gpulling manifest [K
pulling 2049f5674b1e: 100% ▕██████████████████▏ 9.0 GB                         [K
pulling 66b9ea09bd5b: 100% ▕██████████████████▏   68 B                         [K
pulling eb4402837c78: 100% ▕██████████████████▏ 1.5 KB                         [K
pulling 832dd9e00a68: 100% ▕██████████████████▏  11 KB                         [K[?25h[?2026l[?2026h[?25l[A[A[A[A[1Gpulling manifest [K
pulling 2049f5674b1e: 100% ▕██████████████████▏ 9.0 GB                         [K
pulling 66b9ea09bd5b: 100% ▕██████████████████▏   68 B                         [K
pulling eb4402837c78: 100% ▕██████████████████▏ 1.5 KB                         [K
pulling 832dd9e00a68: 100% ▕██████████████████▏  11 KB                         [K[?25h[?2026l[?2026h[?25l[A[A[A[A[1Gpulling manifest [K
pulling 2049f5674b1e: 100% ▕██████████████████▏ 9.0 GB                         [K
pulling 66b9ea09bd5b: 100% ▕██████████████████▏   68 B                         [K
pulling eb4402837c78: 100% ▕██████████████████▏ 1.5 KB                         [K
pulling 832dd9e00a68: 100% ▕██████████████████▏  11 KB                         [K[?25h[?2026l[?2026h[?25l[A[A[A[A[1Gpulling manifest [K
pulling 2049f5674b1e: 100% ▕██████████████████▏ 9.0 GB                         [K
pulling 66b9ea09bd5b: 100% ▕██████████████████▏   68 B                         [K
pulling eb4402837c78: 100% ▕██████████████████▏ 1.5 KB                         [K
pulling 832dd9e00a68: 100% ▕██████████████████▏  11 KB                         [K[?25h[?2026l[?2026h[?25l[A[A[A[A[1Gpulling manifest [K
pulling 2049f5674b1e: 100% ▕██████████████████▏ 9.0 GB                         [K
pulling 66b9ea09bd5b: 100% ▕██████████████████▏   68 B                         [K
pulling eb4402837c78: 100% ▕██████████████████▏ 1.5 KB                         [K
pulling 832dd9e00a68: 100% ▕██████████████████▏  11 KB                         [K[?25h[?2026l[?2026h[?25l[A[A[A[A[1Gpulling manifest [K
pulling 2049f5674b1e: 100% ▕██████████████████▏ 9.0 GB                         [K
pulling 66b9ea09bd5b: 100% ▕██████████████████▏   68 B                         [K
pulling eb4402837c78: 100% ▕██████████████████▏ 1.5 KB                         [K
pulling 832dd9e00a68: 100% ▕██████████████████▏  11 KB                         [K[?25h[?2026l[?2026h[?25l[A[A[A[A[1Gpulling manifest [K
pulling 2049f5674b1e: 100% ▕██████████████████▏ 9.0 GB                         [K
pulling 66b9ea09bd5b: 100% ▕██████████████████▏   68 B                         [K
pulling eb4402837c78: 100% ▕██████████████████▏ 1.5 KB                         [K
pulling 832dd9e00a68: 100% ▕██████████████████▏  11 KB                         [K[?25h[?2026l[?2026h[?25l[A[A[A[A[1Gpulling manifest [K
pulling 2049f5674b1e: 100% ▕██████████████████▏ 9.0 GB                         [K
pulling 66b9ea09bd5b: 100% ▕██████████████████▏   68 B                         [K
pulling eb4402837c78: 100% ▕██████████████████▏ 1.5 KB                         [K
pulling 832dd9e00a68: 100% ▕██████████████████▏  11 KB                         [K[?25h[?2026l[?2026h[?25l[A[A[A[A[1Gpulling manifest [K
pulling 2049f5674b1e: 100% ▕██████████████████▏ 9.0 GB                         [K
pulling 66b9ea09bd5b: 100% ▕██████████████████▏   68 B                         [K
pulling eb4402837c78: 100% ▕██████████████████▏ 1.5 KB                         [K
pulling 832dd9e00a68: 100% ▕██████████████████▏  11 KB                         [K[?25h[?2026l[?2026h[?25l[A[A[A[A[1Gpulling manifest [K
pulling 2049f5674b1e: 100% ▕██████████████████▏ 9.0 GB                         [K
pulling 66b9ea09bd5b: 100% ▕██████████████████▏   68 B                         [K
pulling eb4402837c78: 100% ▕██████████████████▏ 1.5 KB                         [K
pulling 832dd9e00a68: 100% ▕██████████████████▏  11 KB                         [K[?25h[?2026l[?2026h[?25l[A[A[A[A[1Gpulling manifest [K
pulling 2049f5674b1e: 100% ▕██████████████████▏ 9.0 GB                         [K
pulling 66b9ea09bd5b: 100% ▕██████████████████▏   68 B                         [K
pulling eb4402837c78: 100% ▕██████████████████▏ 1.5 KB                         [K
pulling 832dd9e00a68: 100% ▕██████████████████▏  11 KB                         [K[?25h[?2026l[?2026h[?25l[A[A[A[A[1Gpulling manifest [K
pulling 2049f5674b1e: 100% ▕██████████████████▏ 9.0 GB                         [K
pulling 66b9ea09bd5b: 100% ▕██████████████████▏   68 B                         [K
pulling eb4402837c78: 100% ▕██████████████████▏ 1.5 KB                         [K
pulling 832dd9e00a68: 100% ▕██████████████████▏  11 KB                         [K[?25h[?2026l[?2026h[?25l[A[A[A[A[1Gpulling manifest [K
pulling 2049f5674b1e: 100% ▕██████████████████▏ 9.0 GB                         [K
pulling 66b9ea09bd5b: 100% ▕██████████████████▏   68 B                         [K
pulling eb4402837c78: 100% ▕██████████████████▏ 1.5 KB                         [K
pulling 832dd9e00a68: 100% ▕██████████████████▏  11 KB                         [K
pulling db59b814cab7: 100% ▕██████████████████▏  488 B                         [K[?25h[?2026l[?2026h[?25l[A[A[A[A[A[1Gpulling manifest [K
pulling 2049f5674b1e: 100% ▕██████████████████▏ 9.0 GB                         [K
pulling 66b9ea09bd5b: 100% ▕██████████████████▏   68 B                         [K
pulling eb4402837c78: 100% ▕██████████████████▏ 1.5 KB                         [K
pulling 832dd9e00a68: 100% ▕██████████████████▏  11 KB                         [K
pulling db59b814cab7: 100% ▕██████████████████▏  488 B                         [K[?25h[?2026l[?2026h[?25l[A[A[A[A[A[1Gpulling manifest [K
pulling 2049f5674b1e: 100% ▕██████████████████▏ 9.0 GB                         [K
pulling 66b9ea09bd5b: 100% ▕██████████████████▏   68 B                         [K
pulling eb4402837c78: 100% ▕██████████████████▏ 1.5 KB                         [K
pulling 832dd9e00a68: 100% ▕██████████████████▏  11 KB                         [K
pulling db59b814cab7: 100% ▕██████████████████▏  488 B                         [K[?25h[?2026l[?2026h[?25l[A[A[A[A[A[1Gpulling manifest [K
pulling 2049f5674b1e: 100% ▕██████████████████▏ 9.0 GB                         [K
pulling 66b9ea09bd5b: 100% ▕██████████████████▏   68 B                         [K
pulling eb4402837c78: 100% ▕██████████████████▏ 1.5 KB                         [K
pulling 832dd9e00a68: 100% ▕██████████████████▏  11 KB                         [K
pulling db59b814cab7: 100% ▕██████████████████▏  488 B                         [K[?25h[?2026l[?2026h[?25l[A[A[A[A[A[1Gpulling manifest [K
pulling 2049f5674b1e: 100% ▕██████████████████▏ 9.0 GB                         [K
pulling 66b9ea09bd5b: 100% ▕██████████████████▏   68 B                         [K
pulling eb4402837c78: 100% ▕██████████████████▏ 1.5 KB                         [K
pulling 832dd9e00a68: 100% ▕██████████████████▏  11 KB                         [K
pulling db59b814cab7: 100% ▕██████████████████▏  488 B                         [K[?25h[?2026l[?2026h[?25l[A[A[A[A[A[1Gpulling manifest [K
pulling 2049f5674b1e: 100% ▕██████████████████▏ 9.0 GB                         [K
pulling 66b9ea09bd5b: 100% ▕██████████████████▏   68 B                         [K
pulling eb4402837c78: 100% ▕██████████████████▏ 1.5 KB                         [K
pulling 832dd9e00a68: 100% ▕██████████████████▏  11 KB                         [K
pulling db59b814cab7: 100% ▕██████████████████▏  488 B                         [K[?25h[?2026l[?2026h[?25l[A[A[A[A[A[1Gpulling manifest [K
pulling 2049f5674b1e: 100% ▕██████████████████▏ 9.0 GB                         [K
pulling 66b9ea09bd5b: 100% ▕██████████████████▏   68 B                         [K
pulling eb4402837c78: 100% ▕██████████████████▏ 1.5 KB                         [K
pulling 832dd9e00a68: 100% ▕██████████████████▏  11 KB                         [K
pulling db59b814cab7: 100% ▕██████████████████▏  488 B                         [K
verifying sha256 digest ⠋ [K[?25h[?2026l[?2026h[?25l[A[A[A[A[A[A[1Gpulling manifest [K
pulling 2049f5674b1e: 100% ▕██████████████████▏ 9.0 GB                         [K
pulling 66b9ea09bd5b: 100% ▕██████████████████▏   68 B                         [K
pulling eb4402837c78: 100% ▕██████████████████▏ 1.5 KB                         [K
pulling 832dd9e00a68: 100% ▕██████████████████▏  11 KB                         [K
pulling db59b814cab7: 100% ▕██████████████████▏  488 B                         [K
verifying sha256 digest ⠙ [K[?25h[?2026l[?2026h[?25l[A[A[A[A[A[A[1Gpulling manifest [K
pulling 2049f5674b1e: 100% ▕██████████████████▏ 9.0 GB                         [K
pulling 66b9ea09bd5b: 100% ▕██████████████████▏   68 B                         [K
pulling eb4402837c78: 100% ▕██████████████████▏ 1.5 KB                         [K
pulling 832dd9e00a68: 100% ▕██████████████████▏  11 KB                         [K
pulling db59b814cab7: 100% ▕██████████████████▏  488 B                         [K
verifying sha256 digest ⠹ [K[?25h[?2026l[?2026h[?25l[A[A[A[A[A[A[1Gpulling manifest [K
pulling 2049f5674b1e: 100% ▕██████████████████▏ 9.0 GB                         [K
pulling 66b9ea09bd5b: 100% ▕██████████████████▏   68 B                         [K
pulling eb4402837c78: 100% ▕██████████████████▏ 1.5 KB                         [K
pulling 832dd9e00a68: 100% ▕██████████████████▏  11 KB                         [K
pulling db59b814cab7: 100% ▕██████████████████▏  488 B                         [K
verifying sha256 digest ⠸ [K[?25h[?2026l[?2026h[?25l[A[A[A[A[A[A[1Gpulling manifest [K
pulling 2049f5674b1e: 100% ▕██████████████████▏ 9.0 GB                         [K
pulling 66b9ea09bd5b: 100% ▕██████████████████▏   68 B                         [K
pulling eb4402837c78: 100% ▕██████████████████▏ 1.5 KB                         [K
pulling 832dd9e00a68: 100% ▕██████████████████▏  11 KB                         [K
pulling db59b814cab7: 100% ▕██████████████████▏  488 B                         [K
verifying sha256 digest ⠼ [K[?25h[?2026l[?2026h[?25l[A[A[A[A[A[A[1Gpulling manifest [K
pulling 2049f5674b1e: 100% ▕██████████████████▏ 9.0 GB                         [K
pulling 66b9ea09bd5b: 100% ▕██████████████████▏   68 B                         [K
pulling eb4402837c78: 100% ▕██████████████████▏ 1.5 KB                         [K
pulling 832dd9e00a68: 100% ▕██████████████████▏  11 KB                         [K
pulling db59b814cab7: 100% ▕██████████████████▏  488 B                         [K
verifying sha256 digest ⠴ [K[?25h[?2026l[?2026h[?25l[A[A[A[A[A[A[1Gpulling manifest [K
pulling 2049f5674b1e: 100% ▕██████████████████▏ 9.0 GB                         [K
pulling 66b9ea09bd5b: 100% ▕██████████████████▏   68 B                         [K
pulling eb4402837c78: 100% ▕██████████████████▏ 1.5 KB                         [K
pulling 832dd9e00a68: 100% ▕██████████████████▏  11 KB                         [K
pulling db59b814cab7: 100% ▕██████████████████▏  488 B                         [K
verifying sha256 digest ⠦ [K[?25h[?2026l[?2026h[?25l[A[A[A[A[A[A[1Gpulling manifest [K
pulling 2049f5674b1e: 100% ▕██████████████████▏ 9.0 GB                         [K
pulling 66b9ea09bd5b: 100% ▕██████████████████▏   68 B                         [K
pulling eb4402837c78: 100% ▕██████████████████▏ 1.5 KB                         [K
pulling 832dd9e00a68: 100% ▕██████████████████▏  11 KB                         [K
pulling db59b814cab7: 100% ▕██████████████████▏  488 B                         [K
verifying sha256 digest ⠧ [K[?25h[?2026l[?2026h[?25l[A[A[A[A[A[A[1Gpulling manifest [K
pulling 2049f5674b1e: 100% ▕██████████████████▏ 9.0 GB                         [K
pulling 66b9ea09bd5b: 100% ▕██████████████████▏   68 B                         [K
pulling eb4402837c78: 100% ▕██████████████████▏ 1.5 KB                         [K
pulling 832dd9e00a68: 100% ▕██████████████████▏  11 KB                         [K
pulling db59b814cab7: 100% ▕██████████████████▏  488 B                         [K
verifying sha256 digest ⠇ [K[?25h[?2026l[?2026h[?25l[A[A[A[A[A[A[1Gpulling manifest [K
pulling 2049f5674b1e: 100% ▕██████████████████▏ 9.0 GB                         [K
pulling 66b9ea09bd5b: 100% ▕██████████████████▏   68 B                         [K
pulling eb4402837c78: 100% ▕██████████████████▏ 1.5 KB                         [K
pulling 832dd9e00a68: 100% ▕██████████████████▏  11 KB                         [K
pulling db59b814cab7: 100% ▕██████████████████▏  488 B                         [K
verifying sha256 digest ⠏ [K[?25h[?2026l[?2026h[?25l[A[A[A[A[A[A[1Gpulling manifest [K
pulling 2049f5674b1e: 100% ▕██████████████████▏ 9.0 GB                         [K
pulling 66b9ea09bd5b: 100% ▕██████████████████▏   68 B                         [K
pulling eb4402837c78: 100% ▕██████████████████▏ 1.5 KB                         [K
pulling 832dd9e00a68: 100% ▕██████████████████▏  11 KB                         [K
pulling db59b814cab7: 100% ▕██████████████████▏  488 B                         [K
verifying sha256 digest ⠋ [K[?25h[?2026l[?2026h[?25l[A[A[A[A[A[A[1Gpulling manifest [K
pulling 2049f5674b1e: 100% ▕██████████████████▏ 9.0 GB                         [K
pulling 66b9ea09bd5b: 100% ▕██████████████████▏   68 B                         [K
pulling eb4402837c78: 100% ▕██████████████████▏ 1.5 KB                         [K
pulling 832dd9e00a68: 100% ▕██████████████████▏  11 KB                         [K
pulling db59b814cab7: 100% ▕██████████████████▏  488 B                         [K
verifying sha256 digest ⠙ [K[?25h[?2026l[?2026h[?25l[A[A[A[A[A[A[1Gpulling manifest [K
pulling 2049f5674b1e: 100% ▕██████████████████▏ 9.0 GB                         [K
pulling 66b9ea09bd5b: 100% ▕██████████████████▏   68 B                         [K
pulling eb4402837c78: 100% ▕██████████████████▏ 1.5 KB                         [K
pulling 832dd9e00a68: 100% ▕██████████████████▏  11 KB                         [K
pulling db59b814cab7: 100% ▕██████████████████▏  488 B                         [K
verifying sha256 digest ⠹ [K[?25h[?2026l[?2026h[?25l[A[A[A[A[A[A[1Gpulling manifest [K
pulling 2049f5674b1e: 100% ▕██████████████████▏ 9.0 GB                         [K
pulling 66b9ea09bd5b: 100% ▕██████████████████▏   68 B                         [K
pulling eb4402837c78: 100% ▕██████████████████▏ 1.5 KB                         [K
pulling 832dd9e00a68: 100% ▕██████████████████▏  11 KB                         [K
pulling db59b814cab7: 100% ▕██████████████████▏  488 B                         [K
verifying sha256 digest ⠸ [K[?25h[?2026l[?2026h[?25l[A[A[A[A[A[A[1Gpulling manifest [K
pulling 2049f5674b1e: 100% ▕██████████████████▏ 9.0 GB                         [K
pulling 66b9ea09bd5b: 100% ▕██████████████████▏   68 B                         [K
pulling eb4402837c78: 100% ▕██████████████████▏ 1.5 KB                         [K
pulling 832dd9e00a68: 100% ▕██████████████████▏  11 KB                         [K
pulling db59b814cab7: 100% ▕██████████████████▏  488 B                         [K
verifying sha256 digest ⠼ [K[?25h[?2026l[?2026h[?25l[A[A[A[A[A[A[1Gpulling manifest [K
pulling 2049f5674b1e: 100% ▕██████████████████▏ 9.0 GB                         [K
pulling 66b9ea09bd5b: 100% ▕██████████████████▏   68 B                         [K
pulling eb4402837c78: 100% ▕██████████████████▏ 1.5 KB                         [K
pulling 832dd9e00a68: 100% ▕██████████████████▏  11 KB                         [K
pulling db59b814cab7: 100% ▕██████████████████▏  488 B                         [K
verifying sha256 digest ⠴ [K[?25h[?2026l[?2026h[?25l[A[A[A[A[A[A[1Gpulling manifest [K
pulling 2049f5674b1e: 100% ▕██████████████████▏ 9.0 GB                         [K
pulling 66b9ea09bd5b: 100% ▕██████████████████▏   68 B                         [K
pulling eb4402837c78: 100% ▕██████████████████▏ 1.5 KB                         [K
pulling 832dd9e00a68: 100% ▕██████████████████▏  11 KB                         [K
pulling db59b814cab7: 100% ▕██████████████████▏  488 B                         [K
verifying sha256 digest ⠦ [K[?25h[?2026l[?2026h[?25l[A[A[A[A[A[A[1Gpulling manifest [K
pulling 2049f5674b1e: 100% ▕██████████████████▏ 9.0 GB                         [K
pulling 66b9ea09bd5b: 100% ▕██████████████████▏   68 B                         [K
pulling eb4402837c78: 100% ▕██████████████████▏ 1.5 KB                         [K
pulling 832dd9e00a68: 100% ▕██████████████████▏  11 KB                         [K
pulling db59b814cab7: 100% ▕██████████████████▏  488 B                         [K
verifying sha256 digest ⠧ [K[?25h[?2026l[?2026h[?25l[A[A[A[A[A[A[1Gpulling manifest [K
pulling 2049f5674b1e: 100% ▕██████████████████▏ 9.0 GB                         [K
pulling 66b9ea09bd5b: 100% ▕██████████████████▏   68 B                         [K
pulling eb4402837c78: 100% ▕██████████████████▏ 1.5 KB                         [K
pulling 832dd9e00a68: 100% ▕██████████████████▏  11 KB                         [K
pulling db59b814cab7: 100% ▕██████████████████▏  488 B                         [K
verifying sha256 digest ⠇ [K[?25h[?2026l[?2026h[?25l[A[A[A[A[A[A[1Gpulling manifest [K
pulling 2049f5674b1e: 100% ▕██████████████████▏ 9.0 GB                         [K
pulling 66b9ea09bd5b: 100% ▕██████████████████▏   68 B                         [K
pulling eb4402837c78: 100% ▕██████████████████▏ 1.5 KB                         [K
pulling 832dd9e00a68: 100% ▕██████████████████▏  11 KB                         [K
pulling db59b814cab7: 100% ▕██████████████████▏  488 B                         [K
verifying sha256 digest ⠏ [K[?25h[?2026l[?2026h[?25l[A[A[A[A[A[A[1Gpulling manifest [K
pulling 2049f5674b1e: 100% ▕██████████████████▏ 9.0 GB                         [K
pulling 66b9ea09bd5b: 100% ▕██████████████████▏   68 B                         [K
pulling eb4402837c78: 100% ▕██████████████████▏ 1.5 KB                         [K
pulling 832dd9e00a68: 100% ▕██████████████████▏  11 KB                         [K
pulling db59b814cab7: 100% ▕██████████████████▏  488 B                         [K
verifying sha256 digest ⠋ [K[?25h[?2026l[?2026h[?25l[A[A[A[A[A[A[1Gpulling manifest [K
pulling 2049f5674b1e: 100% ▕██████████████████▏ 9.0 GB                         [K
pulling 66b9ea09bd5b: 100% ▕██████████████████▏   68 B                         [K
pulling eb4402837c78: 100% ▕██████████████████▏ 1.5 KB                         [K
pulling 832dd9e00a68: 100% ▕██████████████████▏  11 KB                         [K
pulling db59b814cab7: 100% ▕██████████████████▏  488 B                         [K
verifying sha256 digest ⠙ [K[?25h[?2026l[?2026h[?25l[A[A[A[A[A[A[1Gpulling manifest [K
pulling 2049f5674b1e: 100% ▕██████████████████▏ 9.0 GB                         [K
pulling 66b9ea09bd5b: 100% ▕██████████████████▏   68 B                         [K
pulling eb4402837c78: 100% ▕██████████████████▏ 1.5 KB                         [K
pulling 832dd9e00a68: 100% ▕██████████████████▏  11 KB                         [K
pulling db59b814cab7: 100% ▕██████████████████▏  488 B                         [K
verifying sha256 digest ⠹ [K[?25h[?2026l[?2026h[?25l[A[A[A[A[A[A[1Gpulling manifest [K
pulling 2049f5674b1e: 100% ▕██████████████████▏ 9.0 GB                         [K
pulling 66b9ea09bd5b: 100% ▕██████████████████▏   68 B                         [K
pulling eb4402837c78: 100% ▕██████████████████▏ 1.5 KB                         [K
pulling 832dd9e00a68: 100% ▕██████████████████▏  11 KB                         [K
pulling db59b814cab7: 100% ▕██████████████████▏  488 B                         [K
verifying sha256 digest ⠸ [K[?25h[?2026l[?2026h[?25l[A[A[A[A[A[A[1Gpulling manifest [K
pulling 2049f5674b1e: 100% ▕██████████████████▏ 9.0 GB                         [K
pulling 66b9ea09bd5b: 100% ▕██████████████████▏   68 B                         [K
pulling eb4402837c78: 100% ▕██████████████████▏ 1.5 KB                         [K
pulling 832dd9e00a68: 100% ▕██████████████████▏  11 KB                         [K
pulling db59b814cab7: 100% ▕██████████████████▏  488 B                         [K
verifying sha256 digest ⠼ [K[?25h[?2026l[?2026h[?25l[A[A[A[A[A[A[1Gpulling manifest [K
pulling 2049f5674b1e: 100% ▕██████████████████▏ 9.0 GB                         [K
pulling 66b9ea09bd5b: 100% ▕██████████████████▏   68 B                         [K
pulling eb4402837c78: 100% ▕██████████████████▏ 1.5 KB                         [K
pulling 832dd9e00a68: 100% ▕██████████████████▏  11 KB                         [K
pulling db59b814cab7: 100% ▕██████████████████▏  488 B                         [K
verifying sha256 digest ⠴ [K[?25h[?2026l[?2026h[?25l[A[A[A[A[A[A[1Gpulling manifest [K
pulling 2049f5674b1e: 100% ▕██████████████████▏ 9.0 GB                         [K
pulling 66b9ea09bd5b: 100% ▕██████████████████▏   68 B                         [K
pulling eb4402837c78: 100% ▕██████████████████▏ 1.5 KB                         [K
pulling 832dd9e00a68: 100% ▕██████████████████▏  11 KB                         [K
pulling db59b814cab7: 100% ▕██████████████████▏  488 B                         [K
verifying sha256 digest ⠦ [K[?25h[?2026l[?2026h[?25l[A[A[A[A[A[A[1Gpulling manifest [K
pulling 2049f5674b1e: 100% ▕██████████████████▏ 9.0 GB                         [K
pulling 66b9ea09bd5b: 100% ▕██████████████████▏   68 B                         [K
pulling eb4402837c78: 100% ▕██████████████████▏ 1.5 KB                         [K
pulling 832dd9e00a68: 100% ▕██████████████████▏  11 KB                         [K
pulling db59b814cab7: 100% ▕██████████████████▏  488 B                         [K
verifying sha256 digest ⠧ [K[?25h[?2026l[?2026h[?25l[A[A[A[A[A[A[1Gpulling manifest [K
pulling 2049f5674b1e: 100% ▕██████████████████▏ 9.0 GB                         [K
pulling 66b9ea09bd5b: 100% ▕██████████████████▏   68 B                         [K
pulling eb4402837c78: 100% ▕██████████████████▏ 1.5 KB                         [K
pulling 832dd9e00a68: 100% ▕██████████████████▏  11 KB                         [K
pulling db59b814cab7: 100% ▕██████████████████▏  488 B                         [K
verifying sha256 digest ⠇ [K[?25h[?2026l[?2026h[?25l[A[A[A[A[A[A[1Gpulling manifest [K
pulling 2049f5674b1e: 100% ▕██████████████████▏ 9.0 GB                         [K
pulling 66b9ea09bd5b: 100% ▕██████████████████▏   68 B                         [K
pulling eb4402837c78: 100% ▕██████████████████▏ 1.5 KB                         [K
pulling 832dd9e00a68: 100% ▕██████████████████▏  11 KB                         [K
pulling db59b814cab7: 100% ▕██████████████████▏  488 B                         [K
verifying sha256 digest ⠏ [K[?25h[?2026l[?2026h[?25l[A[A[A[A[A[A[1Gpulling manifest [K
pulling 2049f5674b1e: 100% ▕██████████████████▏ 9.0 GB                         [K
pulling 66b9ea09bd5b: 100% ▕██████████████████▏   68 B                         [K
pulling eb4402837c78: 100% ▕██████████████████▏ 1.5 KB                         [K
pulling 832dd9e00a68: 100% ▕██████████████████▏  11 KB                         [K
pulling db59b814cab7: 100% ▕██████████████████▏  488 B                         [K
verifying sha256 digest ⠋ [K[?25h[?2026l[?2026h[?25l[A[A[A[A[A[A[1Gpulling manifest [K
pulling 2049f5674b1e: 100% ▕██████████████████▏ 9.0 GB                         [K
pulling 66b9ea09bd5b: 100% ▕██████████████████▏   68 B                         [K
pulling eb4402837c78: 100% ▕██████████████████▏ 1.5 KB                         [K
pulling 832dd9e00a68: 100% ▕██████████████████▏  11 KB                         [K
pulling db59b814cab7: 100% ▕██████████████████▏  488 B                         [K
verifying sha256 digest ⠙ [K[?25h[?2026l[?2026h[?25l[A[A[A[A[A[A[1Gpulling manifest [K
pulling 2049f5674b1e: 100% ▕██████████████████▏ 9.0 GB                         [K
pulling 66b9ea09bd5b: 100% ▕██████████████████▏   68 B                         [K
pulling eb4402837c78: 100% ▕██████████████████▏ 1.5 KB                         [K
pulling 832dd9e00a68: 100% ▕██████████████████▏  11 KB                         [K
pulling db59b814cab7: 100% ▕██████████████████▏  488 B                         [K
verifying sha256 digest ⠹ [K[?25h[?2026l[?2026h[?25l[A[A[A[A[A[A[1Gpulling manifest [K
pulling 2049f5674b1e: 100% ▕██████████████████▏ 9.0 GB                         [K
pulling 66b9ea09bd5b: 100% ▕██████████████████▏   68 B                         [K
pulling eb4402837c78: 100% ▕██████████████████▏ 1.5 KB                         [K
pulling 832dd9e00a68: 100% ▕██████████████████▏  11 KB                         [K
pulling db59b814cab7: 100% ▕██████████████████▏  488 B                         [K
verifying sha256 digest ⠸ [K[?25h[?2026l[?2026h[?25l[A[A[A[A[A[A[1Gpulling manifest [K
pulling 2049f5674b1e: 100% ▕██████████████████▏ 9.0 GB                         [K
pulling 66b9ea09bd5b: 100% ▕██████████████████▏   68 B                         [K
pulling eb4402837c78: 100% ▕██████████████████▏ 1.5 KB                         [K
pulling 832dd9e00a68: 100% ▕██████████████████▏  11 KB                         [K
pulling db59b814cab7: 100% ▕██████████████████▏  488 B                         [K
verifying sha256 digest ⠼ [K[?25h[?2026l[?2026h[?25l[A[A[A[A[A[A[1Gpulling manifest [K
pulling 2049f5674b1e: 100% ▕██████████████████▏ 9.0 GB                         [K
pulling 66b9ea09bd5b: 100% ▕██████████████████▏   68 B                         [K
pulling eb4402837c78: 100% ▕██████████████████▏ 1.5 KB                         [K
pulling 832dd9e00a68: 100% ▕██████████████████▏  11 KB                         [K
pulling db59b814cab7: 100% ▕██████████████████▏  488 B                         [K
verifying sha256 digest ⠴ [K[?25h[?2026l[?2026h[?25l[A[A[A[A[A[A[1Gpulling manifest [K
pulling 2049f5674b1e: 100% ▕██████████████████▏ 9.0 GB                         [K
pulling 66b9ea09bd5b: 100% ▕██████████████████▏   68 B                         [K
pulling eb4402837c78: 100% ▕██████████████████▏ 1.5 KB                         [K
pulling 832dd9e00a68: 100% ▕██████████████████▏  11 KB                         [K
pulling db59b814cab7: 100% ▕██████████████████▏  488 B                         [K
verifying sha256 digest ⠦ [K[?25h[?2026l[?2026h[?25l[A[A[A[A[A[A[1Gpulling manifest [K
pulling 2049f5674b1e: 100% ▕██████████████████▏ 9.0 GB                         [K
pulling 66b9ea09bd5b: 100% ▕██████████████████▏   68 B                         [K
pulling eb4402837c78: 100% ▕██████████████████▏ 1.5 KB                         [K
pulling 832dd9e00a68: 100% ▕██████████████████▏  11 KB                         [K
pulling db59b814cab7: 100% ▕██████████████████▏  488 B                         [K
verifying sha256 digest ⠧ [K[?25h[?2026l[?2026h[?25l[A[A[A[A[A[A[1Gpulling manifest [K
pulling 2049f5674b1e: 100% ▕██████████████████▏ 9.0 GB                         [K
pulling 66b9ea09bd5b: 100% ▕██████████████████▏   68 B                         [K
pulling eb4402837c78: 100% ▕██████████████████▏ 1.5 KB                         [K
pulling 832dd9e00a68: 100% ▕██████████████████▏  11 KB                         [K
pulling db59b814cab7: 100% ▕██████████████████▏  488 B                         [K
verifying sha256 digest ⠇ [K[?25h[?2026l[?2026h[?25l[A[A[A[A[A[A[1Gpulling manifest [K
pulling 2049f5674b1e: 100% ▕██████████████████▏ 9.0 GB                         [K
pulling 66b9ea09bd5b: 100% ▕██████████████████▏   68 B                         [K
pulling eb4402837c78: 100% ▕██████████████████▏ 1.5 KB                         [K
pulling 832dd9e00a68: 100% ▕██████████████████▏  11 KB                         [K
pulling db59b814cab7: 100% ▕██████████████████▏  488 B                         [K
verifying sha256 digest ⠏ [K[?25h[?2026l[?2026h[?25l[A[A[A[A[A[A[1Gpulling manifest [K
pulling 2049f5674b1e: 100% ▕██████████████████▏ 9.0 GB                         [K
pulling 66b9ea09bd5b: 100% ▕██████████████████▏   68 B                         [K
pulling eb4402837c78: 100% ▕██████████████████▏ 1.5 KB                         [K
pulling 832dd9e00a68: 100% ▕██████████████████▏  11 KB                         [K
pulling db59b814cab7: 100% ▕██████████████████▏  488 B                         [K
verifying sha256 digest ⠋ [K[?25h[?2026l[?2026h[?25l[A[A[A[A[A[A[1Gpulling manifest [K
pulling 2049f5674b1e: 100% ▕██████████████████▏ 9.0 GB                         [K
pulling 66b9ea09bd5b: 100% ▕██████████████████▏   68 B                         [K
pulling eb4402837c78: 100% ▕██████████████████▏ 1.5 KB                         [K
pulling 832dd9e00a68: 100% ▕██████████████████▏  11 KB                         [K
pulling db59b814cab7: 100% ▕██████████████████▏  488 B                         [K
verifying sha256 digest [K
writing manifest [K
success [K[?25h[?2026l
